Timestamp,FuelConsumption,ProductionLoad,Temperature,CurrentNox,NextHourNox,RiskLabel
2024-01-01 00:00:00,358.56,44.52,823.85,52.25,78.18,Safe
2024-01-01 01:00:00,375.21,43.45,820.91,58.89,52.77,Safe
2024-01-01 02:00:00,375.02,41.6,821.76,56.59,57.69,Safe
2024-01-01 03:00:00,423.14,54.77,857.21,68.27,76.3,Safe
2024-01-01 04:00:00,344.35,39.21,852.97,39.05,43.55,Safe
2024-01-01 05:00:00,382.12,42.25,840.55,55.27,50.18,Safe
2024-01-01 06:00:00,448.87,57.03,873.45,92.72,82.05,Warning
2024-01-01 07:00:00,469.05,63.98,895.9,86.99,88.52,Warning
2024-01-01 08:00:00,476.69,65.71,926.62,86.29,88.07,Warning
2024-01-01 09:00:00,515.25,80.77,1007.86,115.24,110.94,Critical
2024-01-01 10:00:00,549.1,83.51,1040.99,124.1,127.97,Critical
2024-01-01 11:00:00,552.4,87.59,1012.24,126.15,124.94,Critical
2024-01-01 12:00:00,562.48,88.83,1050.43,137.01,154.24,Critical
2024-01-01 13:00:00,508.08,75.74,945.06,105.14,110.38,Critical
2024-01-01 14:00:00,488.78,72.62,972.7,109.35,110.09,Critical
2024-01-01 15:00:00,494.48,76.63,980.78,105.16,103.36,Critical
2024-01-01 16:00:00,555.33,89.12,1088.21,139.78,150.18,Critical
2024-01-01 17:00:00,555.97,85.54,993.69,128.7,129.44,Critical
2024-01-01 18:00:00,434.46,60.16,930.95,86.5,82.24,Warning
2024-01-01 19:00:00,503.31,72.7,926.02,104.07,94.62,Warning
2024-01-01 20:00:00,495.0,71.17,926.65,113.91,101.51,Critical
2024-01-01 21:00:00,458.65,65.71,891.65,93.0,91.92,Warning
2024-01-01 22:00:00,467.48,62.01,915.56,76.95,76.41,Safe
2024-01-01 23:00:00,445.7,62.67,887.53,81.97,87.84,Warning
2024-01-02 00:00:00,379.41,39.57,768.19,43.14,42.42,Safe
2024-01-02 01:00:00,372.96,41.72,813.06,65.52,68.46,Safe
2024-01-02 02:00:00,408.66,52.22,871.04,75.7,75.34,Safe
2024-01-02 03:00:00,379.61,48.01,840.93,73.07,68.64,Safe
2024-01-02 04:00:00,373.56,43.7,814.93,44.79,49.28,Safe
2024-01-02 05:00:00,416.75,54.9,914.74,80.37,83.28,Warning
2024-01-02 06:00:00,455.9,68.38,945.11,78.62,84.64,Warning
2024-01-02 07:00:00,430.47,58.38,909.63,63.12,70.1,Safe
2024-01-02 08:00:00,457.03,67.07,938.49,84.99,80.67,Warning
2024-01-02 09:00:00,512.12,75.98,955.75,115.48,104.12,Critical
2024-01-02 10:00:00,550.57,83.07,1027.45,110.38,110.45,Critical
2024-01-02 11:00:00,535.06,88.06,1025.87,120.48,118.17,Critical
2024-01-02 12:00:00,600.0,94.77,1071.85,146.38,144.15,Critical
2024-01-02 13:00:00,565.48,91.82,1065.82,136.63,139.2,Critical
2024-01-02 14:00:00,571.51,96.29,1038.74,150.0,135.7,Critical
2024-01-02 15:00:00,556.61,86.5,997.09,120.17,127.05,Critical
2024-01-02 16:00:00,537.11,85.84,1049.21,116.84,112.8,Critical
2024-01-02 17:00:00,498.46,74.9,959.9,92.32,92.57,Warning
2024-01-02 18:00:00,425.26,57.73,875.09,69.66,71.95,Safe
2024-01-02 19:00:00,473.53,71.24,959.86,86.14,101.28,Critical
2024-01-02 20:00:00,511.22,75.27,967.87,89.03,87.31,Warning
2024-01-02 21:00:00,478.43,70.61,962.24,110.87,97.72,Warning
2024-01-02 22:00:00,383.01,50.78,852.78,60.68,81.13,Warning
2024-01-02 23:00:00,405.31,49.4,851.37,82.44,75.94,Safe
2024-01-03 00:00:00,414.08,57.74,873.26,64.45,64.46,Safe
2024-01-03 01:00:00,415.85,58.0,894.26,69.43,78.34,Safe
2024-01-03 02:00:00,445.54,57.21,910.36,70.51,72.05,Safe
2024-01-03 03:00:00,409.17,56.48,869.91,64.18,72.96,Safe
2024-01-03 04:00:00,348.41,45.21,846.19,58.0,52.25,Safe
2024-01-03 05:00:00,396.52,46.95,833.62,62.04,62.29,Safe
2024-01-03 06:00:00,452.31,64.14,936.86,92.01,90.58,Warning
2024-01-03 07:00:00,444.15,61.8,911.83,91.28,89.77,Warning
2024-01-03 08:00:00,437.92,60.58,902.16,87.03,80.37,Warning
2024-01-03 09:00:00,526.12,80.72,1011.29,104.36,106.97,Critical
2024-01-03 10:00:00,528.02,84.64,1049.9,114.11,114.76,Critical
2024-01-03 11:00:00,600.0,100.0,1100.0,143.97,127.55,Critical
2024-01-03 12:00:00,574.97,98.91,1100.0,150.0,148.58,Critical
2024-01-03 13:00:00,514.55,77.08,977.29,112.08,98.54,Warning
2024-01-03 14:00:00,529.71,80.18,1035.46,114.7,116.89,Critical
2024-01-03 15:00:00,530.2,85.21,1040.14,123.85,130.93,Critical
2024-01-03 16:00:00,483.27,74.4,973.71,94.83,103.76,Critical
2024-01-03 17:00:00,527.0,78.19,988.25,111.1,115.03,Critical
2024-01-03 18:00:00,439.29,63.29,937.96,90.43,87.76,Warning
2024-01-03 19:00:00,448.87,64.34,908.36,82.82,66.54,Safe
2024-01-03 20:00:00,494.62,70.55,913.53,88.08,78.15,Safe
2024-01-03 21:00:00,499.09,74.65,974.84,101.21,106.59,Critical
2024-01-03 22:00:00,398.68,55.96,905.98,67.21,65.34,Safe
2024-01-03 23:00:00,457.62,58.29,926.46,69.19,77.98,Safe
2024-01-04 00:00:00,355.14,40.64,800.84,40.64,44.78,Safe
2024-01-04 01:00:00,375.16,45.2,826.96,41.91,38.93,Safe
2024-01-04 02:00:00,380.18,44.15,832.18,43.19,58.1,Safe
2024-01-04 03:00:00,376.95,42.05,804.43,40.11,55.54,Safe
2024-01-04 04:00:00,429.54,50.52,863.96,73.95,77.04,Safe
2024-01-04 05:00:00,339.52,40.69,801.57,55.34,48.64,Safe
2024-01-04 06:00:00,487.2,68.91,966.8,82.76,88.98,Warning
2024-01-04 07:00:00,448.8,59.6,913.91,91.99,85.65,Warning
2024-01-04 08:00:00,446.32,62.06,928.13,72.98,70.34,Safe
2024-01-04 09:00:00,577.38,91.59,1053.43,136.32,151.01,Critical
2024-01-04 10:00:00,600.0,97.61,1100.0,143.04,154.13,Critical
2024-01-04 11:00:00,516.05,83.85,1029.9,120.08,119.37,Critical
2024-01-04 12:00:00,511.42,71.73,964.09,90.86,94.86,Warning
2024-01-04 13:00:00,514.82,84.16,1004.06,99.06,106.42,Critical
2024-01-04 14:00:00,558.35,93.56,1065.66,124.04,134.61,Critical
2024-01-04 15:00:00,503.49,76.79,986.47,108.29,105.28,Critical
2024-01-04 16:00:00,534.87,76.98,967.57,123.33,113.63,Critical
2024-01-04 17:00:00,491.48,73.95,963.32,91.4,100.26,Critical
2024-01-04 18:00:00,448.27,62.18,907.25,80.29,96.95,Warning
2024-01-04 19:00:00,500.13,70.02,951.33,90.62,86.77,Warning
2024-01-04 20:00:00,488.6,73.2,927.22,96.35,95.93,Warning
2024-01-04 21:00:00,432.94,62.36,908.82,64.04,74.71,Safe
2024-01-04 22:00:00,410.56,54.1,862.2,78.97,71.65,Safe
2024-01-04 23:00:00,468.91,62.43,911.69,84.23,76.82,Safe
2024-01-05 00:00:00,401.39,50.1,873.28,70.49,65.94,Safe
2024-01-05 01:00:00,414.67,46.91,879.7,60.56,59.31,Safe
2024-01-05 02:00:00,396.45,46.53,847.57,59.5,74.12,Safe
2024-01-05 03:00:00,394.49,50.88,827.24,69.25,86.37,Warning
2024-01-05 04:00:00,439.84,59.78,891.3,78.13,74.88,Safe
2024-01-05 05:00:00,384.25,49.05,858.36,60.65,53.48,Safe
2024-01-05 06:00:00,425.88,58.81,904.68,69.02,68.72,Safe
2024-01-05 07:00:00,503.87,60.29,923.17,82.83,96.63,Warning
2024-01-05 08:00:00,481.42,66.79,931.81,82.35,76.16,Safe
2024-01-05 09:00:00,600.0,100.0,1092.0,136.62,137.36,Critical
2024-01-05 10:00:00,583.6,98.08,1100.0,149.41,146.25,Critical
2024-01-05 11:00:00,559.33,84.34,1022.99,134.66,126.51,Critical
2024-01-05 12:00:00,591.31,93.98,1047.53,123.71,127.48,Critical
2024-01-05 13:00:00,572.58,86.56,1065.25,129.36,121.41,Critical
2024-01-05 14:00:00,600.0,99.47,1064.44,137.87,131.87,Critical
2024-01-05 15:00:00,492.29,78.25,914.36,111.62,106.35,Critical
2024-01-05 16:00:00,549.82,91.34,1073.63,129.11,129.29,Critical
2024-01-05 17:00:00,557.31,92.84,1084.24,130.79,140.99,Critical
2024-01-05 18:00:00,469.3,70.63,962.26,88.13,89.52,Warning
2024-01-05 19:00:00,476.73,68.05,911.6,77.49,84.97,Warning
2024-01-05 20:00:00,492.78,75.18,974.6,107.6,126.98,Critical
2024-01-05 21:00:00,536.82,76.95,978.63,111.37,122.02,Critical
2024-01-05 22:00:00,458.79,58.03,878.33,80.1,79.81,Safe
2024-01-05 23:00:00,428.35,57.11,916.62,70.15,75.94,Safe
2024-01-06 00:00:00,439.77,53.1,842.47,67.29,70.38,Safe
2024-01-06 01:00:00,406.59,46.44,839.15,64.94,54.89,Safe
2024-01-06 02:00:00,382.05,47.09,861.72,65.43,60.85,Safe
2024-01-06 03:00:00,327.63,38.94,803.09,31.17,34.22,Safe
2024-01-06 04:00:00,376.15,44.8,851.3,49.23,56.1,Safe
2024-01-06 05:00:00,396.38,51.35,869.15,52.24,50.81,Safe
2024-01-06 06:00:00,429.45,56.64,892.65,74.85,72.95,Safe
2024-01-06 07:00:00,459.81,64.64,931.27,93.07,81.16,Warning
2024-01-06 08:00:00,480.4,69.88,962.9,92.59,97.92,Warning
2024-01-06 09:00:00,494.73,71.85,950.77,92.18,94.51,Warning
2024-01-06 10:00:00,495.94,78.23,962.51,101.08,104.02,Critical
2024-01-06 11:00:00,579.88,93.53,1088.64,150.0,147.26,Critical
2024-01-06 12:00:00,563.29,92.36,1087.36,140.88,160.0,Critical
2024-01-06 13:00:00,530.52,81.93,1015.19,120.06,104.46,Critical
2024-01-06 14:00:00,586.92,93.38,1054.84,135.65,134.68,Critical
2024-01-06 15:00:00,466.3,70.86,920.03,91.29,94.19,Warning
2024-01-06 16:00:00,480.74,71.17,957.74,88.39,92.31,Warning
2024-01-06 17:00:00,519.02,80.17,971.17,100.2,96.6,Warning
2024-01-06 18:00:00,446.6,63.45,884.49,76.05,72.31,Safe
2024-01-06 19:00:00,491.16,69.64,947.74,87.37,90.09,Warning
2024-01-06 20:00:00,480.47,72.64,946.4,91.32,90.33,Warning
2024-01-06 21:00:00,489.46,74.31,979.15,99.83,94.7,Warning
2024-01-06 22:00:00,399.7,52.41,858.55,63.82,59.13,Safe
2024-01-06 23:00:00,439.49,56.05,866.9,67.43,64.0,Safe
2024-01-07 00:00:00,352.23,39.78,761.39,45.73,56.05,Safe
2024-01-07 01:00:00,388.48,45.51,808.79,52.32,61.74,Safe
2024-01-07 02:00:00,412.7,46.26,813.34,59.36,58.35,Safe
2024-01-07 03:00:00,389.35,47.6,811.04,49.89,48.82,Safe
2024-01-07 04:00:00,416.61,50.26,844.06,68.9,71.89,Safe
2024-01-07 05:00:00,397.24,43.46,792.06,47.85,44.29,Safe
2024-01-07 06:00:00,467.82,63.36,913.2,97.65,99.85,Warning
2024-01-07 07:00:00,498.52,74.69,978.74,100.23,108.05,Critical
2024-01-07 08:00:00,476.27,66.82,915.92,88.15,90.01,Warning
2024-01-07 09:00:00,536.06,88.52,1051.96,127.44,131.68,Critical
2024-01-07 10:00:00,567.2,94.53,1042.7,137.47,151.94,Critical
2024-01-07 11:00:00,561.81,92.57,1038.38,135.76,133.44,Critical
2024-01-07 12:00:00,576.17,86.2,1028.51,138.33,150.44,Critical
2024-01-07 13:00:00,520.42,82.95,1029.86,120.04,130.3,Critical
2024-01-07 14:00:00,580.18,97.94,1100.0,138.33,142.67,Critical
2024-01-07 15:00:00,510.79,81.35,1042.22,108.74,109.45,Critical
2024-01-07 16:00:00,585.48,94.41,1063.77,133.26,132.08,Critical
2024-01-07 17:00:00,565.2,90.8,1051.19,139.95,141.09,Critical
2024-01-07 18:00:00,503.37,72.04,937.48,86.79,84.33,Warning
2024-01-07 19:00:00,511.92,75.63,950.57,96.2,90.17,Warning
2024-01-07 20:00:00,445.39,66.18,935.93,84.1,91.7,Warning
2024-01-07 21:00:00,481.1,73.1,948.43,90.11,85.52,Warning
2024-01-07 22:00:00,452.27,58.29,918.56,75.66,79.8,Safe
2024-01-07 23:00:00,422.87,56.43,849.98,84.16,68.74,Safe
2024-01-08 00:00:00,413.59,49.24,856.9,60.51,57.67,Safe
2024-01-08 01:00:00,408.7,52.7,841.37,67.61,62.04,Safe
2024-01-08 02:00:00,353.97,41.88,791.35,32.29,36.97,Safe
2024-01-08 03:00:00,422.71,56.74,895.56,63.87,74.74,Safe
2024-01-08 04:00:00,367.57,45.28,811.53,58.75,57.95,Safe
2024-01-08 05:00:00,359.68,41.9,798.15,60.01,67.1,Safe
2024-01-08 06:00:00,483.33,70.13,932.78,95.35,91.6,Warning
2024-01-08 07:00:00,487.44,70.07,989.62,94.98,98.91,Warning
2024-01-08 08:00:00,478.26,75.13,962.07,102.95,94.03,Warning
2024-01-08 09:00:00,546.52,86.69,1034.58,100.56,113.42,Critical
2024-01-08 10:00:00,522.27,82.62,1008.66,115.25,111.19,Critical
2024-01-08 11:00:00,553.6,90.67,1058.22,118.63,119.0,Critical
2024-01-08 12:00:00,572.94,92.77,1050.33,136.98,151.08,Critical
2024-01-08 13:00:00,541.77,87.37,1032.43,103.68,110.28,Critical
2024-01-08 14:00:00,554.31,83.74,1027.37,114.31,103.41,Critical
2024-01-08 15:00:00,524.19,76.89,965.46,105.86,124.49,Critical
2024-01-08 16:00:00,525.47,77.23,1010.12,103.21,99.53,Warning
2024-01-08 17:00:00,503.27,77.55,1013.83,104.14,112.46,Critical
2024-01-08 18:00:00,429.13,60.65,916.59,85.28,85.71,Warning
2024-01-08 19:00:00,501.95,75.2,977.54,102.61,111.58,Critical
2024-01-08 20:00:00,497.98,75.02,909.31,90.64,90.6,Warning
2024-01-08 21:00:00,495.88,76.1,989.83,111.1,115.72,Critical
2024-01-08 22:00:00,425.46,60.48,893.79,78.1,80.01,Warning
2024-01-08 23:00:00,406.98,51.89,854.03,66.53,61.31,Safe
2024-01-09 00:00:00,393.98,49.91,807.81,51.03,60.03,Safe
2024-01-09 01:00:00,447.44,59.45,908.11,58.33,77.92,Safe
2024-01-09 02:00:00,374.91,41.4,775.13,39.44,48.13,Safe
2024-01-09 03:00:00,409.13,48.43,844.76,52.88,50.01,Safe
2024-01-09 04:00:00,356.61,43.56,837.7,45.17,60.27,Safe
2024-01-09 05:00:00,413.77,52.04,849.87,58.14,69.19,Safe
2024-01-09 06:00:00,464.14,68.58,969.65,93.07,97.82,Warning
2024-01-09 07:00:00,456.79,68.47,925.92,95.62,95.76,Warning
2024-01-09 08:00:00,439.08,61.27,919.56,88.55,92.34,Warning
2024-01-09 09:00:00,600.0,100.0,1071.29,147.98,139.58,Critical
2024-01-09 10:00:00,494.83,75.01,997.73,95.82,103.19,Critical
2024-01-09 11:00:00,568.96,86.76,1053.07,125.68,136.74,Critical
2024-01-09 12:00:00,562.72,88.76,1054.1,138.74,133.75,Critical
2024-01-09 13:00:00,567.64,93.29,1057.8,118.2,122.29,Critical
2024-01-09 14:00:00,568.8,88.14,1009.86,134.55,130.37,Critical
2024-01-09 15:00:00,571.52,91.32,1048.01,121.12,124.01,Critical
2024-01-09 16:00:00,504.74,79.45,1021.68,111.75,106.02,Critical
2024-01-09 17:00:00,542.74,79.18,998.76,115.66,126.68,Critical
2024-01-09 18:00:00,470.35,66.68,899.23,88.59,97.82,Warning
2024-01-09 19:00:00,501.74,75.37,952.11,119.23,123.38,Critical
2024-01-09 20:00:00,483.26,73.81,996.62,98.12,95.6,Warning
2024-01-09 21:00:00,498.43,70.48,963.13,84.39,88.41,Warning
2024-01-09 22:00:00,450.88,60.91,877.4,81.37,75.41,Safe
2024-01-09 23:00:00,443.93,58.78,855.05,73.18,71.76,Safe
2024-01-10 00:00:00,426.33,58.36,878.05,77.89,81.64,Warning
2024-01-10 01:00:00,390.32,44.66,782.57,58.81,49.12,Safe
2024-01-10 02:00:00,444.81,58.01,886.62,75.61,72.02,Safe
2024-01-10 03:00:00,386.6,48.99,898.89,65.46,59.3,Safe
2024-01-10 04:00:00,369.16,47.25,801.12,53.68,47.47,Safe
2024-01-10 05:00:00,429.94,55.45,873.16,85.45,76.49,Safe
2024-01-10 06:00:00,467.61,72.41,990.91,94.15,86.74,Warning
2024-01-10 07:00:00,489.53,71.85,975.73,92.86,81.46,Warning
2024-01-10 08:00:00,470.82,69.27,943.08,99.01,96.18,Warning
2024-01-10 09:00:00,506.74,72.42,958.88,92.47,93.46,Warning
2024-01-10 10:00:00,578.42,95.98,1054.47,137.4,129.14,Critical
2024-01-10 11:00:00,583.02,91.88,1053.51,129.91,127.97,Critical
2024-01-10 12:00:00,543.4,87.65,1043.61,121.52,109.11,Critical
2024-01-10 13:00:00,574.8,90.2,1075.31,149.66,139.51,Critical
2024-01-10 14:00:00,576.04,86.8,1020.36,134.0,140.69,Critical
2024-01-10 15:00:00,580.89,98.96,1090.62,147.43,141.56,Critical
2024-01-10 16:00:00,562.13,89.51,1026.67,129.38,126.98,Critical
2024-01-10 17:00:00,573.0,83.63,1023.11,115.7,120.45,Critical
2024-01-10 18:00:00,462.49,65.39,944.19,89.82,91.16,Warning
2024-01-10 19:00:00,463.23,65.59,941.8,92.51,92.87,Warning
2024-01-10 20:00:00,447.0,58.99,869.21,77.53,85.97,Warning
2024-01-10 21:00:00,483.62,70.76,957.03,96.36,100.27,Critical
2024-01-10 22:00:00,420.34,61.06,890.4,72.59,69.32,Safe
2024-01-10 23:00:00,434.37,54.63,895.39,74.47,63.84,Safe
2024-01-11 00:00:00,368.36,49.1,841.95,52.25,60.29,Safe
2024-01-11 01:00:00,425.16,57.75,855.32,77.05,71.89,Safe
2024-01-11 02:00:00,387.38,42.62,808.26,35.08,41.61,Safe
2024-01-11 03:00:00,379.97,46.24,841.29,66.25,70.07,Safe
2024-01-11 04:00:00,383.29,48.25,846.62,47.31,48.7,Safe
2024-01-11 05:00:00,399.19,46.72,822.34,48.42,57.69,Safe
2024-01-11 06:00:00,454.56,66.62,920.22,89.66,90.91,Warning
2024-01-11 07:00:00,421.49,59.65,876.52,78.19,79.21,Safe
2024-01-11 08:00:00,434.2,57.59,879.27,90.44,80.99,Warning
2024-01-11 09:00:00,528.04,82.65,994.43,115.65,109.82,Critical
2024-01-11 10:00:00,582.59,100.0,1100.0,140.59,149.41,Critical
2024-01-11 11:00:00,513.68,76.19,961.12,105.6,117.67,Critical
2024-01-11 12:00:00,509.5,75.75,981.44,117.14,116.37,Critical
2024-01-11 13:00:00,488.44,73.37,968.04,118.45,120.22,Critical
2024-01-11 14:00:00,485.96,72.51,983.35,97.47,95.38,Warning
2024-01-11 15:00:00,533.87,81.82,1033.07,119.94,115.09,Critical
2024-01-11 16:00:00,560.23,85.89,1044.76,122.32,123.85,Critical
2024-01-11 17:00:00,573.92,94.47,1080.11,133.22,130.95,Critical
2024-01-11 18:00:00,501.17,73.0,941.93,113.74,108.96,Critical
2024-01-11 19:00:00,496.83,72.23,937.63,89.87,80.16,Warning
2024-01-11 20:00:00,461.23,62.23,892.54,63.12,62.43,Safe
2024-01-11 21:00:00,465.63,66.27,947.89,91.62,90.53,Warning
2024-01-11 22:00:00,408.83,55.4,878.61,78.47,75.86,Safe
2024-01-11 23:00:00,409.85,54.08,889.51,70.28,69.18,Safe
2024-01-12 00:00:00,374.24,42.36,833.86,54.96,57.57,Safe
2024-01-12 01:00:00,442.02,54.14,854.73,76.36,74.66,Safe
2024-01-12 02:00:00,382.3,47.27,837.06,57.17,55.98,Safe
2024-01-12 03:00:00,404.11,48.21,840.76,64.37,62.85,Safe
2024-01-12 04:00:00,387.29,47.97,832.64,61.52,65.45,Safe
2024-01-12 05:00:00,381.47,44.98,813.13,37.13,35.04,Safe
2024-01-12 06:00:00,445.86,56.16,906.86,76.56,78.47,Safe
2024-01-12 07:00:00,455.82,61.28,907.54,68.66,69.99,Safe
2024-01-12 08:00:00,423.06,60.11,900.84,75.61,67.01,Safe
2024-01-12 09:00:00,563.35,92.84,1046.54,125.35,134.25,Critical
2024-01-12 10:00:00,586.99,92.35,1076.6,141.8,136.05,Critical
2024-01-12 11:00:00,550.11,87.03,1013.04,122.73,132.34,Critical
2024-01-12 12:00:00,534.12,87.55,1047.76,125.16,131.34,Critical
2024-01-12 13:00:00,503.49,78.74,1004.31,106.07,107.02,Critical
2024-01-12 14:00:00,540.81,82.74,1004.62,123.92,125.36,Critical
2024-01-12 15:00:00,555.36,85.36,1033.79,108.45,113.82,Critical
2024-01-12 16:00:00,528.37,82.03,1014.23,106.82,108.44,Critical
2024-01-12 17:00:00,550.25,78.9,993.63,123.0,120.96,Critical
2024-01-12 18:00:00,455.22,60.92,904.88,77.22,66.65,Safe
2024-01-12 19:00:00,443.15,61.64,909.56,62.98,73.02,Safe
2024-01-12 20:00:00,435.38,61.7,911.36,90.99,101.08,Critical
2024-01-12 21:00:00,486.55,75.05,976.58,109.39,109.54,Critical
2024-01-12 22:00:00,381.18,44.12,796.31,56.71,57.79,Safe
2024-01-12 23:00:00,445.64,63.12,912.25,82.62,86.13,Warning
2024-01-13 00:00:00,394.63,42.8,819.83,66.21,60.23,Safe
2024-01-13 01:00:00,442.17,55.41,879.19,82.98,87.7,Warning
2024-01-13 02:00:00,421.9,53.26,887.28,81.52,82.65,Warning
2024-01-13 03:00:00,387.37,50.97,868.49,67.48,69.73,Safe
2024-01-13 04:00:00,433.87,60.82,884.95,77.84,65.59,Safe
2024-01-13 05:00:00,410.7,48.28,837.73,57.39,40.29,Safe
2024-01-13 06:00:00,462.68,67.64,931.35,78.75,71.02,Safe
2024-01-13 07:00:00,463.51,61.95,909.65,86.87,89.02,Warning
2024-01-13 08:00:00,463.4,64.19,920.88,90.11,87.36,Warning
2024-01-13 09:00:00,554.64,88.48,1055.85,122.32,127.95,Critical
2024-01-13 10:00:00,501.36,77.8,992.9,110.78,110.48,Critical
2024-01-13 11:00:00,542.72,86.01,1057.12,119.0,118.73,Critical
2024-01-13 12:00:00,549.14,86.62,1038.4,128.77,131.76,Critical
2024-01-13 13:00:00,514.26,74.95,956.48,95.75,103.79,Critical
2024-01-13 14:00:00,477.88,72.57,952.57,87.74,92.47,Warning
2024-01-13 15:00:00,566.72,92.6,1076.28,129.37,129.97,Critical
2024-01-13 16:00:00,567.99,91.84,1023.69,134.27,128.04,Critical
2024-01-13 17:00:00,562.88,88.4,1012.39,114.16,110.67,Critical
2024-01-13 18:00:00,453.76,66.62,933.34,95.48,91.34,Warning
2024-01-13 19:00:00,435.33,63.44,938.12,69.31,62.75,Safe
2024-01-13 20:00:00,458.12,62.17,939.6,82.22,80.67,Warning
2024-01-13 21:00:00,491.99,78.31,986.77,93.5,92.49,Warning
2024-01-13 22:00:00,413.07,48.77,867.19,42.18,66.56,Safe
2024-01-13 23:00:00,403.7,51.47,858.94,66.66,61.59,Safe
2024-01-14 00:00:00,354.49,44.04,786.51,45.74,46.7,Safe
2024-01-14 01:00:00,399.23,51.49,857.27,51.93,52.06,Safe
2024-01-14 02:00:00,388.99,45.92,815.98,50.54,50.44,Safe
2024-01-14 03:00:00,418.9,56.59,903.15,76.09,70.92,Safe
2024-01-14 04:00:00,386.48,46.55,832.19,52.93,55.7,Safe
2024-01-14 05:00:00,374.2,40.96,776.69,44.73,43.28,Safe
2024-01-14 06:00:00,458.41,65.31,893.56,80.95,84.65,Warning
2024-01-14 07:00:00,469.4,70.63,952.69,88.87,88.25,Warning
2024-01-14 08:00:00,456.45,65.16,872.56,77.75,80.93,Warning
2024-01-14 09:00:00,578.49,89.67,1036.95,122.86,117.72,Critical
2024-01-14 10:00:00,525.99,75.6,983.08,100.34,98.52,Warning
2024-01-14 11:00:00,501.8,82.52,989.35,101.58,104.37,Critical
2024-01-14 12:00:00,522.95,76.92,1006.47,105.49,135.36,Critical
2024-01-14 13:00:00,561.22,89.43,1073.35,122.64,128.17,Critical
2024-01-14 14:00:00,597.14,96.05,1057.88,128.2,133.26,Critical
2024-01-14 15:00:00,518.45,81.54,1001.14,117.72,113.33,Critical
2024-01-14 16:00:00,503.16,81.98,1031.78,121.83,118.82,Critical
2024-01-14 17:00:00,597.58,97.35,1086.72,139.66,135.33,Critical
2024-01-14 18:00:00,461.75,68.73,912.97,89.14,92.09,Warning
2024-01-14 19:00:00,427.8,61.81,905.9,72.69,79.75,Safe
2024-01-14 20:00:00,445.74,66.05,911.49,92.86,95.29,Warning
2024-01-14 21:00:00,502.37,73.49,991.83,116.17,117.95,Critical
2024-01-14 22:00:00,419.75,54.45,885.58,68.48,70.47,Safe
2024-01-14 23:00:00,424.55,53.4,860.1,63.77,70.36,Safe
2024-01-15 00:00:00,383.81,43.61,821.18,55.13,61.22,Safe
2024-01-15 01:00:00,389.67,48.89,815.67,58.29,57.33,Safe
2024-01-15 02:00:00,393.73,48.68,826.82,54.23,53.14,Safe
2024-01-15 03:00:00,418.0,56.29,915.62,76.71,76.58,Safe
2024-01-15 04:00:00,372.62,43.89,820.63,58.76,69.12,Safe
2024-01-15 05:00:00,417.62,57.79,909.41,67.51,57.14,Safe
2024-01-15 06:00:00,479.07,68.4,947.1,112.79,102.38,Critical
2024-01-15 07:00:00,471.89,64.21,949.96,75.94,67.33,Safe
2024-01-15 08:00:00,445.81,64.31,877.58,74.0,68.59,Safe
2024-01-15 09:00:00,600.0,98.12,1086.46,142.46,141.49,Critical
2024-01-15 10:00:00,560.39,89.7,1084.69,146.55,142.38,Critical
2024-01-15 11:00:00,540.26,84.22,1042.14,114.45,119.09,Critical
2024-01-15 12:00:00,478.93,75.68,1007.56,93.73,96.81,Warning
2024-01-15 13:00:00,458.54,70.96,954.65,97.01,90.14,Warning
2024-01-15 14:00:00,534.18,83.04,1003.38,112.9,117.29,Critical
2024-01-15 15:00:00,583.5,93.11,1042.95,137.06,129.82,Critical
2024-01-15 16:00:00,527.56,84.24,997.07,114.17,105.84,Critical
2024-01-15 17:00:00,555.5,83.03,1032.91,112.35,112.37,Critical
2024-01-15 18:00:00,457.45,61.79,920.24,101.42,91.81,Warning
2024-01-15 19:00:00,438.8,62.88,912.94,57.25,65.27,Safe
2024-01-15 20:00:00,482.75,70.58,964.08,110.33,109.47,Critical
2024-01-15 21:00:00,499.52,66.21,934.18,99.74,96.68,Warning
2024-01-15 22:00:00,398.96,54.09,891.62,61.38,62.75,Safe
2024-01-15 23:00:00,457.36,62.49,933.41,98.98,105.77,Critical
2024-01-16 00:00:00,359.8,41.08,781.95,34.04,33.7,Safe
2024-01-16 01:00:00,440.34,57.61,894.07,83.52,83.08,Warning
2024-01-16 02:00:00,408.46,47.68,801.68,40.98,52.06,Safe
2024-01-16 03:00:00,409.79,53.8,871.93,58.05,70.46,Safe
2024-01-16 04:00:00,389.86,43.55,831.04,44.48,58.85,Safe
2024-01-16 05:00:00,406.06,43.74,789.8,47.29,41.67,Safe
2024-01-16 06:00:00,455.53,63.65,909.09,83.4,80.34,Warning
2024-01-16 07:00:00,437.83,56.71,883.76,67.16,69.47,Safe
2024-01-16 08:00:00,478.25,71.63,963.3,79.78,81.26,Warning
2024-01-16 09:00:00,516.35,79.02,988.97,112.17,116.2,Critical
2024-01-16 10:00:00,521.01,80.87,978.56,110.37,111.42,Critical
2024-01-16 11:00:00,521.16,77.5,986.31,110.86,111.03,Critical
2024-01-16 12:00:00,600.0,95.83,1042.8,137.4,142.34,Critical
2024-01-16 13:00:00,521.02,80.64,998.08,118.59,118.46,Critical
2024-01-16 14:00:00,578.71,89.31,1036.84,126.97,123.98,Critical
2024-01-16 15:00:00,526.34,76.23,978.2,114.75,116.05,Critical
2024-01-16 16:00:00,579.34,91.87,1047.04,124.23,123.05,Critical
2024-01-16 17:00:00,505.9,78.28,958.23,98.99,100.08,Critical
2024-01-16 18:00:00,448.87,64.36,913.74,94.4,88.44,Warning
2024-01-16 19:00:00,440.43,62.95,935.23,93.32,88.45,Warning
2024-01-16 20:00:00,497.49,71.05,983.0,103.66,121.31,Critical
2024-01-16 21:00:00,438.72,63.92,973.27,78.26,91.18,Warning
2024-01-16 22:00:00,443.8,58.58,930.12,71.1,71.16,Safe
2024-01-16 23:00:00,401.14,54.07,844.02,75.36,73.56,Safe
2024-01-17 00:00:00,414.37,50.71,844.56,73.68,63.73,Safe
2024-01-17 01:00:00,417.28,54.26,870.8,67.93,69.19,Safe
2024-01-17 02:00:00,366.23,36.89,782.57,60.99,60.78,Safe
2024-01-17 03:00:00,454.38,59.6,899.53,82.83,77.84,Safe
2024-01-17 04:00:00,429.01,52.23,914.12,61.87,59.1,Safe
2024-01-17 05:00:00,401.25,45.2,802.19,52.5,45.48,Safe
2024-01-17 06:00:00,473.13,67.78,923.2,89.82,87.75,Warning
2024-01-17 07:00:00,427.42,60.91,940.71,80.2,77.6,Safe
2024-01-17 08:00:00,434.14,62.22,897.55,88.84,82.52,Warning
2024-01-17 09:00:00,560.66,97.47,1096.01,128.24,134.1,Critical
2024-01-17 10:00:00,566.11,95.32,1099.36,124.26,119.27,Critical
2024-01-17 11:00:00,578.28,94.33,1082.35,139.33,140.81,Critical
2024-01-17 12:00:00,545.04,88.22,1045.32,119.06,121.2,Critical
2024-01-17 13:00:00,519.76,80.57,1023.5,131.65,130.36,Critical
2024-01-17 14:00:00,500.22,73.33,947.0,106.72,97.18,Warning
2024-01-17 15:00:00,515.06,79.83,988.23,104.75,107.96,Critical
2024-01-17 16:00:00,461.33,69.26,958.08,101.42,95.11,Warning
2024-01-17 17:00:00,553.73,88.62,997.57,127.47,111.97,Critical
2024-01-17 18:00:00,470.58,70.79,985.11,100.82,111.68,Critical
2024-01-17 19:00:00,441.21,61.25,912.92,78.8,89.8,Warning
2024-01-17 20:00:00,481.64,65.71,931.92,92.93,87.63,Warning
2024-01-17 21:00:00,496.65,75.11,939.68,83.0,91.09,Warning
2024-01-17 22:00:00,425.35,50.14,822.39,73.54,77.09,Safe
2024-01-17 23:00:00,439.96,54.98,866.13,44.01,42.4,Safe
2024-01-18 00:00:00,386.45,48.64,860.96,55.84,61.04,Safe
2024-01-18 01:00:00,389.44,51.25,810.56,46.16,49.28,Safe
2024-01-18 02:00:00,364.74,41.37,824.19,44.38,45.23,Safe
2024-01-18 03:00:00,395.39,44.81,816.13,53.91,60.96,Safe
2024-01-18 04:00:00,409.5,54.09,865.53,57.47,59.26,Safe
2024-01-18 05:00:00,392.95,45.06,830.88,33.11,45.53,Safe
2024-01-18 06:00:00,486.84,67.48,943.32,94.03,86.99,Warning
2024-01-18 07:00:00,434.64,61.37,891.18,94.48,82.81,Warning
2024-01-18 08:00:00,429.14,59.65,912.0,74.11,80.95,Warning
2024-01-18 09:00:00,491.58,70.4,900.97,100.56,100.67,Critical
2024-01-18 10:00:00,532.21,82.52,1002.69,126.2,115.17,Critical
2024-01-18 11:00:00,572.64,95.56,1081.18,119.61,123.34,Critical
2024-01-18 12:00:00,496.43,75.34,969.11,98.1,99.2,Warning
2024-01-18 13:00:00,539.81,85.2,985.81,106.13,117.14,Critical
2024-01-18 14:00:00,530.73,88.16,1057.48,115.62,117.03,Critical
2024-01-18 15:00:00,587.24,94.13,1043.19,146.69,150.04,Critical
2024-01-18 16:00:00,562.14,92.21,1059.56,131.2,130.64,Critical
2024-01-18 17:00:00,522.59,90.39,1055.32,129.17,144.19,Critical
2024-01-18 18:00:00,455.11,63.86,919.74,83.73,78.8,Safe
2024-01-18 19:00:00,466.82,69.3,972.22,83.57,91.09,Warning
2024-01-18 20:00:00,533.04,77.35,985.58,114.27,118.67,Critical
2024-01-18 21:00:00,484.2,73.1,974.9,108.75,100.98,Critical
2024-01-18 22:00:00,411.75,56.78,882.67,73.17,72.82,Safe
2024-01-18 23:00:00,431.59,56.12,894.09,77.05,73.97,Safe
2024-01-19 00:00:00,373.23,45.62,858.76,45.21,52.14,Safe
2024-01-19 01:00:00,352.61,40.88,807.43,51.16,53.0,Safe
2024-01-19 02:00:00,420.93,53.45,884.45,79.78,67.67,Safe
2024-01-19 03:00:00,413.63,57.05,917.27,76.4,79.8,Safe
2024-01-19 04:00:00,416.6,59.25,926.11,61.55,74.38,Safe
2024-01-19 05:00:00,444.32,55.04,866.72,85.19,79.03,Safe
2024-01-19 06:00:00,446.75,59.66,921.1,72.03,69.4,Safe
2024-01-19 07:00:00,439.06,60.69,908.92,81.91,76.48,Safe
2024-01-19 08:00:00,427.91,56.99,909.53,81.99,81.09,Warning
2024-01-19 09:00:00,586.48,94.85,1086.76,144.84,146.74,Critical
2024-01-19 10:00:00,512.27,74.66,979.36,89.29,88.65,Warning
2024-01-19 11:00:00,550.54,90.28,1060.95,127.4,120.3,Critical
2024-01-19 12:00:00,535.77,82.66,1018.92,116.1,114.76,Critical
2024-01-19 13:00:00,552.15,89.81,1055.53,137.44,112.77,Critical
2024-01-19 14:00:00,517.15,79.95,996.26,113.46,116.94,Critical
2024-01-19 15:00:00,580.09,94.46,1066.76,145.49,133.62,Critical
2024-01-19 16:00:00,599.91,100.0,1100.0,147.31,136.94,Critical
2024-01-19 17:00:00,537.86,81.89,1019.96,114.75,119.26,Critical
2024-01-19 18:00:00,488.74,70.48,939.79,96.5,115.58,Critical
2024-01-19 19:00:00,492.25,78.34,985.6,116.98,117.68,Critical
2024-01-19 20:00:00,462.87,70.47,975.59,83.6,84.44,Warning
2024-01-19 21:00:00,473.86,69.76,932.6,99.36,99.54,Warning
2024-01-19 22:00:00,428.56,50.74,821.1,58.8,57.5,Safe
2024-01-19 23:00:00,389.72,50.41,821.06,52.14,62.75,Safe
2024-01-20 00:00:00,362.96,41.47,769.31,53.15,56.48,Safe
2024-01-20 01:00:00,391.77,49.82,820.53,51.53,76.21,Safe
2024-01-20 02:00:00,366.64,43.6,792.02,51.59,50.01,Safe
2024-01-20 03:00:00,419.18,54.17,901.33,66.51,55.03,Safe
2024-01-20 04:00:00,466.09,61.62,907.08,63.88,77.62,Safe
2024-01-20 05:00:00,373.1,41.68,800.41,52.05,45.24,Safe
2024-01-20 06:00:00,485.59,74.21,939.29,98.72,99.51,Warning
2024-01-20 07:00:00,512.23,68.42,938.95,80.68,79.24,Safe
2024-01-20 08:00:00,441.86,60.19,862.73,70.36,77.04,Safe
2024-01-20 09:00:00,496.0,76.02,971.97,88.0,91.56,Warning
2024-01-20 10:00:00,591.13,92.84,1100.0,141.7,136.01,Critical
2024-01-20 11:00:00,588.63,98.8,1100.0,150.0,160.0,Critical
2024-01-20 12:00:00,600.0,96.0,1075.38,144.92,142.92,Critical
2024-01-20 13:00:00,551.33,90.88,1069.76,135.51,148.17,Critical
2024-01-20 14:00:00,588.74,92.18,1049.43,127.82,135.81,Critical
2024-01-20 15:00:00,512.93,77.53,970.04,110.03,112.53,Critical
2024-01-20 16:00:00,549.99,82.98,1052.39,119.6,120.21,Critical
2024-01-20 17:00:00,587.1,90.12,1025.47,130.06,135.97,Critical
2024-01-20 18:00:00,427.82,60.92,896.81,84.59,83.63,Warning
2024-01-20 19:00:00,471.86,63.5,924.23,95.46,104.86,Critical
2024-01-20 20:00:00,488.6,77.08,964.8,98.92,101.26,Critical
2024-01-20 21:00:00,473.66,72.08,974.71,85.33,93.31,Warning
2024-01-20 22:00:00,371.63,45.72,821.85,51.27,53.38,Safe
2024-01-20 23:00:00,403.53,49.12,860.21,60.03,68.05,Safe
2024-01-21 00:00:00,405.82,51.34,869.59,66.79,82.52,Warning
2024-01-21 01:00:00,373.46,43.95,814.4,57.7,57.55,Safe
2024-01-21 02:00:00,383.41,45.34,864.33,41.09,52.51,Safe
2024-01-21 03:00:00,403.96,48.92,829.96,54.49,55.67,Safe
2024-01-21 04:00:00,439.32,57.49,917.13,68.9,74.11,Safe
2024-01-21 05:00:00,407.0,47.92,865.45,71.51,73.12,Safe
2024-01-21 06:00:00,474.36,62.22,950.06,85.15,87.03,Warning
2024-01-21 07:00:00,471.02,67.83,942.98,86.65,74.27,Safe
2024-01-21 08:00:00,475.58,70.72,936.25,97.66,94.48,Warning
2024-01-21 09:00:00,596.07,96.87,1100.0,135.12,126.9,Critical
2024-01-21 10:00:00,558.18,93.55,1060.39,130.0,118.82,Critical
2024-01-21 11:00:00,575.06,96.14,1062.8,149.01,145.07,Critical
2024-01-21 12:00:00,516.79,75.7,974.32,119.11,110.06,Critical
2024-01-21 13:00:00,562.86,91.15,1034.15,123.81,131.24,Critical
2024-01-21 14:00:00,492.45,77.34,998.28,103.27,98.09,Warning
2024-01-21 15:00:00,527.18,87.01,1021.73,113.57,108.78,Critical
2024-01-21 16:00:00,495.92,73.81,962.73,84.61,88.56,Warning
2024-01-21 17:00:00,600.0,96.49,1100.0,148.31,144.32,Critical
2024-01-21 18:00:00,507.32,72.88,978.12,120.88,116.12,Critical
2024-01-21 19:00:00,469.63,67.02,935.44,85.9,85.67,Warning
2024-01-21 20:00:00,526.4,74.57,976.61,98.61,105.88,Critical
2024-01-21 21:00:00,474.29,68.94,944.97,90.03,118.53,Critical
2024-01-21 22:00:00,453.66,63.9,910.01,84.04,88.44,Warning
2024-01-21 23:00:00,396.74,58.17,890.79,61.42,62.66,Safe
2024-01-22 00:00:00,362.54,42.2,821.8,45.01,47.97,Safe
2024-01-22 01:00:00,380.09,42.04,807.42,57.91,57.94,Safe
2024-01-22 02:00:00,400.66,44.69,832.68,57.05,49.03,Safe
2024-01-22 03:00:00,391.7,50.83,835.74,70.52,61.84,Safe
2024-01-22 04:00:00,387.55,45.27,813.06,56.69,49.3,Safe
2024-01-22 05:00:00,438.42,55.94,863.54,63.26,71.55,Safe
2024-01-22 06:00:00,489.6,72.36,949.37,92.61,96.6,Warning
2024-01-22 07:00:00,397.19,57.29,914.77,73.23,65.26,Safe
2024-01-22 08:00:00,435.66,58.05,906.22,67.01,68.78,Safe
2024-01-22 09:00:00,568.66,89.5,1023.81,115.72,115.6,Critical
2024-01-22 10:00:00,537.66,87.73,1048.27,112.45,116.69,Critical
2024-01-22 11:00:00,592.88,99.11,1086.96,144.73,143.54,Critical
2024-01-22 12:00:00,509.7,81.47,992.34,107.02,106.5,Critical
2024-01-22 13:00:00,539.62,93.9,1036.81,136.24,138.47,Critical
2024-01-22 14:00:00,589.06,93.67,1089.73,128.52,135.4,Critical
2024-01-22 15:00:00,529.03,82.27,981.35,92.63,93.48,Warning
2024-01-22 16:00:00,600.0,98.18,1089.76,139.79,142.09,Critical
2024-01-22 17:00:00,596.52,96.13,1059.83,150.0,126.36,Critical
2024-01-22 18:00:00,455.44,65.1,942.57,86.82,81.29,Warning
2024-01-22 19:00:00,471.88,68.26,933.94,79.71,91.98,Warning
2024-01-22 20:00:00,525.97,79.51,994.59,97.38,103.09,Critical
2024-01-22 21:00:00,468.46,63.73,916.43,94.95,93.37,Warning
2024-01-22 22:00:00,409.04,51.13,862.31,57.82,64.32,Safe
2024-01-22 23:00:00,426.28,52.7,863.79,80.11,76.77,Safe
2024-01-23 00:00:00,422.13,56.57,881.9,76.89,75.22,Safe
2024-01-23 01:00:00,359.16,43.28,805.0,42.03,43.87,Safe
2024-01-23 02:00:00,427.29,57.05,850.61,80.14,107.02,Critical
2024-01-23 03:00:00,429.47,56.65,858.64,63.82,57.61,Safe
2024-01-23 04:00:00,390.42,51.81,874.86,51.8,65.46,Safe
2024-01-23 05:00:00,346.21,41.23,799.42,37.62,33.9,Safe
2024-01-23 06:00:00,499.82,73.39,952.34,105.65,116.28,Critical
2024-01-23 07:00:00,457.19,65.72,897.67,93.69,92.18,Warning
2024-01-23 08:00:00,439.24,60.39,864.12,72.72,70.05,Safe
2024-01-23 09:00:00,525.08,82.53,997.18,98.04,92.01,Warning
2024-01-23 10:00:00,525.81,76.13,1000.19,95.36,101.92,Critical
2024-01-23 11:00:00,570.74,88.27,1029.09,116.72,119.66,Critical
2024-01-23 12:00:00,495.72,78.26,1000.11,95.66,95.53,Warning
2024-01-23 13:00:00,539.5,86.74,1020.43,121.82,123.08,Critical
2024-01-23 14:00:00,499.82,71.98,973.96,115.1,107.12,Critical
2024-01-23 15:00:00,544.67,84.06,1012.56,123.93,125.02,Critical
2024-01-23 16:00:00,562.82,90.85,1027.15,117.36,121.28,Critical
2024-01-23 17:00:00,559.67,93.9,1063.58,125.24,130.3,Critical
2024-01-23 18:00:00,486.4,73.99,1010.3,97.88,96.95,Warning
2024-01-23 19:00:00,435.77,60.75,943.13,83.63,93.38,Warning
2024-01-23 20:00:00,480.52,69.16,956.5,106.41,116.8,Critical
2024-01-23 21:00:00,514.25,72.6,959.98,97.28,99.69,Warning
2024-01-23 22:00:00,406.7,54.08,877.09,79.71,68.75,Safe
2024-01-23 23:00:00,397.56,52.98,871.87,81.88,76.55,Safe
2024-01-24 00:00:00,359.44,40.24,800.32,42.56,50.64,Safe
2024-01-24 01:00:00,378.16,40.93,814.35,46.03,52.86,Safe
2024-01-24 02:00:00,388.5,52.19,865.53,60.03,48.39,Safe
2024-01-24 03:00:00,399.75,44.85,817.3,55.63,45.23,Safe
2024-01-24 04:00:00,371.87,43.57,791.55,46.29,46.47,Safe
2024-01-24 05:00:00,394.2,51.12,845.48,68.56,59.5,Safe
2024-01-24 06:00:00,425.88,62.07,927.94,67.15,60.68,Safe
2024-01-24 07:00:00,493.53,70.91,953.86,92.45,86.28,Warning
2024-01-24 08:00:00,464.96,66.84,940.81,91.69,85.14,Warning
2024-01-24 09:00:00,590.35,96.99,1078.72,144.97,137.86,Critical
2024-01-24 10:00:00,485.27,74.47,949.04,116.04,111.96,Critical
2024-01-24 11:00:00,582.65,96.78,1078.65,126.59,129.3,Critical
2024-01-24 12:00:00,535.07,85.47,1004.86,111.93,112.88,Critical
2024-01-24 13:00:00,585.99,96.85,1060.35,118.13,122.91,Critical
2024-01-24 14:00:00,479.51,72.22,987.62,89.31,110.83,Critical
2024-01-24 15:00:00,550.72,93.05,1056.01,114.39,114.93,Critical
2024-01-24 16:00:00,600.0,96.37,1065.54,133.68,126.29,Critical
2024-01-24 17:00:00,548.67,91.94,1095.3,127.88,138.95,Critical
2024-01-24 18:00:00,449.98,61.86,927.23,85.97,86.24,Warning
2024-01-24 19:00:00,468.67,73.37,958.68,93.74,91.19,Warning
2024-01-24 20:00:00,425.96,63.48,926.81,84.44,92.17,Warning
2024-01-24 21:00:00,492.85,72.87,959.16,99.54,99.75,Warning
2024-01-24 22:00:00,421.12,54.67,858.11,60.22,60.32,Safe
2024-01-24 23:00:00,423.22,51.39,867.39,53.02,55.24,Safe
2024-01-25 00:00:00,424.19,54.65,866.12,73.99,74.96,Safe
2024-01-25 01:00:00,426.14,57.06,886.96,86.03,76.28,Safe
2024-01-25 02:00:00,368.67,45.49,849.92,74.19,65.85,Safe
2024-01-25 03:00:00,419.07,49.52,867.65,71.92,74.6,Safe
2024-01-25 04:00:00,442.96,57.49,875.35,86.2,82.25,Warning
2024-01-25 05:00:00,377.99,48.86,854.99,61.88,68.81,Safe
2024-01-25 06:00:00,476.81,69.07,920.54,93.58,91.07,Warning
2024-01-25 07:00:00,479.46,69.36,956.71,94.78,105.79,Critical
2024-01-25 08:00:00,439.8,61.16,909.07,78.46,89.57,Warning
2024-01-25 09:00:00,551.61,85.2,1034.34,125.53,133.97,Critical
2024-01-25 10:00:00,526.08,78.61,986.51,104.97,109.18,Critical
2024-01-25 11:00:00,551.49,88.54,1088.55,125.57,128.03,Critical
2024-01-25 12:00:00,515.07,79.75,978.92,98.91,104.61,Critical
2024-01-25 13:00:00,555.35,83.59,1039.32,123.85,121.01,Critical
2024-01-25 14:00:00,600.0,100.0,1077.3,133.97,139.24,Critical
2024-01-25 15:00:00,515.45,78.61,1004.15,109.19,115.05,Critical
2024-01-25 16:00:00,539.39,90.55,1065.42,129.62,130.59,Critical
2024-01-25 17:00:00,498.86,73.51,968.76,105.16,109.45,Critical
2024-01-25 18:00:00,445.25,58.87,883.45,82.65,89.82,Warning
2024-01-25 19:00:00,463.16,75.43,980.25,96.8,97.61,Warning
2024-01-25 20:00:00,479.73,69.05,951.12,97.22,94.9,Warning
2024-01-25 21:00:00,473.93,69.94,989.08,91.77,81.98,Warning
2024-01-25 22:00:00,405.03,52.03,840.96,47.52,50.25,Safe
2024-01-25 23:00:00,415.66,57.09,873.22,75.04,70.74,Safe
2024-01-26 00:00:00,421.61,55.92,885.86,73.66,78.49,Safe
2024-01-26 01:00:00,452.41,58.23,885.52,85.02,84.24,Warning
2024-01-26 02:00:00,365.95,43.05,813.05,49.09,50.9,Safe
2024-01-26 03:00:00,373.24,39.93,823.2,35.3,50.85,Safe
2024-01-26 04:00:00,385.91,49.3,784.45,54.55,42.09,Safe
2024-01-26 05:00:00,429.58,54.74,860.55,76.8,68.06,Safe
2024-01-26 06:00:00,445.02,61.25,867.92,81.35,86.27,Warning
2024-01-26 07:00:00,445.33,60.1,874.19,75.8,89.52,Warning
2024-01-26 08:00:00,488.46,72.09,1013.35,87.38,86.75,Warning
2024-01-26 09:00:00,597.82,97.21,1099.21,132.11,136.73,Critical
2024-01-26 10:00:00,486.17,80.53,1023.58,112.02,109.35,Critical
2024-01-26 11:00:00,566.32,96.55,1080.98,121.56,126.8,Critical
2024-01-26 12:00:00,501.96,74.03,986.84,99.83,106.14,Critical
2024-01-26 13:00:00,539.95,92.14,1021.84,124.73,132.71,Critical
2024-01-26 14:00:00,591.41,99.71,1100.0,150.0,153.84,Critical
2024-01-26 15:00:00,531.72,83.12,997.56,119.23,118.43,Critical
2024-01-26 16:00:00,578.01,97.4,1075.31,144.37,135.32,Critical
2024-01-26 17:00:00,564.84,93.63,1079.26,134.54,144.18,Critical
2024-01-26 18:00:00,511.56,76.94,991.66,99.52,98.53,Warning
2024-01-26 19:00:00,514.65,75.13,977.51,99.36,108.11,Critical
2024-01-26 20:00:00,485.54,74.74,943.71,90.96,94.96,Warning
2024-01-26 21:00:00,499.51,76.89,986.65,109.22,111.99,Critical
2024-01-26 22:00:00,411.76,55.5,898.63,64.95,63.11,Safe
2024-01-26 23:00:00,400.34,58.56,881.09,67.53,67.6,Safe
2024-01-27 00:00:00,384.18,45.55,856.68,56.4,53.32,Safe
2024-01-27 01:00:00,422.81,52.43,842.95,79.01,95.06,Warning
2024-01-27 02:00:00,454.23,60.0,900.14,84.77,82.37,Warning
2024-01-27 03:00:00,402.13,53.58,901.68,61.72,59.93,Safe
2024-01-27 04:00:00,387.84,51.34,841.71,61.9,52.96,Safe
2024-01-27 05:00:00,392.26,47.99,863.14,72.86,59.29,Safe
2024-01-27 06:00:00,470.29,64.67,966.79,94.33,87.6,Warning
2024-01-27 07:00:00,481.41,69.81,952.81,81.49,75.6,Safe
2024-01-27 08:00:00,491.05,71.75,947.16,89.42,89.07,Warning
2024-01-27 09:00:00,515.35,74.84,957.2,94.95,101.09,Critical
2024-01-27 10:00:00,528.41,84.69,1052.15,130.05,133.04,Critical
2024-01-27 11:00:00,549.68,88.19,1069.04,135.12,124.29,Critical
2024-01-27 12:00:00,541.96,79.77,1030.73,109.68,113.79,Critical
2024-01-27 13:00:00,524.6,81.84,1008.48,107.85,97.88,Warning
2024-01-27 14:00:00,497.06,78.7,1016.33,107.88,108.81,Critical
2024-01-27 15:00:00,547.87,89.31,1045.48,124.98,121.38,Critical
2024-01-27 16:00:00,526.27,84.85,1004.82,107.87,120.07,Critical
2024-01-27 17:00:00,584.24,94.81,1098.78,134.63,129.18,Critical
2024-01-27 18:00:00,461.18,68.43,978.1,80.56,81.7,Warning
2024-01-27 19:00:00,468.19,66.1,908.05,97.03,112.18,Critical
2024-01-27 20:00:00,468.62,69.73,925.78,76.97,69.14,Safe
2024-01-27 21:00:00,434.11,65.96,930.68,69.83,69.02,Safe
2024-01-27 22:00:00,435.77,57.87,910.38,79.59,52.95,Safe
2024-01-27 23:00:00,438.88,59.2,871.06,65.35,56.38,Safe
2024-01-28 00:00:00,434.01,56.69,888.44,69.57,85.06,Warning
2024-01-28 01:00:00,420.46,57.47,874.36,72.27,73.16,Safe
2024-01-28 02:00:00,351.93,40.71,818.97,51.38,56.66,Safe
2024-01-28 03:00:00,377.34,42.93,797.1,47.83,42.51,Safe
2024-01-28 04:00:00,409.27,47.0,851.98,74.41,75.58,Safe
2024-01-28 05:00:00,374.4,43.56,814.32,50.81,56.64,Safe
2024-01-28 06:00:00,467.62,65.42,906.48,95.64,96.8,Warning
2024-01-28 07:00:00,464.86,67.34,938.1,91.54,92.9,Warning
2024-01-28 08:00:00,445.67,66.82,891.46,100.81,104.48,Critical
2024-01-28 09:00:00,502.5,72.24,948.9,107.1,104.44,Critical
2024-01-28 10:00:00,513.24,75.13,983.07,104.78,107.23,Critical
2024-01-28 11:00:00,561.19,87.81,1000.07,127.02,122.69,Critical
2024-01-28 12:00:00,566.13,92.17,1004.28,124.45,118.8,Critical
2024-01-28 13:00:00,517.6,77.31,935.08,101.76,97.07,Warning
2024-01-28 14:00:00,600.0,100.0,1100.0,132.57,132.87,Critical
2024-01-28 15:00:00,571.72,87.26,1034.61,118.39,116.5,Critical
2024-01-28 16:00:00,510.48,74.16,959.09,118.33,114.11,Critical
2024-01-28 17:00:00,557.37,89.12,1066.39,116.99,112.12,Critical
2024-01-28 18:00:00,478.4,74.18,962.0,92.94,95.59,Warning
2024-01-28 19:00:00,460.66,64.62,929.01,85.2,85.29,Warning
2024-01-28 20:00:00,496.79,73.3,967.07,99.46,93.83,Warning
2024-01-28 21:00:00,512.33,75.6,967.64,106.87,102.47,Critical
2024-01-28 22:00:00,436.71,54.44,878.67,67.65,68.24,Safe
2024-01-28 23:00:00,400.47,50.45,869.26,66.66,64.26,Safe
2024-01-29 00:00:00,463.21,58.45,888.18,87.7,82.59,Warning
2024-01-29 01:00:00,335.61,40.06,790.17,51.87,50.15,Safe
2024-01-29 02:00:00,428.55,55.67,870.81,68.85,63.76,Safe
2024-01-29 03:00:00,351.02,40.55,752.2,46.61,36.7,Safe
2024-01-29 04:00:00,383.54,52.56,869.03,53.67,69.55,Safe
2024-01-29 05:00:00,367.7,42.63,786.55,41.78,40.51,Safe
2024-01-29 06:00:00,422.72,60.78,917.75,68.06,71.81,Safe
2024-01-29 07:00:00,473.34,68.9,942.51,91.55,92.47,Warning
2024-01-29 08:00:00,457.17,64.17,923.16,77.92,79.14,Safe
2024-01-29 09:00:00,545.82,82.54,1028.11,105.18,111.51,Critical
2024-01-29 10:00:00,578.89,100.0,1079.62,136.16,136.97,Critical
2024-01-29 11:00:00,539.84,81.78,1017.02,101.49,114.3,Critical
2024-01-29 12:00:00,545.13,85.94,1035.59,131.22,129.07,Critical
2024-01-29 13:00:00,600.0,100.0,1095.93,138.3,132.91,Critical
2024-01-29 14:00:00,498.76,76.2,960.58,110.14,113.25,Critical
2024-01-29 15:00:00,529.87,87.13,1048.75,116.63,115.28,Critical
2024-01-29 16:00:00,492.84,77.47,1002.83,95.6,94.69,Warning
2024-01-29 17:00:00,503.99,80.52,1005.1,118.63,114.72,Critical
2024-01-29 18:00:00,445.61,59.73,875.1,77.46,82.69,Warning
2024-01-29 19:00:00,518.56,74.47,960.75,118.27,107.49,Critical
2024-01-29 20:00:00,457.17,66.27,930.02,83.26,88.66,Warning
2024-01-29 21:00:00,496.53,71.93,974.8,95.65,97.71,Warning
2024-01-29 22:00:00,391.15,53.12,830.76,69.97,52.67,Safe
2024-01-29 23:00:00,422.16,54.91,862.15,77.16,70.41,Safe
2024-01-30 00:00:00,446.48,59.28,887.54,78.45,78.33,Safe
2024-01-30 01:00:00,407.89,57.04,883.37,97.12,90.5,Warning
2024-01-30 02:00:00,391.43,48.57,814.22,54.86,61.69,Safe
2024-01-30 03:00:00,433.54,55.88,874.61,61.84,63.4,Safe
2024-01-30 04:00:00,323.61,41.17,799.02,33.75,31.42,Safe
2024-01-30 05:00:00,422.3,50.9,831.67,61.64,60.53,Safe
2024-01-30 06:00:00,455.03,62.52,910.0,94.5,98.28,Warning
2024-01-30 07:00:00,459.03,62.25,899.34,80.47,84.75,Warning
2024-01-30 08:00:00,459.18,66.24,942.1,100.46,105.85,Critical
2024-01-30 09:00:00,469.68,73.45,947.77,99.14,103.38,Critical
2024-01-30 10:00:00,600.0,99.94,1100.0,150.0,132.58,Critical
2024-01-30 11:00:00,587.4,97.14,1067.92,140.23,134.45,Critical
2024-01-30 12:00:00,540.81,85.09,1012.26,120.99,113.14,Critical
2024-01-30 13:00:00,589.63,93.6,1074.54,140.81,142.57,Critical
2024-01-30 14:00:00,516.99,76.58,988.06,101.88,121.61,Critical
2024-01-30 15:00:00,598.94,93.01,1055.88,129.84,135.78,Critical
2024-01-30 16:00:00,485.63,70.87,948.42,98.22,90.42,Warning
2024-01-30 17:00:00,511.52,80.3,969.52,123.34,123.38,Critical
2024-01-30 18:00:00,444.36,61.75,939.61,69.86,63.88,Safe
2024-01-30 19:00:00,473.5,66.92,949.72,74.45,70.14,Safe
2024-01-30 20:00:00,500.06,71.46,971.63,96.94,100.01,Critical
2024-01-30 21:00:00,447.54,67.02,900.01,92.92,93.24,Warning
2024-01-30 22:00:00,445.6,61.37,893.75,79.67,80.91,Warning
2024-01-30 23:00:00,462.21,59.92,892.24,70.58,79.6,Safe
2024-01-31 00:00:00,368.16,42.88,771.92,47.58,46.17,Safe
2024-01-31 01:00:00,445.59,58.14,910.28,63.64,64.94,Safe
2024-01-31 02:00:00,433.94,56.76,915.79,80.3,75.82,Safe
2024-01-31 03:00:00,400.1,46.68,878.76,57.94,60.98,Safe
2024-01-31 04:00:00,344.98,39.08,772.39,40.3,36.25,Safe
2024-01-31 05:00:00,395.92,51.8,861.58,66.65,60.3,Safe
2024-01-31 06:00:00,452.08,62.95,943.85,86.03,91.34,Warning
2024-01-31 07:00:00,457.99,69.86,943.72,86.63,89.66,Warning
2024-01-31 08:00:00,455.38,64.79,911.48,92.67,93.39,Warning
2024-01-31 09:00:00,574.78,92.81,1023.0,135.62,140.69,Critical
2024-01-31 10:00:00,512.34,71.84,984.12,87.4,87.57,Warning
2024-01-31 11:00:00,510.56,76.23,980.73,103.06,111.99,Critical
2024-01-31 12:00:00,541.99,83.31,1000.5,107.24,103.97,Critical
2024-01-31 13:00:00,553.18,84.22,1027.34,109.46,109.42,Critical
2024-01-31 14:00:00,486.29,74.95,978.12,105.03,113.35,Critical
2024-01-31 15:00:00,499.89,75.55,981.45,99.74,91.51,Warning
2024-01-31 16:00:00,598.04,91.02,1050.32,131.01,128.35,Critical
2024-01-31 17:00:00,549.45,87.64,1073.89,119.5,116.69,Critical
2024-01-31 18:00:00,461.07,61.36,903.86,84.68,85.83,Warning
2024-01-31 19:00:00,524.61,77.78,1024.53,115.96,101.73,Critical
2024-01-31 20:00:00,418.95,59.91,911.96,93.28,87.97,Warning
2024-01-31 21:00:00,449.79,61.36,914.53,79.55,75.0,Safe
2024-01-31 22:00:00,413.45,52.85,861.76,54.65,45.56,Safe
2024-01-31 23:00:00,395.1,47.62,859.53,55.43,51.53,Safe
2024-02-01 00:00:00,373.84,46.1,832.99,60.8,49.12,Safe
2024-02-01 01:00:00,396.56,53.05,844.74,57.18,65.89,Safe
2024-02-01 02:00:00,382.94,47.4,815.76,43.33,45.73,Safe
2024-02-01 03:00:00,420.79,55.54,886.99,64.91,82.18,Warning
2024-02-01 04:00:00,404.91,47.08,815.44,53.27,61.42,Safe
2024-02-01 05:00:00,405.88,45.11,824.18,47.84,45.88,Safe
2024-02-01 06:00:00,504.91,71.34,979.96,101.77,104.48,Critical
2024-02-01 07:00:00,450.76,59.68,905.09,78.49,96.66,Warning
2024-02-01 08:00:00,438.1,63.04,899.31,86.43,84.43,Warning
2024-02-01 09:00:00,511.24,79.24,1027.22,106.77,100.4,Critical
2024-02-01 10:00:00,576.98,93.51,1079.6,137.96,136.2,Critical
2024-02-01 11:00:00,494.31,75.79,1001.34,99.88,102.16,Critical
2024-02-01 12:00:00,489.48,70.35,901.86,83.61,103.77,Critical
2024-02-01 13:00:00,559.21,87.28,1043.68,119.57,117.39,Critical
2024-02-01 14:00:00,536.87,82.34,1030.23,103.28,110.23,Critical
2024-02-01 15:00:00,538.39,81.01,1042.46,130.32,135.95,Critical
2024-02-01 16:00:00,539.5,88.04,1008.0,121.19,127.8,Critical
2024-02-01 17:00:00,541.7,82.16,1037.33,110.72,106.4,Critical
2024-02-01 18:00:00,465.62,68.84,980.38,90.19,94.92,Warning
2024-02-01 19:00:00,497.27,77.61,943.67,82.66,104.38,Critical
2024-02-01 20:00:00,513.25,76.45,992.78,117.61,109.84,Critical
2024-02-01 21:00:00,479.58,65.64,941.79,100.54,99.58,Warning
2024-02-01 22:00:00,412.39,51.39,849.76,65.01,61.52,Safe
2024-02-01 23:00:00,435.33,58.76,883.02,77.72,81.54,Warning
2024-02-02 00:00:00,414.02,52.42,876.79,56.71,57.94,Safe
2024-02-02 01:00:00,412.51,52.65,849.72,55.68,60.83,Safe
2024-02-02 02:00:00,339.52,38.82,789.32,27.52,23.39,Safe
2024-02-02 03:00:00,396.2,53.4,884.87,64.74,63.66,Safe
2024-02-02 04:00:00,393.94,48.76,882.39,70.15,72.03,Safe
2024-02-02 05:00:00,367.96,41.71,820.39,45.77,50.94,Safe
2024-02-02 06:00:00,465.84,66.42,935.04,91.24,82.93,Warning
2024-02-02 07:00:00,468.47,64.75,912.39,93.83,98.22,Warning
2024-02-02 08:00:00,454.02,64.26,899.07,70.05,73.96,Safe
2024-02-02 09:00:00,525.88,79.5,1021.91,126.76,128.75,Critical
2024-02-02 10:00:00,507.74,77.44,983.82,115.04,120.27,Critical
2024-02-02 11:00:00,593.49,91.99,1085.27,138.64,144.72,Critical
2024-02-02 12:00:00,523.69,80.64,995.95,118.54,137.43,Critical
2024-02-02 13:00:00,574.05,85.32,1012.32,129.92,136.33,Critical
2024-02-02 14:00:00,518.21,78.32,1000.86,111.15,115.88,Critical
2024-02-02 15:00:00,564.37,91.84,1057.52,140.67,137.02,Critical
2024-02-02 16:00:00,542.85,88.86,1017.78,118.12,126.47,Critical
2024-02-02 17:00:00,576.56,99.19,1100.0,143.19,135.01,Critical
2024-02-02 18:00:00,495.28,77.29,972.66,114.06,111.51,Critical
2024-02-02 19:00:00,495.93,77.06,1005.71,83.83,118.48,Critical
2024-02-02 20:00:00,497.13,72.9,983.02,104.11,111.33,Critical
2024-02-02 21:00:00,459.87,66.81,906.34,92.15,84.34,Warning
2024-02-02 22:00:00,441.82,59.8,876.95,62.8,65.26,Safe
2024-02-02 23:00:00,423.91,51.49,850.82,67.94,70.65,Safe
2024-02-03 00:00:00,395.05,49.07,826.31,52.34,63.86,Safe
2024-02-03 01:00:00,407.63,44.63,861.13,61.69,67.77,Safe
2024-02-03 02:00:00,353.98,42.61,808.65,46.46,48.86,Safe
2024-02-03 03:00:00,403.09,51.3,876.07,56.97,61.82,Safe
2024-02-03 04:00:00,375.45,45.75,840.05,63.22,50.44,Safe
2024-02-03 05:00:00,436.19,55.77,884.66,69.48,73.88,Safe
2024-02-03 06:00:00,458.8,72.54,963.59,96.69,99.9,Warning
2024-02-03 07:00:00,431.08,62.82,941.32,92.12,80.55,Warning
2024-02-03 08:00:00,484.78,71.57,939.7,88.06,85.45,Warning
2024-02-03 09:00:00,589.08,91.84,1097.18,134.65,136.49,Critical
2024-02-03 10:00:00,513.64,77.62,959.78,101.24,106.91,Critical
2024-02-03 11:00:00,574.32,98.31,1100.0,136.3,132.35,Critical
2024-02-03 12:00:00,475.32,73.02,934.19,112.41,108.87,Critical
2024-02-03 13:00:00,592.06,92.16,1053.85,136.27,146.84,Critical
2024-02-03 14:00:00,571.14,94.96,1076.85,136.37,144.42,Critical
2024-02-03 15:00:00,557.04,92.56,1052.09,132.84,134.46,Critical
2024-02-03 16:00:00,600.0,97.12,1081.6,142.89,137.98,Critical
2024-02-03 17:00:00,567.68,88.38,1011.39,109.32,116.74,Critical
2024-02-03 18:00:00,493.76,68.98,923.18,111.65,107.83,Critical
2024-02-03 19:00:00,494.58,76.97,995.81,92.81,98.44,Warning
2024-02-03 20:00:00,459.49,70.21,951.7,105.78,108.64,Critical
2024-02-03 21:00:00,478.9,69.26,931.11,97.15,93.55,Warning
2024-02-03 22:00:00,403.85,49.79,878.08,64.91,59.92,Safe
2024-02-03 23:00:00,445.22,60.03,873.31,74.41,66.64,Safe
2024-02-04 00:00:00,398.13,44.36,813.85,75.15,67.96,Safe
2024-02-04 01:00:00,347.05,42.83,803.03,51.07,78.87,Safe
2024-02-04 02:00:00,417.76,51.43,870.68,66.23,68.64,Safe
2024-02-04 03:00:00,369.77,46.28,832.46,49.38,56.65,Safe
2024-02-04 04:00:00,399.78,46.95,832.37,52.58,54.78,Safe
2024-02-04 05:00:00,365.35,43.0,774.43,47.26,54.25,Safe
2024-02-04 06:00:00,451.6,65.75,947.78,79.5,76.44,Safe
2024-02-04 07:00:00,422.94,57.87,884.56,78.45,84.54,Warning
2024-02-04 08:00:00,422.32,60.64,905.74,71.4,74.0,Safe
2024-02-04 09:00:00,552.69,88.03,1023.68,130.61,153.25,Critical
2024-02-04 10:00:00,562.86,93.42,1047.17,137.64,132.23,Critical
2024-02-04 11:00:00,556.89,86.47,1065.33,123.8,136.29,Critical
2024-02-04 12:00:00,584.2,93.81,1030.04,136.29,134.56,Critical
2024-02-04 13:00:00,517.47,73.46,944.11,106.23,114.81,Critical
2024-02-04 14:00:00,576.73,92.9,1097.07,122.3,122.52,Critical
2024-02-04 15:00:00,500.17,73.22,980.2,114.92,111.44,Critical
2024-02-04 16:00:00,587.44,91.96,1052.64,129.77,151.85,Critical
2024-02-04 17:00:00,561.89,92.67,1090.78,137.21,133.8,Critical
2024-02-04 18:00:00,462.88,70.93,964.48,99.49,101.67,Critical
2024-02-04 19:00:00,508.84,76.51,987.67,85.44,95.57,Warning
2024-02-04 20:00:00,464.88,71.2,960.96,88.71,85.98,Warning
2024-02-04 21:00:00,520.12,71.44,967.44,107.91,112.27,Critical
2024-02-04 22:00:00,434.34,53.49,878.58,70.8,64.29,Safe
2024-02-04 23:00:00,436.98,51.67,906.66,76.27,66.74,Safe
2024-02-05 00:00:00,377.75,44.22,816.81,52.66,61.55,Safe
2024-02-05 01:00:00,382.51,43.7,814.89,61.77,69.64,Safe
2024-02-05 02:00:00,398.17,51.15,828.54,61.88,60.8,Safe
2024-02-05 03:00:00,407.32,48.74,842.56,72.25,61.68,Safe
2024-02-05 04:00:00,385.98,50.75,894.73,55.3,61.08,Safe
2024-02-05 05:00:00,356.0,47.9,861.16,54.08,56.29,Safe
2024-02-05 06:00:00,477.53,72.15,948.79,90.81,89.57,Warning
2024-02-05 07:00:00,429.02,62.35,912.41,82.33,73.34,Safe
2024-02-05 08:00:00,451.73,57.76,860.28,72.69,80.72,Warning
2024-02-05 09:00:00,506.94,70.38,930.58,94.65,98.28,Warning
2024-02-05 10:00:00,466.84,71.62,961.39,88.94,91.24,Warning
2024-02-05 11:00:00,570.28,88.05,1029.37,121.35,116.28,Critical
2024-02-05 12:00:00,543.04,82.43,989.17,114.5,113.56,Critical
2024-02-05 13:00:00,558.74,95.18,1086.68,116.98,111.16,Critical
2024-02-05 14:00:00,501.86,76.83,982.34,86.05,82.86,Warning
2024-02-05 15:00:00,545.08,88.3,1007.01,121.36,116.56,Critical
2024-02-05 16:00:00,515.07,76.15,935.1,80.49,87.84,Warning
2024-02-05 17:00:00,523.36,85.14,1013.16,114.42,117.84,Critical
2024-02-05 18:00:00,477.26,69.66,913.36,88.27,85.96,Warning
2024-02-05 19:00:00,448.08,64.42,880.98,85.72,83.16,Warning
2024-02-05 20:00:00,493.71,71.77,983.69,93.89,103.08,Critical
2024-02-05 21:00:00,479.68,70.68,951.25,107.27,102.37,Critical
2024-02-05 22:00:00,430.27,59.44,891.36,82.42,80.25,Warning
2024-02-05 23:00:00,395.69,49.67,844.21,48.26,50.37,Safe
2024-02-06 00:00:00,447.02,54.63,848.12,68.69,70.12,Safe
2024-02-06 01:00:00,401.44,51.82,868.14,76.53,62.54,Safe
2024-02-06 02:00:00,373.59,47.04,832.32,49.17,55.59,Safe
2024-02-06 03:00:00,372.57,41.1,788.84,46.55,49.11,Safe
2024-02-06 04:00:00,424.07,56.52,869.23,82.32,77.27,Safe
2024-02-06 05:00:00,360.75,45.14,798.7,45.26,41.14,Safe
2024-02-06 06:00:00,484.68,63.36,907.86,95.47,93.89,Warning
2024-02-06 07:00:00,459.15,66.02,924.83,79.42,97.68,Warning
2024-02-06 08:00:00,478.31,70.9,944.99,71.26,73.99,Safe
2024-02-06 09:00:00,514.56,78.08,991.61,117.44,140.92,Critical
2024-02-06 10:00:00,585.18,90.24,1049.47,133.4,137.08,Critical
2024-02-06 11:00:00,532.32,88.96,1049.88,126.52,121.59,Critical
2024-02-06 12:00:00,544.46,85.15,1046.5,111.76,109.79,Critical
2024-02-06 13:00:00,559.14,82.48,1025.45,110.62,101.65,Critical
2024-02-06 14:00:00,499.16,74.34,992.7,111.85,105.55,Critical
2024-02-06 15:00:00,494.47,77.94,971.05,105.79,104.61,Critical
2024-02-06 16:00:00,582.74,97.85,1078.06,136.85,141.24,Critical
2024-02-06 17:00:00,525.06,80.54,1017.08,114.26,115.47,Critical
2024-02-06 18:00:00,518.19,74.89,989.22,117.26,118.4,Critical
2024-02-06 19:00:00,487.45,73.05,950.32,103.4,93.06,Warning
2024-02-06 20:00:00,490.05,69.62,961.55,91.88,81.89,Warning
2024-02-06 21:00:00,448.18,67.07,914.59,74.44,74.19,Safe
2024-02-06 22:00:00,377.47,49.42,857.68,63.47,51.64,Safe
2024-02-06 23:00:00,424.36,57.78,888.32,65.94,72.44,Safe
2024-02-07 00:00:00,421.33,50.3,821.04,53.12,51.41,Safe
2024-02-07 01:00:00,398.44,49.37,837.3,70.54,64.92,Safe
2024-02-07 02:00:00,416.94,53.22,914.11,77.1,66.79,Safe
2024-02-07 03:00:00,420.05,54.04,874.66,71.91,74.0,Safe
2024-02-07 04:00:00,384.37,42.21,861.66,43.8,55.73,Safe
2024-02-07 05:00:00,371.14,44.92,792.83,64.6,64.93,Safe
2024-02-07 06:00:00,472.44,65.7,945.02,97.47,96.89,Warning
2024-02-07 07:00:00,470.29,70.48,896.64,87.71,86.58,Warning
2024-02-07 08:00:00,506.13,69.59,947.94,92.64,98.48,Warning
2024-02-07 09:00:00,531.43,85.66,1042.19,119.74,122.54,Critical
2024-02-07 10:00:00,585.49,99.46,1100.0,136.97,136.96,Critical
2024-02-07 11:00:00,591.66,95.99,1062.37,150.0,145.18,Critical
2024-02-07 12:00:00,541.68,85.14,1048.56,117.2,114.49,Critical
2024-02-07 13:00:00,566.1,90.38,1040.16,118.62,120.9,Critical
2024-02-07 14:00:00,593.74,97.64,1084.59,150.0,160.0,Critical
2024-02-07 15:00:00,576.21,97.87,1079.82,132.57,132.73,Critical
2024-02-07 16:00:00,518.75,74.04,945.2,108.19,97.42,Warning
2024-02-07 17:00:00,590.91,94.6,1100.0,142.72,151.61,Critical
2024-02-07 18:00:00,510.11,72.77,964.91,100.49,85.67,Warning
2024-02-07 19:00:00,465.4,68.2,964.92,83.93,83.25,Warning
2024-02-07 20:00:00,501.95,74.03,993.13,102.36,97.75,Warning
2024-02-07 21:00:00,493.8,72.76,942.51,88.29,90.67,Warning
2024-02-07 22:00:00,458.87,60.77,930.6,82.37,80.01,Warning
2024-02-07 23:00:00,455.56,59.83,910.23,86.32,79.8,Safe
2024-02-08 00:00:00,378.26,43.89,796.55,64.23,62.54,Safe
2024-02-08 01:00:00,398.99,55.06,885.17,59.09,61.95,Safe
2024-02-08 02:00:00,430.44,51.38,834.39,63.39,65.75,Safe
2024-02-08 03:00:00,402.78,48.75,879.09,58.32,59.96,Safe
2024-02-08 04:00:00,359.04,41.89,827.35,50.52,46.92,Safe
2024-02-08 05:00:00,404.01,49.58,846.33,49.23,41.31,Safe
2024-02-08 06:00:00,467.12,72.07,988.18,89.18,95.56,Warning
2024-02-08 07:00:00,483.81,67.26,901.5,75.78,84.45,Warning
2024-02-08 08:00:00,437.44,64.51,906.06,70.18,74.14,Safe
2024-02-08 09:00:00,484.27,71.84,953.65,91.11,93.07,Warning
2024-02-08 10:00:00,568.46,91.26,1100.0,145.15,146.47,Critical
2024-02-08 11:00:00,600.0,97.38,1063.35,141.35,139.2,Critical
2024-02-08 12:00:00,491.93,72.61,925.49,96.8,94.62,Warning
2024-02-08 13:00:00,597.77,97.22,1054.32,148.4,153.67,Critical
2024-02-08 14:00:00,593.81,98.55,1100.0,144.09,138.58,Critical
2024-02-08 15:00:00,525.55,81.5,994.43,115.83,114.27,Critical
2024-02-08 16:00:00,540.64,84.86,1020.8,114.47,115.48,Critical
2024-02-08 17:00:00,535.87,84.63,1039.93,113.54,122.4,Critical
2024-02-08 18:00:00,447.99,67.9,936.02,77.15,87.32,Warning
2024-02-08 19:00:00,449.68,65.11,930.04,80.3,80.47,Warning
2024-02-08 20:00:00,490.19,71.69,970.22,95.73,102.65,Critical
2024-02-08 21:00:00,458.27,65.44,917.73,88.44,90.33,Warning
2024-02-08 22:00:00,421.14,55.83,875.49,70.23,64.89,Safe
2024-02-08 23:00:00,432.31,59.21,901.37,73.37,80.93,Warning
2024-02-09 00:00:00,372.47,46.14,849.8,47.61,54.14,Safe
2024-02-09 01:00:00,433.38,60.07,882.92,79.23,90.35,Warning
2024-02-09 02:00:00,404.34,52.16,794.35,56.54,48.94,Safe
2024-02-09 03:00:00,377.15,44.27,836.3,55.9,67.44,Safe
2024-02-09 04:00:00,411.71,51.55,878.16,50.61,52.77,Safe
2024-02-09 05:00:00,421.95,56.12,885.0,74.13,70.02,Safe
2024-02-09 06:00:00,444.22,64.66,929.2,89.99,85.53,Warning
2024-02-09 07:00:00,449.23,67.2,923.59,91.4,90.93,Warning
2024-02-09 08:00:00,493.68,64.33,932.65,88.31,110.54,Critical
2024-02-09 09:00:00,566.74,95.64,1096.97,142.44,134.86,Critical
2024-02-09 10:00:00,584.1,97.84,1090.44,128.5,122.9,Critical
2024-02-09 11:00:00,575.04,91.95,1100.0,132.45,141.42,Critical
2024-02-09 12:00:00,524.37,79.83,964.75,107.12,107.03,Critical
2024-02-09 13:00:00,563.25,88.99,1048.54,134.44,139.89,Critical
2024-02-09 14:00:00,480.6,71.7,932.66,78.41,88.65,Warning
2024-02-09 15:00:00,569.94,91.65,1077.61,122.49,120.48,Critical
2024-02-09 16:00:00,552.1,87.81,1004.26,135.12,141.11,Critical
2024-02-09 17:00:00,495.51,74.97,945.5,80.47,82.61,Warning
2024-02-09 18:00:00,472.08,67.16,921.87,95.56,97.76,Warning
2024-02-09 19:00:00,519.94,76.29,987.3,100.87,97.75,Warning
2024-02-09 20:00:00,462.29,65.65,915.15,88.22,87.2,Warning
2024-02-09 21:00:00,500.26,75.12,962.72,112.96,110.57,Critical
2024-02-09 22:00:00,415.07,50.03,846.17,65.45,65.13,Safe
2024-02-09 23:00:00,417.02,50.89,849.12,75.72,80.88,Warning
2024-02-10 00:00:00,447.74,56.39,914.67,72.6,89.37,Warning
2024-02-10 01:00:00,369.17,48.44,857.29,54.03,54.05,Safe
2024-02-10 02:00:00,364.55,37.97,782.71,49.28,47.53,Safe
2024-02-10 03:00:00,409.14,50.18,897.03,62.06,61.27,Safe
2024-02-10 04:00:00,377.4,47.45,848.07,61.28,58.85,Safe
2024-02-10 05:00:00,360.08,39.14,774.38,52.41,47.54,Safe
2024-02-10 06:00:00,500.72,71.5,963.14,105.6,111.5,Critical
2024-02-10 07:00:00,460.79,68.1,952.28,77.69,77.64,Safe
2024-02-10 08:00:00,494.04,71.96,944.67,94.4,93.39,Warning
2024-02-10 09:00:00,498.88,71.67,935.19,99.15,95.36,Warning
2024-02-10 10:00:00,532.41,86.85,1036.15,117.93,113.47,Critical
2024-02-10 11:00:00,579.41,95.35,1068.83,135.34,137.13,Critical
2024-02-10 12:00:00,561.41,89.3,1079.04,130.38,131.21,Critical
2024-02-10 13:00:00,574.85,96.5,1098.81,132.72,132.97,Critical
2024-02-10 14:00:00,579.37,97.92,1075.5,135.74,140.86,Critical
2024-02-10 15:00:00,555.83,89.43,1056.52,116.66,118.92,Critical
2024-02-10 16:00:00,546.5,83.82,1046.98,115.82,118.13,Critical
2024-02-10 17:00:00,561.61,88.15,1010.09,110.71,106.68,Critical
2024-02-10 18:00:00,509.06,80.28,978.9,108.99,113.08,Critical
2024-02-10 19:00:00,485.69,69.14,945.45,92.23,95.64,Warning
2024-02-10 20:00:00,462.78,68.62,943.88,83.17,77.68,Safe
2024-02-10 21:00:00,460.62,70.79,952.8,106.9,113.69,Critical
2024-02-10 22:00:00,390.66,48.95,837.91,56.8,57.9,Safe
2024-02-10 23:00:00,425.04,52.33,854.48,69.05,68.22,Safe
2024-02-11 00:00:00,449.46,60.07,908.8,74.41,82.36,Warning
2024-02-11 01:00:00,401.34,50.34,876.65,60.23,51.16,Safe
2024-02-11 02:00:00,398.97,51.2,845.42,64.72,60.22,Safe
2024-02-11 03:00:00,379.1,46.14,884.34,55.11,56.5,Safe
2024-02-11 04:00:00,393.76,48.06,883.44,61.14,55.46,Safe
2024-02-11 05:00:00,342.6,39.39,826.19,50.62,58.79,Safe
2024-02-11 06:00:00,454.17,64.76,937.49,81.65,74.29,Safe
2024-02-11 07:00:00,452.54,63.89,963.63,75.77,80.32,Warning
2024-02-11 08:00:00,422.08,60.25,894.87,63.34,59.54,Safe
2024-02-11 09:00:00,535.7,86.86,1015.98,130.58,126.43,Critical
2024-02-11 10:00:00,554.19,87.11,1023.98,129.43,136.97,Critical
2024-02-11 11:00:00,531.17,82.76,991.74,118.84,110.36,Critical
2024-02-11 12:00:00,486.36,72.67,966.03,94.61,87.45,Warning
2024-02-11 13:00:00,516.04,82.2,1017.6,102.19,108.66,Critical
2024-02-11 14:00:00,566.76,86.17,1035.27,121.11,120.76,Critical
2024-02-11 15:00:00,563.55,93.82,1068.83,130.76,134.73,Critical
2024-02-11 16:00:00,599.52,99.0,1097.93,132.92,143.69,Critical
2024-02-11 17:00:00,520.13,81.74,1046.9,102.95,97.1,Warning
2024-02-11 18:00:00,477.55,69.26,959.94,79.93,83.67,Warning
2024-02-11 19:00:00,496.37,72.49,982.75,105.41,101.48,Critical
2024-02-11 20:00:00,471.94,72.78,968.1,86.94,75.38,Safe
2024-02-11 21:00:00,504.35,76.11,945.01,104.39,109.89,Critical
2024-02-11 22:00:00,455.83,59.79,859.04,73.88,71.27,Safe
2024-02-11 23:00:00,450.18,56.38,927.72,82.32,79.05,Safe
2024-02-12 00:00:00,359.78,40.4,790.3,47.62,59.17,Safe
2024-02-12 01:00:00,369.46,42.22,797.53,46.22,43.1,Safe
2024-02-12 02:00:00,411.84,45.22,831.5,58.79,68.14,Safe
2024-02-12 03:00:00,377.09,40.3,813.61,47.44,52.56,Safe
2024-02-12 04:00:00,361.24,42.47,827.24,44.16,54.48,Safe
2024-02-12 05:00:00,398.13,51.7,897.54,73.41,65.83,Safe
2024-02-12 06:00:00,492.79,69.85,982.27,94.06,98.26,Warning
2024-02-12 07:00:00,404.53,54.67,855.51,65.65,72.26,Safe
2024-02-12 08:00:00,484.51,67.32,957.91,81.52,89.42,Warning
2024-02-12 09:00:00,596.6,97.98,1081.45,141.95,135.7,Critical
2024-02-12 10:00:00,576.81,92.39,1058.92,126.4,122.41,Critical
2024-02-12 11:00:00,494.37,74.49,948.38,95.73,98.41,Warning
2024-02-12 12:00:00,466.9,68.93,907.4,82.35,87.2,Warning
2024-02-12 13:00:00,557.75,84.32,1020.91,118.86,119.35,Critical
2024-02-12 14:00:00,533.51,84.24,1000.17,99.58,105.81,Critical
2024-02-12 15:00:00,569.77,93.88,1089.81,139.02,134.2,Critical
2024-02-12 16:00:00,563.72,91.21,1049.87,127.86,156.23,Critical
2024-02-12 17:00:00,545.62,85.73,1035.44,116.73,121.05,Critical
2024-02-12 18:00:00,466.49,70.23,981.24,82.16,85.37,Warning
2024-02-12 19:00:00,480.13,72.01,927.37,97.93,88.46,Warning
2024-02-12 20:00:00,467.71,69.09,929.51,85.55,95.27,Warning
2024-02-12 21:00:00,517.47,76.41,986.03,116.66,124.96,Critical
2024-02-12 22:00:00,416.36,57.19,892.83,76.04,75.66,Safe
2024-02-12 23:00:00,394.46,54.76,898.08,80.04,76.49,Safe
2024-02-13 00:00:00,371.86,49.85,868.33,60.19,53.76,Safe
2024-02-13 01:00:00,395.21,53.95,871.88,74.22,84.32,Warning
2024-02-13 02:00:00,404.02,46.24,837.87,61.76,59.88,Safe
2024-02-13 03:00:00,360.79,40.14,807.98,42.28,32.91,Safe
2024-02-13 04:00:00,423.38,54.09,838.12,68.57,69.78,Safe
2024-02-13 05:00:00,365.91,39.6,794.56,38.57,32.87,Safe
2024-02-13 06:00:00,457.67,64.22,926.57,101.65,102.7,Critical
2024-02-13 07:00:00,444.67,61.43,917.24,79.8,77.01,Safe
2024-02-13 08:00:00,478.46,65.96,909.46,88.26,72.9,Safe
2024-02-13 09:00:00,548.44,86.6,1005.09,122.85,124.45,Critical
2024-02-13 10:00:00,563.55,85.99,1024.79,113.51,115.43,Critical
2024-02-13 11:00:00,508.73,75.01,1018.33,116.48,112.06,Critical
2024-02-13 12:00:00,533.79,85.61,1010.03,109.22,112.79,Critical
2024-02-13 13:00:00,585.2,98.04,1100.0,129.55,129.12,Critical
2024-02-13 14:00:00,512.06,80.56,1037.66,110.85,119.27,Critical
2024-02-13 15:00:00,504.77,71.93,960.65,89.12,96.21,Warning
2024-02-13 16:00:00,552.61,89.57,1032.89,136.92,126.92,Critical
2024-02-13 17:00:00,574.78,96.49,1093.73,134.77,144.26,Critical
2024-02-13 18:00:00,452.08,61.9,913.79,55.92,63.82,Safe
2024-02-13 19:00:00,504.44,76.45,963.35,104.92,103.97,Critical
2024-02-13 20:00:00,475.2,67.77,924.36,94.52,88.64,Warning
2024-02-13 21:00:00,479.06,63.15,925.73,83.34,85.09,Warning
2024-02-13 22:00:00,436.58,55.95,900.29,63.12,88.64,Warning
2024-02-13 23:00:00,413.26,53.22,859.0,65.54,54.11,Safe
2024-02-14 00:00:00,393.4,53.28,864.88,60.54,68.41,Safe
2024-02-14 01:00:00,384.6,47.9,854.21,50.32,53.77,Safe
2024-02-14 02:00:00,378.55,42.15,806.96,41.16,48.7,Safe
2024-02-14 03:00:00,406.29,55.67,871.76,69.63,68.81,Safe
2024-02-14 04:00:00,437.81,51.96,843.18,74.52,78.78,Safe
2024-02-14 05:00:00,355.64,38.86,777.3,46.04,48.01,Safe
2024-02-14 06:00:00,455.92,63.81,977.77,73.79,64.28,Safe
2024-02-14 07:00:00,463.83,68.29,937.13,94.86,89.16,Warning
2024-02-14 08:00:00,496.95,72.5,992.53,106.99,109.77,Critical
2024-02-14 09:00:00,542.75,89.74,1085.75,137.7,121.51,Critical
2024-02-14 10:00:00,584.23,88.48,1038.36,120.02,117.91,Critical
2024-02-14 11:00:00,500.64,70.55,960.86,97.24,90.09,Warning
2024-02-14 12:00:00,542.86,82.27,1013.6,120.43,117.77,Critical
2024-02-14 13:00:00,578.41,99.47,1061.88,133.45,130.16,Critical
2024-02-14 14:00:00,594.88,98.0,1055.86,142.45,144.24,Critical
2024-02-14 15:00:00,600.0,99.9,1100.0,142.72,145.02,Critical
2024-02-14 16:00:00,508.02,74.93,965.3,95.8,89.91,Warning
2024-02-14 17:00:00,565.17,94.8,1100.0,128.31,130.4,Critical
2024-02-14 18:00:00,449.74,64.71,918.35,94.07,98.96,Warning
2024-02-14 19:00:00,494.91,75.31,1019.47,96.6,96.87,Warning
2024-02-14 20:00:00,468.39,69.21,935.57,81.83,84.02,Warning
2024-02-14 21:00:00,496.8,68.85,986.32,100.07,99.78,Warning
2024-02-14 22:00:00,386.23,53.28,877.54,64.04,64.87,Safe
2024-02-14 23:00:00,417.02,51.96,872.19,56.05,66.2,Safe
2024-02-15 00:00:00,400.43,54.63,861.89,62.05,71.06,Safe
2024-02-15 01:00:00,406.7,55.04,887.89,62.33,67.6,Safe
2024-02-15 02:00:00,412.02,60.04,937.44,71.59,71.88,Safe
2024-02-15 03:00:00,404.67,53.09,862.26,85.62,86.08,Warning
2024-02-15 04:00:00,431.79,52.66,855.83,65.5,69.48,Safe
2024-02-15 05:00:00,426.39,55.67,872.92,63.81,72.45,Safe
2024-02-15 06:00:00,417.62,58.6,928.64,91.82,85.85,Warning
2024-02-15 07:00:00,482.84,67.15,954.57,99.4,89.84,Warning
2024-02-15 08:00:00,500.0,70.69,985.3,105.0,105.08,Critical
2024-02-15 09:00:00,568.46,91.75,1065.65,123.48,130.04,Critical
2024-02-15 10:00:00,590.77,90.57,1053.72,140.63,134.18,Critical
2024-02-15 11:00:00,533.7,80.55,1012.08,119.77,108.93,Critical
2024-02-15 12:00:00,580.52,92.74,1087.24,134.9,130.68,Critical
2024-02-15 13:00:00,578.51,97.44,1081.76,123.42,126.85,Critical
2024-02-15 14:00:00,493.5,71.18,986.01,98.72,102.38,Critical
2024-02-15 15:00:00,499.48,74.11,978.6,115.49,106.28,Critical
2024-02-15 16:00:00,582.04,93.69,1015.51,132.17,133.86,Critical
2024-02-15 17:00:00,500.14,77.43,1006.59,103.22,105.08,Critical
2024-02-15 18:00:00,501.63,74.96,946.81,98.89,101.33,Critical
2024-02-15 19:00:00,493.16,76.15,999.65,102.61,108.23,Critical
2024-02-15 20:00:00,464.7,73.69,988.28,91.3,106.36,Critical
2024-02-15 21:00:00,490.78,69.2,953.26,94.58,91.05,Warning
2024-02-15 22:00:00,362.21,45.81,841.01,64.41,62.27,Safe
2024-02-15 23:00:00,384.14,45.66,852.48,66.69,63.17,Safe
2024-02-16 00:00:00,390.62,46.49,821.55,49.65,57.02,Safe
2024-02-16 01:00:00,431.73,56.79,901.41,84.37,96.35,Warning
2024-02-16 02:00:00,361.48,41.36,832.39,54.57,52.87,Safe
2024-02-16 03:00:00,390.24,46.61,871.77,63.82,63.45,Safe
2024-02-16 04:00:00,383.75,44.29,797.12,54.98,59.66,Safe
2024-02-16 05:00:00,421.21,52.73,872.64,60.28,57.44,Safe
2024-02-16 06:00:00,457.79,58.38,870.75,73.56,79.26,Safe
2024-02-16 07:00:00,446.12,60.71,881.46,84.69,82.14,Warning
2024-02-16 08:00:00,452.9,63.0,922.9,73.62,86.64,Warning
2024-02-16 09:00:00,574.35,96.76,1085.5,127.97,119.35,Critical
2024-02-16 10:00:00,537.26,82.79,1039.14,119.64,115.82,Critical
2024-02-16 11:00:00,555.78,86.61,1025.43,115.52,112.75,Critical
2024-02-16 12:00:00,511.27,78.49,989.5,114.03,111.06,Critical
2024-02-16 13:00:00,563.38,88.94,1049.35,120.13,121.21,Critical
2024-02-16 14:00:00,517.14,80.31,982.59,111.23,109.34,Critical
2024-02-16 15:00:00,599.59,97.55,1071.84,141.8,144.03,Critical
2024-02-16 16:00:00,574.62,90.46,1076.85,126.6,132.0,Critical
2024-02-16 17:00:00,560.22,86.91,1022.47,120.53,115.71,Critical
2024-02-16 18:00:00,437.97,59.08,921.41,72.62,60.1,Safe
2024-02-16 19:00:00,483.12,74.42,985.46,100.21,112.89,Critical
2024-02-16 20:00:00,492.55,75.28,942.35,91.94,105.31,Critical
2024-02-16 21:00:00,496.73,72.1,972.17,97.43,98.23,Warning
2024-02-16 22:00:00,428.36,48.52,854.09,69.88,73.42,Safe
2024-02-16 23:00:00,422.15,56.73,892.95,63.36,59.18,Safe
2024-02-17 00:00:00,389.54,45.79,825.83,51.32,48.49,Safe
2024-02-17 01:00:00,348.54,39.08,774.72,45.67,45.23,Safe
2024-02-17 02:00:00,395.24,52.22,890.72,48.64,59.23,Safe
2024-02-17 03:00:00,370.53,45.0,822.77,66.92,75.25,Safe
2024-02-17 04:00:00,374.89,51.01,835.62,66.84,70.21,Safe
2024-02-17 05:00:00,395.31,44.09,830.51,42.44,40.65,Safe
2024-02-17 06:00:00,426.78,64.5,906.16,63.57,59.03,Safe
2024-02-17 07:00:00,441.95,61.41,886.17,78.64,80.66,Warning
2024-02-17 08:00:00,458.43,68.73,935.39,80.59,88.07,Warning
2024-02-17 09:00:00,585.1,99.37,1082.21,147.3,150.15,Critical
2024-02-17 10:00:00,548.99,82.43,992.08,118.62,121.83,Critical
2024-02-17 11:00:00,550.09,86.82,1051.84,123.91,122.19,Critical
2024-02-17 12:00:00,549.52,90.76,1051.3,121.6,129.72,Critical
2024-02-17 13:00:00,547.87,89.03,1072.7,138.58,143.42,Critical
2024-02-17 14:00:00,577.04,96.94,1065.9,141.63,137.66,Critical
2024-02-17 15:00:00,507.67,77.07,947.34,108.1,110.0,Critical
2024-02-17 16:00:00,574.46,93.01,1068.32,141.69,143.03,Critical
2024-02-17 17:00:00,555.98,82.36,1052.63,111.73,113.86,Critical
2024-02-17 18:00:00,459.41,71.56,969.48,104.4,95.22,Warning
2024-02-17 19:00:00,472.59,68.27,1012.09,93.35,96.78,Warning
2024-02-17 20:00:00,439.38,60.95,912.06,81.93,92.46,Warning
2024-02-17 21:00:00,445.69,58.11,895.73,75.37,77.94,Safe
2024-02-17 22:00:00,449.85,61.22,858.68,62.52,72.13,Safe
2024-02-17 23:00:00,445.31,59.26,905.71,85.81,81.17,Warning
2024-02-18 00:00:00,377.11,43.07,819.06,36.41,35.46,Safe
2024-02-18 01:00:00,427.15,60.05,891.29,68.05,67.02,Safe
2024-02-18 02:00:00,400.28,45.83,826.14,52.93,53.46,Safe
2024-02-18 03:00:00,405.26,48.52,841.1,44.71,50.6,Safe
2024-02-18 04:00:00,392.86,45.01,821.09,45.86,44.41,Safe
2024-02-18 05:00:00,406.9,47.3,882.47,63.94,68.4,Safe
2024-02-18 06:00:00,486.33,70.12,942.44,91.73,97.64,Warning
2024-02-18 07:00:00,457.81,59.27,900.07,77.21,85.56,Warning
2024-02-18 08:00:00,480.13,68.71,934.66,84.78,101.38,Critical
2024-02-18 09:00:00,480.13,70.8,971.24,96.44,83.17,Warning
2024-02-18 10:00:00,486.43,71.63,962.04,94.38,102.6,Critical
2024-02-18 11:00:00,582.19,95.63,1071.99,122.34,117.33,Critical
2024-02-18 12:00:00,470.17,69.36,904.43,88.03,79.86,Safe
2024-02-18 13:00:00,503.93,70.27,956.7,87.67,88.63,Warning
2024-02-18 14:00:00,504.35,75.05,968.44,109.6,101.59,Critical
2024-02-18 15:00:00,513.49,78.04,988.86,104.15,110.65,Critical
2024-02-18 16:00:00,552.28,86.71,1007.54,140.6,135.57,Critical
2024-02-18 17:00:00,581.8,85.02,1056.63,133.22,136.12,Critical
2024-02-18 18:00:00,509.68,81.38,1025.75,110.84,110.65,Critical
2024-02-18 19:00:00,452.37,66.05,961.73,92.77,85.3,Warning
2024-02-18 20:00:00,477.35,74.17,996.08,83.37,92.69,Warning
2024-02-18 21:00:00,519.38,80.66,1016.33,119.57,113.04,Critical
2024-02-18 22:00:00,400.56,49.28,821.27,52.67,69.33,Safe
2024-02-18 23:00:00,401.89,52.1,901.05,67.29,63.52,Safe
2024-02-19 00:00:00,361.56,42.28,790.99,40.96,43.49,Safe
2024-02-19 01:00:00,393.35,47.84,833.3,52.89,56.22,Safe
2024-02-19 02:00:00,385.93,48.24,856.75,57.27,53.37,Safe
2024-02-19 03:00:00,423.66,54.83,890.79,71.51,73.46,Safe
2024-02-19 04:00:00,441.96,56.59,895.54,74.65,77.67,Safe
2024-02-19 05:00:00,407.88,49.6,839.19,61.44,62.09,Safe
2024-02-19 06:00:00,463.45,62.78,900.55,70.0,65.18,Safe
2024-02-19 07:00:00,458.56,60.84,959.96,103.0,101.46,Critical
2024-02-19 08:00:00,463.16,64.8,923.14,87.9,97.69,Warning
2024-02-19 09:00:00,537.98,85.05,1021.69,121.65,126.86,Critical
2024-02-19 10:00:00,487.95,74.69,957.75,96.79,95.12,Warning
2024-02-19 11:00:00,491.4,74.22,976.48,93.65,86.78,Warning
2024-02-19 12:00:00,516.31,80.91,1008.91,112.47,115.66,Critical
2024-02-19 13:00:00,509.24,74.75,973.39,105.36,106.49,Critical
2024-02-19 14:00:00,565.69,90.21,1059.45,138.54,132.45,Critical
2024-02-19 15:00:00,525.51,78.94,1033.5,128.79,136.51,Critical
2024-02-19 16:00:00,552.24,92.12,1047.51,139.24,132.21,Critical
2024-02-19 17:00:00,596.16,94.03,1071.1,121.6,130.05,Critical
2024-02-19 18:00:00,457.86,65.96,915.55,82.26,85.8,Warning
2024-02-19 19:00:00,443.64,64.76,930.28,86.79,102.24,Critical
2024-02-19 20:00:00,470.33,69.12,933.09,87.97,94.92,Warning
2024-02-19 21:00:00,484.21,62.36,900.24,84.77,81.22,Warning
2024-02-19 22:00:00,386.09,47.88,807.29,38.31,44.92,Safe
2024-02-19 23:00:00,439.85,61.1,907.65,86.49,81.34,Warning
2024-02-20 00:00:00,395.47,49.54,857.15,45.99,50.04,Safe
2024-02-20 01:00:00,393.84,48.98,885.83,49.46,60.66,Safe
2024-02-20 02:00:00,361.3,43.06,825.63,41.38,42.31,Safe
2024-02-20 03:00:00,390.16,47.04,825.31,55.54,68.88,Safe
2024-02-20 04:00:00,409.9,48.71,813.64,46.43,52.01,Safe
2024-02-20 05:00:00,375.68,42.82,787.23,40.23,37.71,Safe
2024-02-20 06:00:00,444.96,65.13,897.15,91.78,86.69,Warning
2024-02-20 07:00:00,443.7,62.13,951.97,82.27,82.31,Warning
2024-02-20 08:00:00,478.44,71.54,964.03,99.53,117.78,Critical
2024-02-20 09:00:00,520.46,79.93,986.82,99.71,101.69,Critical
2024-02-20 10:00:00,549.83,82.8,992.88,115.5,118.38,Critical
2024-02-20 11:00:00,556.88,89.74,1029.87,123.81,120.93,Critical
2024-02-20 12:00:00,598.77,100.0,1086.6,135.69,138.37,Critical
2024-02-20 13:00:00,600.0,96.26,1100.0,139.41,140.74,Critical
2024-02-20 14:00:00,600.0,98.48,1091.74,126.08,129.09,Critical
2024-02-20 15:00:00,600.0,100.0,1068.16,144.6,133.57,Critical
2024-02-20 16:00:00,599.53,93.03,1100.0,133.82,136.37,Critical
2024-02-20 17:00:00,565.38,89.63,1023.07,123.36,128.81,Critical
2024-02-20 18:00:00,441.15,67.24,923.2,92.3,98.29,Warning
2024-02-20 19:00:00,472.78,65.28,955.22,92.99,103.88,Critical
2024-02-20 20:00:00,458.35,70.16,959.93,89.69,83.96,Warning
2024-02-20 21:00:00,459.69,63.34,906.36,74.45,80.12,Warning
2024-02-20 22:00:00,373.45,49.36,819.71,66.58,60.59,Safe
2024-02-20 23:00:00,396.62,50.79,832.68,50.01,54.38,Safe
2024-02-21 00:00:00,395.03,50.03,830.21,64.78,63.58,Safe
2024-02-21 01:00:00,401.62,53.1,865.65,52.49,47.31,Safe
2024-02-21 02:00:00,406.36,52.81,868.25,73.09,79.82,Safe
2024-02-21 03:00:00,369.58,38.78,790.63,52.84,47.49,Safe
2024-02-21 04:00:00,378.24,47.06,834.44,40.16,35.91,Safe
2024-02-21 05:00:00,391.15,45.88,806.28,57.91,57.48,Safe
2024-02-21 06:00:00,430.0,60.88,910.85,80.93,79.36,Safe
2024-02-21 07:00:00,458.75,65.35,954.92,93.52,94.98,Warning
2024-02-21 08:00:00,488.77,71.06,951.72,99.08,86.98,Warning
2024-02-21 09:00:00,518.73,83.17,1011.84,105.95,107.81,Critical
2024-02-21 10:00:00,561.08,94.86,1076.13,130.79,131.74,Critical
2024-02-21 11:00:00,522.41,78.88,1019.0,124.19,122.76,Critical
2024-02-21 12:00:00,571.6,88.97,1025.17,116.86,117.78,Critical
2024-02-21 13:00:00,584.97,96.52,1100.0,140.82,144.82,Critical
2024-02-21 14:00:00,480.8,71.8,968.27,106.03,108.78,Critical
2024-02-21 15:00:00,494.82,73.16,966.43,91.62,96.56,Warning
2024-02-21 16:00:00,494.54,73.44,993.89,90.07,89.9,Warning
2024-02-21 17:00:00,521.52,79.53,971.64,98.35,106.76,Critical
2024-02-21 18:00:00,460.72,74.03,981.64,100.27,97.87,Warning
2024-02-21 19:00:00,482.67,74.41,981.52,89.86,97.42,Warning
2024-02-21 20:00:00,458.93,67.69,917.87,86.6,78.23,Safe
2024-02-21 21:00:00,475.19,68.27,951.48,103.11,106.93,Critical
2024-02-21 22:00:00,455.96,63.34,922.93,83.52,80.72,Warning
2024-02-21 23:00:00,424.35,53.86,865.37,62.4,60.77,Safe
2024-02-22 00:00:00,402.69,49.77,867.83,63.7,73.49,Safe
2024-02-22 01:00:00,344.59,40.7,790.92,42.85,57.55,Safe
2024-02-22 02:00:00,401.22,45.24,832.15,60.15,49.79,Safe
2024-02-22 03:00:00,386.49,42.17,807.95,63.65,57.39,Safe
2024-02-22 04:00:00,347.43,41.26,792.78,47.5,43.95,Safe
2024-02-22 05:00:00,399.82,48.79,855.01,77.02,93.97,Warning
2024-02-22 06:00:00,465.26,68.4,937.43,93.86,95.25,Warning
2024-02-22 07:00:00,480.46,69.63,915.74,85.65,83.63,Warning
2024-02-22 08:00:00,482.31,66.89,894.83,106.73,103.42,Critical
2024-02-22 09:00:00,600.0,97.37,1100.0,139.77,133.03,Critical
2024-02-22 10:00:00,554.32,85.95,1002.9,111.31,113.28,Critical
2024-02-22 11:00:00,483.01,69.72,954.75,113.1,108.16,Critical
2024-02-22 12:00:00,503.08,76.96,986.01,99.08,120.53,Critical
2024-02-22 13:00:00,476.19,68.41,933.94,85.15,76.12,Safe
2024-02-22 14:00:00,600.0,97.78,1100.0,136.7,129.91,Critical
2024-02-22 15:00:00,513.21,78.46,996.25,109.37,104.93,Critical
2024-02-22 16:00:00,511.15,80.89,1021.07,118.81,117.42,Critical
2024-02-22 17:00:00,566.92,97.4,1093.27,115.23,123.17,Critical
2024-02-22 18:00:00,469.1,65.48,922.31,94.7,88.65,Warning
2024-02-22 19:00:00,485.18,70.43,951.73,90.75,102.83,Critical
2024-02-22 20:00:00,486.08,73.78,1000.99,97.8,96.31,Warning
2024-02-22 21:00:00,510.2,73.96,993.74,117.44,120.06,Critical
2024-02-22 22:00:00,442.94,62.21,953.99,84.98,84.48,Warning
2024-02-22 23:00:00,413.35,53.81,873.93,71.36,74.23,Safe
2024-02-23 00:00:00,379.85,45.02,805.81,51.81,47.74,Safe
2024-02-23 01:00:00,370.21,43.78,809.21,56.3,46.77,Safe
2024-02-23 02:00:00,424.06,55.19,849.82,81.73,78.72,Safe
2024-02-23 03:00:00,380.0,40.97,821.72,29.93,32.0,Safe
2024-02-23 04:00:00,350.41,41.6,795.11,53.79,46.15,Safe
2024-02-23 05:00:00,424.64,54.45,805.03,77.92,72.37,Safe
2024-02-23 06:00:00,477.17,68.69,997.65,99.51,100.3,Critical
2024-02-23 07:00:00,454.99,63.21,903.5,77.12,74.37,Safe
2024-02-23 08:00:00,473.53,65.33,913.96,77.97,80.35,Warning
2024-02-23 09:00:00,548.37,86.92,1071.38,142.86,134.17,Critical
2024-02-23 10:00:00,600.0,99.96,1073.22,134.12,145.18,Critical
2024-02-23 11:00:00,600.0,97.98,1100.0,150.0,160.0,Critical
2024-02-23 12:00:00,507.34,78.6,980.08,109.62,114.85,Critical
2024-02-23 13:00:00,535.19,82.75,984.63,130.0,122.21,Critical
2024-02-23 14:00:00,530.53,83.51,1055.08,115.41,117.13,Critical
2024-02-23 15:00:00,556.58,89.61,1068.36,114.2,119.31,Critical
2024-02-23 16:00:00,570.45,93.74,1088.94,133.49,157.92,Critical
2024-02-23 17:00:00,512.28,76.42,990.19,93.95,94.74,Warning
2024-02-23 18:00:00,492.06,72.73,976.83,120.89,119.69,Critical
2024-02-23 19:00:00,458.88,63.34,889.59,87.32,96.19,Warning
2024-02-23 20:00:00,499.67,74.98,977.36,108.56,97.83,Warning
2024-02-23 21:00:00,438.1,65.14,905.27,88.49,97.14,Warning
2024-02-23 22:00:00,433.44,58.25,860.69,67.62,62.35,Safe
2024-02-23 23:00:00,457.61,64.18,929.94,84.21,94.71,Warning
2024-02-24 00:00:00,381.68,44.57,848.33,55.47,83.21,Warning
2024-02-24 01:00:00,414.13,55.61,869.62,84.69,84.24,Warning
2024-02-24 02:00:00,358.1,43.71,813.89,39.7,39.81,Safe
2024-02-24 03:00:00,408.38,49.91,824.51,55.07,61.07,Safe
2024-02-24 04:00:00,356.73,40.14,800.86,42.07,51.6,Safe
2024-02-24 05:00:00,417.04,53.66,885.02,63.37,67.04,Safe
2024-02-24 06:00:00,460.54,66.12,948.01,76.68,107.72,Critical
2024-02-24 07:00:00,473.08,68.29,953.44,70.38,78.89,Safe
2024-02-24 08:00:00,458.27,66.14,917.09,71.62,73.02,Safe
2024-02-24 09:00:00,501.53,78.77,979.55,114.7,118.9,Critical
2024-02-24 10:00:00,538.99,83.09,1032.95,117.22,123.3,Critical
2024-02-24 11:00:00,504.84,78.32,1009.46,114.4,116.38,Critical
2024-02-24 12:00:00,566.9,91.15,1051.97,123.96,124.37,Critical
2024-02-24 13:00:00,580.31,93.64,1058.82,131.97,141.98,Critical
2024-02-24 14:00:00,526.3,83.63,1043.83,129.78,126.65,Critical
2024-02-24 15:00:00,503.11,79.99,992.03,120.31,112.21,Critical
2024-02-24 16:00:00,532.65,74.67,989.76,114.31,106.58,Critical
2024-02-24 17:00:00,551.25,89.66,1045.29,126.7,138.09,Critical
2024-02-24 18:00:00,487.61,69.72,925.55,97.45,90.55,Warning
2024-02-24 19:00:00,501.43,68.57,978.32,100.12,97.21,Warning
2024-02-24 20:00:00,502.78,72.93,967.29,99.03,98.45,Warning
2024-02-24 21:00:00,451.47,63.92,903.96,79.51,80.63,Warning
2024-02-24 22:00:00,404.62,51.39,826.35,70.8,68.0,Safe
2024-02-24 23:00:00,435.3,61.74,880.32,67.17,68.91,Safe
2024-02-25 00:00:00,392.62,45.07,817.15,66.35,65.65,Safe
2024-02-25 01:00:00,413.77,51.46,899.65,65.17,63.22,Safe
2024-02-25 02:00:00,374.36,45.39,814.09,41.84,44.32,Safe
2024-02-25 03:00:00,351.13,41.43,838.99,43.33,36.63,Safe
2024-02-25 04:00:00,342.3,40.2,798.12,36.14,40.87,Safe
2024-02-25 05:00:00,393.49,44.92,798.61,48.71,38.29,Safe
2024-02-25 06:00:00,471.17,67.37,926.44,84.64,78.77,Safe
2024-02-25 07:00:00,442.49,59.87,871.17,71.19,62.31,Safe
2024-02-25 08:00:00,424.04,58.89,875.62,71.01,78.54,Safe
2024-02-25 09:00:00,479.31,74.95,955.26,98.02,99.24,Warning
2024-02-25 10:00:00,580.56,91.77,1016.97,134.8,131.19,Critical
2024-02-25 11:00:00,528.51,81.98,1043.18,113.74,118.18,Critical
2024-02-25 12:00:00,511.9,74.8,978.64,106.33,116.97,Critical
2024-02-25 13:00:00,559.04,91.11,1040.45,127.02,111.51,Critical
2024-02-25 14:00:00,524.96,82.07,1015.23,117.99,119.59,Critical
2024-02-25 15:00:00,582.71,93.18,1047.52,132.35,133.7,Critical
2024-02-25 16:00:00,600.0,98.08,1031.64,132.09,138.82,Critical
2024-02-25 17:00:00,567.21,89.01,1100.0,122.38,129.17,Critical
2024-02-25 18:00:00,479.43,70.89,958.62,96.99,96.69,Warning
2024-02-25 19:00:00,463.28,63.67,905.39,94.22,89.2,Warning
2024-02-25 20:00:00,494.89,69.84,906.65,91.32,88.6,Warning
2024-02-25 21:00:00,494.49,73.99,937.08,92.85,96.03,Warning
2024-02-25 22:00:00,404.09,52.82,900.5,65.37,61.62,Safe
2024-02-25 23:00:00,451.84,58.26,924.34,74.71,69.18,Safe
2024-02-26 00:00:00,414.28,55.86,895.87,65.61,49.52,Safe
2024-02-26 01:00:00,421.57,53.19,841.42,54.74,54.69,Safe
2024-02-26 02:00:00,412.18,53.25,899.47,66.74,69.51,Safe
2024-02-26 03:00:00,361.98,46.94,844.6,55.9,59.63,Safe
2024-02-26 04:00:00,428.0,53.05,879.66,60.58,62.19,Safe
2024-02-26 05:00:00,364.87,50.87,864.17,51.85,58.39,Safe
2024-02-26 06:00:00,446.38,68.54,909.55,78.81,79.72,Safe
2024-02-26 07:00:00,436.7,57.33,860.29,61.66,69.39,Safe
2024-02-26 08:00:00,453.42,61.51,896.33,72.83,72.61,Safe
2024-02-26 09:00:00,485.15,73.52,981.76,98.03,103.81,Critical
2024-02-26 10:00:00,512.31,77.56,957.43,94.11,86.1,Warning
2024-02-26 11:00:00,473.32,77.19,982.09,100.23,99.15,Warning
2024-02-26 12:00:00,518.54,77.16,981.91,101.1,122.93,Critical
2024-02-26 13:00:00,557.06,88.39,1059.39,118.11,127.78,Critical
2024-02-26 14:00:00,566.0,91.66,1073.14,133.24,122.27,Critical
2024-02-26 15:00:00,584.09,95.95,1057.53,129.98,126.47,Critical
2024-02-26 16:00:00,588.19,95.32,1100.0,133.84,128.34,Critical
2024-02-26 17:00:00,558.32,89.68,1022.81,134.98,133.73,Critical
2024-02-26 18:00:00,468.48,73.68,992.43,91.03,94.43,Warning
2024-02-26 19:00:00,489.39,64.66,911.2,100.89,91.08,Warning
2024-02-26 20:00:00,484.77,66.99,938.56,88.65,88.41,Warning
2024-02-26 21:00:00,466.89,71.22,961.07,85.14,82.41,Warning
2024-02-26 22:00:00,408.69,53.38,871.25,62.26,65.16,Safe
2024-02-26 23:00:00,423.86,56.79,898.79,73.61,78.15,Safe
2024-02-27 00:00:00,448.94,58.46,900.91,87.65,88.67,Warning
2024-02-27 01:00:00,341.65,42.97,832.09,53.84,62.76,Safe
2024-02-27 02:00:00,390.89,49.47,857.57,60.92,45.27,Safe
2024-02-27 03:00:00,365.83,47.62,810.28,63.07,57.58,Safe
2024-02-27 04:00:00,419.57,55.89,885.39,55.93,56.85,Safe
2024-02-27 05:00:00,340.78,36.85,771.84,40.52,40.96,Safe
2024-02-27 06:00:00,444.44,60.83,879.75,80.3,82.8,Warning
2024-02-27 07:00:00,451.05,64.88,918.02,86.93,79.22,Safe
2024-02-27 08:00:00,475.41,71.48,961.43,82.61,86.19,Warning
2024-02-27 09:00:00,539.56,82.72,1019.09,108.07,107.05,Critical
2024-02-27 10:00:00,562.17,88.95,1067.98,125.81,146.4,Critical
2024-02-27 11:00:00,509.76,75.51,1006.31,114.65,109.45,Critical
2024-02-27 12:00:00,497.76,75.06,982.7,117.82,120.72,Critical
2024-02-27 13:00:00,570.44,94.61,1084.43,128.62,129.23,Critical
2024-02-27 14:00:00,571.98,93.41,1069.15,121.71,122.46,Critical
2024-02-27 15:00:00,530.06,80.76,1020.68,120.02,130.31,Critical
2024-02-27 16:00:00,493.01,80.87,1015.06,129.72,133.34,Critical
2024-02-27 17:00:00,540.24,83.68,1017.2,125.84,114.88,Critical
2024-02-27 18:00:00,478.41,68.52,989.94,89.06,91.77,Warning
2024-02-27 19:00:00,493.95,73.27,954.33,121.7,100.91,Critical
2024-02-27 20:00:00,450.91,63.25,948.25,90.26,99.42,Warning
2024-02-27 21:00:00,429.55,66.37,902.06,75.76,64.57,Safe
2024-02-27 22:00:00,447.08,63.31,934.45,99.0,92.31,Warning
2024-02-27 23:00:00,428.09,50.76,885.4,60.68,65.22,Safe
2024-02-28 00:00:00,377.46,44.32,779.64,44.78,35.02,Safe
2024-02-28 01:00:00,422.82,56.78,886.96,78.03,79.08,Safe
2024-02-28 02:00:00,418.96,54.68,889.14,69.9,73.21,Safe
2024-02-28 03:00:00,421.65,54.17,876.39,69.52,74.38,Safe
2024-02-28 04:00:00,372.86,40.91,812.87,48.6,44.54,Safe
2024-02-28 05:00:00,411.04,53.56,870.8,76.01,81.41,Warning
2024-02-28 06:00:00,451.71,61.44,883.13,60.82,70.27,Safe
2024-02-28 07:00:00,478.47,63.75,970.85,92.13,93.37,Warning
2024-02-28 08:00:00,448.53,58.61,881.97,74.24,67.04,Safe
2024-02-28 09:00:00,563.84,82.77,1023.4,113.4,117.83,Critical
2024-02-28 10:00:00,491.45,75.16,961.57,94.51,102.49,Critical
2024-02-28 11:00:00,567.31,85.96,979.73,98.83,102.78,Critical
2024-02-28 12:00:00,503.25,78.58,972.56,99.15,110.81,Critical
2024-02-28 13:00:00,514.43,77.37,955.0,115.12,109.24,Critical
2024-02-28 14:00:00,523.73,78.37,1015.86,117.07,118.7,Critical
2024-02-28 15:00:00,546.77,88.48,1029.05,121.03,122.43,Critical
2024-02-28 16:00:00,546.55,86.33,1020.34,108.9,110.66,Critical
2024-02-28 17:00:00,560.11,86.84,1010.78,128.25,130.07,Critical
2024-02-28 18:00:00,480.62,72.64,965.27,107.81,95.09,Warning
2024-02-28 19:00:00,482.65,64.82,908.34,95.79,104.55,Critical
2024-02-28 20:00:00,487.7,76.77,1005.68,96.37,120.63,Critical
2024-02-28 21:00:00,493.24,66.52,939.24,85.17,93.1,Warning
2024-02-28 22:00:00,437.26,55.81,866.47,85.15,85.6,Warning
2024-02-28 23:00:00,392.42,48.42,860.81,50.22,57.43,Safe
2024-02-29 00:00:00,400.4,51.51,857.72,67.12,54.71,Safe
2024-02-29 01:00:00,407.1,53.55,868.22,52.24,58.86,Safe
2024-02-29 02:00:00,351.34,38.31,759.37,37.88,43.23,Safe
2024-02-29 03:00:00,362.72,40.85,802.69,51.09,51.36,Safe
2024-02-29 04:00:00,434.29,54.18,877.97,70.61,68.39,Safe
2024-02-29 05:00:00,421.8,48.56,872.14,68.41,66.42,Safe
2024-02-29 06:00:00,461.23,64.61,906.51,74.85,73.31,Safe
2024-02-29 07:00:00,427.44,59.82,949.22,72.53,73.88,Safe
2024-02-29 08:00:00,474.84,70.62,965.35,98.78,105.78,Critical
2024-02-29 09:00:00,578.48,95.26,1042.87,138.54,132.18,Critical
2024-02-29 10:00:00,551.34,91.44,1038.61,127.96,133.52,Critical
2024-02-29 11:00:00,558.65,93.79,1100.0,140.34,139.5,Critical
2024-02-29 12:00:00,570.56,85.3,1053.85,110.95,116.95,Critical
2024-02-29 13:00:00,588.72,96.12,1081.0,133.48,126.32,Critical
2024-02-29 14:00:00,527.1,84.69,1026.75,131.42,123.49,Critical
2024-02-29 15:00:00,583.83,93.1,1039.88,141.86,135.23,Critical
2024-02-29 16:00:00,570.3,96.7,1100.0,141.7,140.63,Critical
2024-02-29 17:00:00,540.86,89.05,1023.52,120.76,121.3,Critical
2024-02-29 18:00:00,500.0,77.81,1007.63,114.87,139.38,Critical
2024-02-29 19:00:00,464.0,60.21,930.79,86.14,85.0,Warning
2024-02-29 20:00:00,461.14,66.17,931.91,75.36,75.03,Safe
2024-02-29 21:00:00,488.38,80.64,1024.49,116.59,124.77,Critical
2024-02-29 22:00:00,431.62,53.67,909.0,65.03,74.22,Safe
2024-02-29 23:00:00,401.83,51.53,863.55,69.91,61.22,Safe
2024-03-01 00:00:00,359.43,46.33,827.79,39.25,35.09,Safe
2024-03-01 01:00:00,384.05,47.12,834.13,68.98,76.9,Safe
2024-03-01 02:00:00,429.65,55.59,861.6,68.31,62.92,Safe
2024-03-01 03:00:00,374.02,42.09,793.61,39.4,41.31,Safe
2024-03-01 04:00:00,399.18,43.5,827.23,49.0,49.14,Safe
2024-03-01 05:00:00,365.34,44.32,817.99,47.9,41.88,Safe
2024-03-01 06:00:00,479.85,69.8,956.21,94.24,90.61,Warning
2024-03-01 07:00:00,438.05,61.96,877.02,88.4,88.98,Warning
2024-03-01 08:00:00,464.49,71.52,955.56,94.43,87.11,Warning
2024-03-01 09:00:00,587.92,93.88,1092.06,118.5,123.92,Critical
2024-03-01 10:00:00,575.29,92.2,1036.38,119.75,131.15,Critical
2024-03-01 11:00:00,567.61,90.91,1054.91,150.0,141.63,Critical
2024-03-01 12:00:00,557.7,87.93,998.85,122.68,123.16,Critical
2024-03-01 13:00:00,504.48,78.52,963.88,112.72,108.23,Critical
2024-03-01 14:00:00,576.48,97.64,1100.0,135.7,138.98,Critical
2024-03-01 15:00:00,575.25,93.68,1061.6,124.32,130.35,Critical
2024-03-01 16:00:00,577.42,90.29,1091.54,127.68,129.47,Critical
2024-03-01 17:00:00,577.83,88.83,1053.66,129.09,127.29,Critical
2024-03-01 18:00:00,495.94,71.2,967.67,94.41,91.48,Warning
2024-03-01 19:00:00,482.25,70.46,928.62,108.83,107.63,Critical
2024-03-01 20:00:00,458.26,63.62,909.63,78.72,75.53,Safe
2024-03-01 21:00:00,449.48,62.33,895.53,72.21,75.73,Safe
2024-03-01 22:00:00,396.48,52.71,840.11,69.26,61.76,Safe
2024-03-01 23:00:00,419.51,54.79,888.56,77.68,77.7,Safe
2024-03-02 00:00:00,356.63,43.83,838.17,50.58,54.89,Safe
2024-03-02 01:00:00,381.98,45.93,838.43,50.37,49.67,Safe
2024-03-02 02:00:00,450.95,57.01,866.83,59.38,61.97,Safe
2024-03-02 03:00:00,395.88,46.09,837.73,66.71,79.93,Safe
2024-03-02 04:00:00,397.72,52.66,821.22,68.71,64.12,Safe
2024-03-02 05:00:00,404.39,51.35,885.86,61.81,69.37,Safe
2024-03-02 06:00:00,431.96,60.91,875.99,76.64,79.76,Safe
2024-03-02 07:00:00,465.16,66.51,907.9,85.01,87.2,Warning
2024-03-02 08:00:00,446.62,58.01,892.59,89.49,83.5,Warning
2024-03-02 09:00:00,576.22,91.77,1063.34,122.65,110.74,Critical
2024-03-02 10:00:00,600.0,96.24,1079.6,133.62,130.31,Critical
2024-03-02 11:00:00,531.81,78.78,969.48,103.22,104.39,Critical
2024-03-02 12:00:00,493.18,72.58,987.83,102.63,105.56,Critical
2024-03-02 13:00:00,557.4,86.98,997.81,121.14,131.88,Critical
2024-03-02 14:00:00,486.01,72.21,928.42,97.01,108.35,Critical
2024-03-02 15:00:00,538.57,88.59,1040.6,115.32,122.53,Critical
2024-03-02 16:00:00,500.76,70.62,925.29,107.51,118.58,Critical
2024-03-02 17:00:00,600.0,99.47,1100.0,138.92,139.2,Critical
2024-03-02 18:00:00,505.95,77.33,960.73,113.59,115.85,Critical
2024-03-02 19:00:00,513.24,77.35,1021.0,133.71,125.37,Critical
2024-03-02 20:00:00,513.05,73.92,992.37,96.95,104.28,Critical
2024-03-02 21:00:00,498.53,71.67,985.52,102.61,86.6,Warning
2024-03-02 22:00:00,384.56,51.26,897.82,62.53,54.75,Safe
2024-03-02 23:00:00,434.09,57.67,890.14,90.77,83.12,Warning
2024-03-03 00:00:00,418.65,55.25,853.96,66.19,70.46,Safe
2024-03-03 01:00:00,380.9,41.33,804.38,51.09,54.94,Safe
2024-03-03 02:00:00,385.75,42.83,801.68,52.61,63.41,Safe
2024-03-03 03:00:00,414.46,49.0,829.4,60.35,65.65,Safe
2024-03-03 04:00:00,357.27,43.23,819.47,54.83,50.01,Safe
2024-03-03 05:00:00,355.58,41.64,801.34,46.89,54.16,Safe
2024-03-03 06:00:00,501.08,71.37,940.3,101.07,103.83,Critical
2024-03-03 07:00:00,430.92,59.8,893.6,77.87,83.81,Warning
2024-03-03 08:00:00,466.14,71.86,971.38,90.46,88.06,Warning
2024-03-03 09:00:00,581.58,93.53,1088.69,132.46,125.26,Critical
2024-03-03 10:00:00,590.22,99.47,1062.09,143.54,145.08,Critical
2024-03-03 11:00:00,600.0,100.0,1093.33,147.01,157.48,Critical
2024-03-03 12:00:00,591.07,96.73,1080.54,147.94,138.18,Critical
2024-03-03 13:00:00,529.88,81.91,983.53,127.09,125.27,Critical
2024-03-03 14:00:00,514.11,79.82,996.47,105.16,96.18,Warning
2024-03-03 15:00:00,600.0,98.33,1094.91,142.35,136.49,Critical
2024-03-03 16:00:00,519.54,78.63,1004.56,107.91,116.01,Critical
2024-03-03 17:00:00,594.28,100.0,1100.0,133.46,141.93,Critical
2024-03-03 18:00:00,508.48,79.9,980.12,112.26,110.51,Critical
2024-03-03 19:00:00,494.85,73.97,1014.11,109.33,101.54,Critical
2024-03-03 20:00:00,468.47,70.54,970.94,85.82,82.32,Warning
2024-03-03 21:00:00,497.76,70.84,966.36,94.93,98.78,Warning
2024-03-03 22:00:00,409.08,58.6,915.11,70.03,67.99,Safe
2024-03-03 23:00:00,398.13,50.02,855.48,49.55,45.62,Safe
2024-03-04 00:00:00,413.46,51.23,884.45,65.94,72.93,Safe
2024-03-04 01:00:00,420.11,53.83,870.4,59.23,52.17,Safe
2024-03-04 02:00:00,373.0,45.76,828.84,54.66,60.75,Safe
2024-03-04 03:00:00,404.2,48.74,857.68,63.55,66.28,Safe
2024-03-04 04:00:00,357.32,42.43,846.83,52.9,48.09,Safe
2024-03-04 05:00:00,422.33,55.66,911.57,76.22,58.67,Safe
2024-03-04 06:00:00,492.21,70.77,966.89,109.48,107.32,Critical
2024-03-04 07:00:00,488.32,70.46,963.67,89.84,98.66,Warning
2024-03-04 08:00:00,461.63,67.77,954.16,84.18,89.9,Warning
2024-03-04 09:00:00,574.28,89.38,1068.58,134.24,133.58,Critical
2024-03-04 10:00:00,493.17,72.99,993.52,99.78,96.85,Warning
2024-03-04 11:00:00,600.0,98.87,1089.15,150.0,142.93,Critical
2024-03-04 12:00:00,560.81,84.85,1053.25,127.11,127.47,Critical
2024-03-04 13:00:00,518.37,75.68,985.95,121.03,115.16,Critical
2024-03-04 14:00:00,500.76,71.27,970.67,98.18,101.99,Critical
2024-03-04 15:00:00,557.46,88.69,1073.85,114.86,119.42,Critical
2024-03-04 16:00:00,600.0,97.33,1100.0,143.46,147.7,Critical
2024-03-04 17:00:00,521.03,79.51,1017.7,110.6,112.9,Critical
2024-03-04 18:00:00,483.87,75.2,967.43,104.31,116.6,Critical
2024-03-04 19:00:00,499.04,73.7,1001.46,107.92,114.55,Critical
2024-03-04 20:00:00,466.51,65.73,943.96,84.21,77.8,Safe
2024-03-04 21:00:00,482.25,68.52,945.37,84.76,88.49,Warning
2024-03-04 22:00:00,436.21,59.5,921.72,77.06,81.27,Warning
2024-03-04 23:00:00,381.22,47.97,896.78,41.28,60.8,Safe
2024-03-05 00:00:00,442.15,58.24,865.48,75.14,79.99,Safe
2024-03-05 01:00:00,411.61,57.5,869.82,67.2,62.65,Safe
2024-03-05 02:00:00,381.22,40.2,860.08,58.41,59.73,Safe
2024-03-05 03:00:00,370.52,43.44,826.59,35.1,34.14,Safe
2024-03-05 04:00:00,366.12,40.67,807.55,47.01,56.46,Safe
2024-03-05 05:00:00,373.26,41.36,804.26,60.81,60.14,Safe
2024-03-05 06:00:00,436.03,56.94,911.29,80.8,76.09,Safe
2024-03-05 07:00:00,453.27,68.25,998.7,100.17,89.65,Warning
2024-03-05 08:00:00,453.7,60.54,888.07,81.91,79.43,Safe
2024-03-05 09:00:00,500.68,74.11,968.42,87.89,91.69,Warning
2024-03-05 10:00:00,518.79,81.92,1001.88,113.33,112.1,Critical
2024-03-05 11:00:00,475.38,71.47,973.47,99.47,100.38,Critical
2024-03-05 12:00:00,503.88,77.14,1012.59,98.16,89.13,Warning
2024-03-05 13:00:00,510.86,82.26,1046.96,113.03,111.68,Critical
2024-03-05 14:00:00,593.59,92.37,1078.72,111.26,116.7,Critical
2024-03-05 15:00:00,570.73,87.48,1092.83,125.74,119.76,Critical
2024-03-05 16:00:00,586.24,94.98,1062.26,131.33,125.45,Critical
2024-03-05 17:00:00,532.99,84.03,1001.79,126.71,128.43,Critical
2024-03-05 18:00:00,436.2,59.74,931.03,74.16,81.55,Warning
2024-03-05 19:00:00,491.97,70.34,954.4,93.96,91.2,Warning
2024-03-05 20:00:00,455.45,57.71,858.28,74.57,69.98,Safe
2024-03-05 21:00:00,488.09,74.02,963.15,94.55,95.34,Warning
2024-03-05 22:00:00,370.07,46.43,837.77,59.9,57.58,Safe
2024-03-05 23:00:00,435.71,53.51,853.33,53.03,54.59,Safe
2024-03-06 00:00:00,385.38,52.6,840.68,70.49,64.01,Safe
2024-03-06 01:00:00,413.4,56.88,879.83,70.65,70.2,Safe
2024-03-06 02:00:00,388.94,48.1,817.08,67.0,58.16,Safe
2024-03-06 03:00:00,410.47,58.08,904.37,50.91,64.04,Safe
2024-03-06 04:00:00,430.13,53.64,825.44,47.25,56.75,Safe
2024-03-06 05:00:00,403.24,47.81,841.04,57.15,52.3,Safe
2024-03-06 06:00:00,438.87,61.73,920.08,84.39,93.42,Warning
2024-03-06 07:00:00,485.11,66.8,932.01,86.47,85.24,Warning
2024-03-06 08:00:00,470.33,62.51,936.6,90.44,101.86,Critical
2024-03-06 09:00:00,531.62,83.3,986.35,121.63,126.74,Critical
2024-03-06 10:00:00,528.61,83.73,1003.23,120.13,119.3,Critical
2024-03-06 11:00:00,544.39,78.19,983.69,111.64,109.53,Critical
2024-03-06 12:00:00,600.0,99.16,1100.0,143.05,137.45,Critical
2024-03-06 13:00:00,546.43,85.71,1033.36,115.51,115.8,Critical
2024-03-06 14:00:00,552.05,83.24,1063.35,120.36,125.35,Critical
2024-03-06 15:00:00,559.43,88.8,1026.27,115.99,120.96,Critical
2024-03-06 16:00:00,515.48,80.64,972.51,102.47,94.31,Warning
2024-03-06 17:00:00,556.28,88.79,1083.31,131.34,133.13,Critical
2024-03-06 18:00:00,460.62,61.52,876.12,76.43,87.3,Warning
2024-03-06 19:00:00,419.55,61.86,924.33,72.49,74.42,Safe
2024-03-06 20:00:00,498.45,75.62,956.57,105.08,97.26,Warning
2024-03-06 21:00:00,527.68,77.08,939.87,108.27,97.96,Warning
2024-03-06 22:00:00,414.03,55.3,868.25,67.06,60.12,Safe
2024-03-06 23:00:00,450.37,57.18,905.69,75.8,75.76,Safe
2024-03-07 00:00:00,407.21,46.85,807.37,60.46,54.36,Safe
2024-03-07 01:00:00,413.16,53.52,880.27,75.64,71.82,Safe
2024-03-07 02:00:00,413.52,55.37,893.63,71.91,77.83,Safe
2024-03-07 03:00:00,364.02,42.01,782.07,36.78,40.74,Safe
2024-03-07 04:00:00,410.14,43.21,811.04,52.84,54.16,Safe
2024-03-07 05:00:00,409.52,45.82,863.8,56.66,63.58,Safe
2024-03-07 06:00:00,436.16,58.6,907.31,68.16,67.87,Safe
2024-03-07 07:00:00,461.61,67.53,931.9,92.69,92.75,Warning
2024-03-07 08:00:00,474.52,68.22,950.24,96.54,101.38,Critical
2024-03-07 09:00:00,521.29,79.47,982.27,114.85,110.3,Critical
2024-03-07 10:00:00,487.71,76.28,1005.9,95.79,94.33,Warning
2024-03-07 11:00:00,493.4,73.07,989.84,101.97,118.85,Critical
2024-03-07 12:00:00,533.91,78.85,996.91,110.86,109.03,Critical
2024-03-07 13:00:00,558.69,95.97,1084.93,136.17,135.41,Critical
2024-03-07 14:00:00,564.73,88.29,1019.48,125.02,118.8,Critical
2024-03-07 15:00:00,522.89,75.91,949.81,104.16,110.43,Critical
2024-03-07 16:00:00,550.23,89.52,1039.31,123.42,122.48,Critical
2024-03-07 17:00:00,600.0,97.19,1084.03,148.51,141.9,Critical
2024-03-07 18:00:00,495.1,76.19,1004.33,97.54,108.05,Critical
2024-03-07 19:00:00,455.54,62.34,931.99,82.19,76.68,Safe
2024-03-07 20:00:00,433.11,59.35,900.82,85.12,68.58,Safe
2024-03-07 21:00:00,463.58,66.97,961.04,83.73,109.93,Critical
2024-03-07 22:00:00,417.96,56.65,862.49,63.98,74.49,Safe
2024-03-07 23:00:00,436.94,56.79,907.65,81.03,80.27,Warning
2024-03-08 00:00:00,375.96,41.02,787.71,35.85,56.01,Safe
2024-03-08 01:00:00,386.54,46.86,861.57,63.2,44.81,Safe
2024-03-08 02:00:00,388.96,52.0,859.71,58.54,62.47,Safe
2024-03-08 03:00:00,366.8,40.29,757.49,46.99,54.32,Safe
2024-03-08 04:00:00,420.07,53.54,883.76,59.18,63.95,Safe
2024-03-08 05:00:00,370.05,43.27,834.16,60.72,68.81,Safe
2024-03-08 06:00:00,477.62,62.87,904.31,75.27,75.36,Safe
2024-03-08 07:00:00,428.14,62.51,904.38,84.57,76.7,Safe
2024-03-08 08:00:00,445.6,69.16,942.29,79.39,70.15,Safe
2024-03-08 09:00:00,500.73,77.74,946.35,117.41,109.43,Critical
2024-03-08 10:00:00,579.75,92.45,1010.23,128.2,113.61,Critical
2024-03-08 11:00:00,517.5,83.07,1043.99,130.96,136.66,Critical
2024-03-08 12:00:00,493.95,76.92,966.47,96.09,104.1,Critical
2024-03-08 13:00:00,528.67,78.84,1035.02,109.01,105.44,Critical
2024-03-08 14:00:00,537.16,82.67,1043.5,127.02,129.38,Critical
2024-03-08 15:00:00,524.6,79.83,1033.63,101.42,124.05,Critical
2024-03-08 16:00:00,558.06,86.78,1019.59,116.31,111.74,Critical
2024-03-08 17:00:00,586.21,98.04,1054.82,140.93,138.01,Critical
2024-03-08 18:00:00,505.53,77.71,964.64,96.45,103.81,Critical
2024-03-08 19:00:00,475.58,66.06,920.48,92.62,82.04,Warning
2024-03-08 20:00:00,449.37,67.05,883.04,85.26,81.61,Warning
2024-03-08 21:00:00,463.16,73.29,955.99,83.13,72.52,Safe
2024-03-08 22:00:00,432.65,59.68,893.96,84.03,74.1,Safe
2024-03-08 23:00:00,399.23,46.55,804.27,45.63,43.85,Safe
2024-03-09 00:00:00,388.9,46.33,808.76,60.74,65.99,Safe
2024-03-09 01:00:00,422.08,52.52,857.75,67.78,69.68,Safe
2024-03-09 02:00:00,395.37,55.9,887.34,64.56,65.72,Safe
2024-03-09 03:00:00,422.06,54.41,852.45,59.2,59.35,Safe
2024-03-09 04:00:00,364.83,38.92,801.03,47.56,50.21,Safe
2024-03-09 05:00:00,413.17,58.02,893.11,65.5,80.91,Warning
2024-03-09 06:00:00,455.91,60.96,905.83,90.54,90.74,Warning
2024-03-09 07:00:00,456.88,64.61,908.71,94.22,93.17,Warning
2024-03-09 08:00:00,518.68,68.92,915.27,108.88,108.18,Critical
2024-03-09 09:00:00,528.76,89.81,1086.37,127.22,118.15,Critical
2024-03-09 10:00:00,600.0,98.45,1100.0,138.45,143.47,Critical
2024-03-09 11:00:00,494.28,74.95,996.88,100.46,104.65,Critical
2024-03-09 12:00:00,471.2,73.46,965.46,93.95,88.77,Warning
2024-03-09 13:00:00,517.74,81.28,1002.79,113.37,119.52,Critical
2024-03-09 14:00:00,534.8,82.73,1024.44,119.46,119.84,Critical
2024-03-09 15:00:00,584.68,92.54,1022.34,140.01,137.27,Critical
2024-03-09 16:00:00,538.51,78.6,968.48,109.7,112.92,Critical
2024-03-09 17:00:00,542.27,80.59,985.4,101.47,103.81,Critical
2024-03-09 18:00:00,459.28,68.2,931.0,85.68,91.03,Warning
2024-03-09 19:00:00,490.26,68.61,923.7,105.02,108.2,Critical
2024-03-09 20:00:00,487.2,70.43,959.47,83.45,91.55,Warning
2024-03-09 21:00:00,449.08,64.56,924.59,90.15,88.84,Warning
2024-03-09 22:00:00,399.23,50.55,883.39,60.75,63.07,Safe
2024-03-09 23:00:00,424.54,58.62,947.52,70.56,76.2,Safe
2024-03-10 00:00:00,392.12,47.9,811.72,59.64,51.08,Safe
2024-03-10 01:00:00,426.86,59.27,899.59,88.07,77.95,Safe
2024-03-10 02:00:00,420.01,58.6,896.2,76.71,74.7,Safe
2024-03-10 03:00:00,437.87,57.79,888.64,72.88,73.85,Safe
2024-03-10 04:00:00,401.28,48.12,816.73,47.69,54.76,Safe
2024-03-10 05:00:00,368.93,42.89,794.27,47.59,53.6,Safe
2024-03-10 06:00:00,475.23,64.02,925.39,76.31,79.66,Safe
2024-03-10 07:00:00,482.47,71.53,936.85,92.43,102.07,Critical
2024-03-10 08:00:00,440.96,61.3,910.0,79.12,82.41,Warning
2024-03-10 09:00:00,574.57,91.33,1051.24,110.77,115.68,Critical
2024-03-10 10:00:00,493.19,73.76,971.92,111.3,107.41,Critical
2024-03-10 11:00:00,517.39,79.05,974.28,97.83,101.4,Critical
2024-03-10 12:00:00,458.07,73.34,970.16,94.03,108.39,Critical
2024-03-10 13:00:00,597.99,99.44,1077.82,145.22,148.59,Critical
2024-03-10 14:00:00,553.58,94.79,1077.49,142.12,134.45,Critical
2024-03-10 15:00:00,513.43,82.63,1042.62,108.07,99.76,Warning
2024-03-10 16:00:00,475.99,73.67,974.09,78.11,82.65,Warning
2024-03-10 17:00:00,522.28,84.22,1028.18,124.58,125.87,Critical
2024-03-10 18:00:00,437.28,61.24,924.18,69.98,72.71,Safe
2024-03-10 19:00:00,479.99,71.7,927.62,97.08,100.0,Warning
2024-03-10 20:00:00,478.58,67.32,974.42,96.49,100.27,Critical
2024-03-10 21:00:00,480.95,69.46,924.08,66.18,74.34,Safe
2024-03-10 22:00:00,394.26,55.22,895.45,55.06,55.94,Safe
2024-03-10 23:00:00,407.41,51.56,874.23,61.48,69.19,Safe
2024-03-11 00:00:00,378.98,43.63,798.3,29.79,25.45,Safe
2024-03-11 01:00:00,383.32,46.98,857.1,46.65,59.38,Safe
2024-03-11 02:00:00,415.27,54.03,881.1,69.61,70.87,Safe
2024-03-11 03:00:00,410.46,51.95,901.33,66.78,63.77,Safe
2024-03-11 04:00:00,423.66,53.24,870.45,70.74,69.84,Safe
2024-03-11 05:00:00,341.91,40.99,802.56,47.62,52.03,Safe
2024-03-11 06:00:00,483.5,71.73,947.33,82.38,90.39,Warning
2024-03-11 07:00:00,470.6,62.37,873.5,71.62,63.2,Safe
2024-03-11 08:00:00,469.27,62.36,904.8,89.7,72.15,Safe
2024-03-11 09:00:00,570.91,89.75,1042.68,139.55,136.43,Critical
2024-03-11 10:00:00,600.0,100.0,1100.0,135.26,137.39,Critical
2024-03-11 11:00:00,522.8,74.91,943.24,105.08,97.26,Warning
2024-03-11 12:00:00,563.77,84.23,1015.89,126.66,124.34,Critical
2024-03-11 13:00:00,584.03,96.46,1094.98,139.67,139.0,Critical
2024-03-11 14:00:00,546.83,90.1,1065.36,124.14,118.21,Critical
2024-03-11 15:00:00,540.86,86.16,989.88,112.41,108.9,Critical
2024-03-11 16:00:00,579.75,84.1,1036.04,139.1,131.36,Critical
2024-03-11 17:00:00,537.99,89.99,1044.53,124.49,123.12,Critical
2024-03-11 18:00:00,456.57,65.79,924.88,89.31,92.13,Warning
2024-03-11 19:00:00,443.46,65.81,877.03,84.37,95.35,Warning
2024-03-11 20:00:00,480.75,69.75,981.61,89.37,89.44,Warning
2024-03-11 21:00:00,438.52,63.84,923.09,82.68,88.57,Warning
2024-03-11 22:00:00,409.6,52.78,830.21,61.25,59.14,Safe
2024-03-11 23:00:00,408.22,58.88,902.65,70.47,74.17,Safe
2024-03-12 00:00:00,362.05,38.35,799.33,46.54,55.16,Safe
2024-03-12 01:00:00,438.07,55.24,903.1,66.38,65.32,Safe
2024-03-12 02:00:00,394.86,50.06,843.49,50.91,51.12,Safe
2024-03-12 03:00:00,398.15,50.01,850.31,65.33,61.84,Safe
2024-03-12 04:00:00,429.51,57.95,875.61,69.08,88.07,Warning
2024-03-12 05:00:00,427.77,56.31,894.7,70.12,66.65,Safe
2024-03-12 06:00:00,493.75,73.57,950.61,83.39,83.87,Warning
2024-03-12 07:00:00,476.75,66.5,912.85,96.21,92.5,Warning
2024-03-12 08:00:00,507.3,72.51,961.06,104.37,114.83,Critical
2024-03-12 09:00:00,527.4,84.7,996.53,120.74,120.14,Critical
2024-03-12 10:00:00,563.19,91.88,1094.65,134.46,138.24,Critical
2024-03-12 11:00:00,596.1,95.87,1100.0,126.89,137.24,Critical
2024-03-12 12:00:00,526.74,86.66,1023.32,120.1,123.96,Critical
2024-03-12 13:00:00,512.17,84.94,994.19,108.44,112.2,Critical
2024-03-12 14:00:00,598.89,98.93,1100.0,134.25,132.17,Critical
2024-03-12 15:00:00,545.39,84.61,1012.44,122.11,124.4,Critical
2024-03-12 16:00:00,540.85,87.74,1064.54,136.62,128.96,Critical
2024-03-12 17:00:00,502.22,77.58,970.58,116.39,129.99,Critical
2024-03-12 18:00:00,444.24,63.72,930.58,88.28,96.04,Warning
2024-03-12 19:00:00,447.22,64.84,926.71,84.14,80.35,Warning
2024-03-12 20:00:00,508.79,74.77,958.97,100.42,95.22,Warning
2024-03-12 21:00:00,438.83,63.84,924.48,75.16,75.79,Safe
2024-03-12 22:00:00,444.32,62.01,929.38,79.63,87.81,Warning
2024-03-12 23:00:00,413.57,56.56,884.71,78.06,72.28,Safe
2024-03-13 00:00:00,392.71,53.27,868.49,79.1,73.58,Safe
2024-03-13 01:00:00,378.98,41.7,789.3,41.75,42.27,Safe
2024-03-13 02:00:00,356.84,41.03,830.32,31.56,32.23,Safe
2024-03-13 03:00:00,384.28,45.41,850.03,51.47,63.87,Safe
2024-03-13 04:00:00,363.17,46.07,821.32,59.25,54.81,Safe
2024-03-13 05:00:00,410.45,55.21,873.32,85.16,97.76,Warning
2024-03-13 06:00:00,440.59,57.5,918.61,87.34,81.4,Warning
2024-03-13 07:00:00,467.34,57.78,863.96,87.31,87.62,Warning
2024-03-13 08:00:00,432.33,65.0,938.29,76.63,73.39,Safe
2024-03-13 09:00:00,514.14,79.24,983.91,101.51,108.54,Critical
2024-03-13 10:00:00,493.45,71.92,998.72,89.68,93.62,Warning
2024-03-13 11:00:00,572.57,95.3,1077.9,129.06,126.37,Critical
2024-03-13 12:00:00,598.89,96.75,1100.0,147.42,139.13,Critical
2024-03-13 13:00:00,479.43,72.89,947.7,109.35,98.46,Warning
2024-03-13 14:00:00,551.55,87.35,1009.28,123.75,121.33,Critical
2024-03-13 15:00:00,545.37,88.17,1035.7,120.49,121.1,Critical
2024-03-13 16:00:00,500.91,70.96,960.58,89.53,108.9,Critical
2024-03-13 17:00:00,491.09,75.14,964.46,99.77,107.94,Critical
2024-03-13 18:00:00,480.19,71.28,973.08,98.22,100.15,Critical
2024-03-13 19:00:00,491.84,69.65,943.63,83.14,87.35,Warning
2024-03-13 20:00:00,437.29,62.92,868.81,85.46,92.93,Warning
2024-03-13 21:00:00,513.56,78.15,1002.91,104.84,107.64,Critical
2024-03-13 22:00:00,382.44,51.99,840.53,67.41,67.16,Safe
2024-03-13 23:00:00,401.21,54.11,862.59,65.81,60.98,Safe
2024-03-14 00:00:00,420.55,53.8,903.17,72.76,76.72,Safe
2024-03-14 01:00:00,367.65,45.38,865.9,49.03,43.89,Safe
2024-03-14 02:00:00,395.34,50.74,841.04,58.28,54.11,Safe
2024-03-14 03:00:00,424.7,54.45,884.96,75.48,77.42,Safe
2024-03-14 04:00:00,363.33,42.86,802.15,47.11,45.72,Safe
2024-03-14 05:00:00,369.0,39.37,790.54,36.34,40.33,Safe
2024-03-14 06:00:00,447.14,61.03,891.82,79.93,81.11,Warning
2024-03-14 07:00:00,454.78,62.17,872.91,82.88,88.64,Warning
2024-03-14 08:00:00,481.05,65.92,931.69,100.64,109.15,Critical
2024-03-14 09:00:00,573.2,92.18,1067.24,140.39,142.06,Critical
2024-03-14 10:00:00,593.3,92.94,1049.94,132.67,151.68,Critical
2024-03-14 11:00:00,529.44,79.17,1019.78,107.64,109.28,Critical
2024-03-14 12:00:00,534.71,85.51,1017.96,116.1,120.47,Critical
2024-03-14 13:00:00,505.54,71.86,945.28,94.27,102.87,Critical
2024-03-14 14:00:00,508.13,76.11,992.13,109.25,106.6,Critical
2024-03-14 15:00:00,497.27,75.7,944.56,109.02,109.7,Critical
2024-03-14 16:00:00,567.94,91.01,1075.0,139.93,133.14,Critical
2024-03-14 17:00:00,600.0,96.43,1073.3,135.07,160.0,Critical
2024-03-14 18:00:00,464.01,64.41,943.81,82.96,91.23,Warning
2024-03-14 19:00:00,471.39,61.47,935.69,81.59,75.51,Safe
2024-03-14 20:00:00,507.77,73.14,979.78,86.43,86.0,Warning
2024-03-14 21:00:00,514.44,76.78,966.04,95.34,101.52,Critical
2024-03-14 22:00:00,403.72,54.52,845.08,65.22,68.37,Safe
2024-03-14 23:00:00,404.08,51.65,826.7,65.03,60.36,Safe
2024-03-15 00:00:00,406.32,51.33,880.91,69.17,70.05,Safe
2024-03-15 01:00:00,439.55,57.45,884.28,68.39,75.13,Safe
2024-03-15 02:00:00,385.0,44.02,806.92,48.1,48.9,Safe
2024-03-15 03:00:00,412.89,52.63,860.24,63.74,74.73,Safe
2024-03-15 04:00:00,421.8,55.03,898.92,68.28,81.35,Warning
2024-03-15 05:00:00,400.09,47.5,854.63,65.17,63.86,Safe
2024-03-15 06:00:00,428.3,60.08,910.05,66.6,72.21,Safe
2024-03-15 07:00:00,481.06,64.33,935.68,79.35,76.97,Safe
2024-03-15 08:00:00,458.38,71.76,962.76,91.38,82.15,Warning
2024-03-15 09:00:00,575.02,88.66,1049.95,116.44,124.66,Critical
2024-03-15 10:00:00,579.97,95.15,1080.61,120.11,128.0,Critical
2024-03-15 11:00:00,524.6,77.64,988.2,96.29,124.27,Critical
2024-03-15 12:00:00,586.41,95.33,1093.22,135.05,135.65,Critical
2024-03-15 13:00:00,575.76,92.73,1071.6,137.25,138.29,Critical
2024-03-15 14:00:00,575.32,91.89,1040.07,134.76,118.07,Critical
2024-03-15 15:00:00,571.09,89.94,1061.34,141.36,134.18,Critical
2024-03-15 16:00:00,538.8,85.85,1034.69,120.52,143.82,Critical
2024-03-15 17:00:00,521.69,76.8,997.45,109.62,119.1,Critical
2024-03-15 18:00:00,479.62,73.7,966.21,96.17,105.07,Critical
2024-03-15 19:00:00,483.17,70.81,971.91,94.87,97.47,Warning
2024-03-15 20:00:00,476.02,66.08,929.05,105.68,90.98,Warning
2024-03-15 21:00:00,459.77,61.46,923.23,84.9,75.82,Safe
2024-03-15 22:00:00,437.29,57.71,878.51,77.03,75.49,Safe
2024-03-15 23:00:00,421.57,56.77,875.33,62.2,78.72,Safe
2024-03-16 00:00:00,393.91,45.34,839.95,59.49,55.62,Safe
2024-03-16 01:00:00,356.31,41.42,799.8,51.22,63.18,Safe
2024-03-16 02:00:00,403.76,44.81,872.58,67.78,58.64,Safe
2024-03-16 03:00:00,387.33,47.13,848.11,62.47,51.13,Safe
2024-03-16 04:00:00,373.53,48.77,844.4,55.93,61.53,Safe
2024-03-16 05:00:00,384.11,50.21,869.09,59.56,68.85,Safe
2024-03-16 06:00:00,499.65,74.76,963.23,100.72,97.09,Warning
2024-03-16 07:00:00,477.6,68.91,964.86,94.63,115.52,Critical
2024-03-16 08:00:00,465.02,59.36,916.5,91.39,92.62,Warning
2024-03-16 09:00:00,505.26,79.95,1027.33,118.81,115.99,Critical
2024-03-16 10:00:00,582.75,95.55,1068.05,141.25,139.83,Critical
2024-03-16 11:00:00,550.97,91.45,1030.35,141.9,149.44,Critical
2024-03-16 12:00:00,529.18,84.02,1006.68,94.07,103.55,Critical
2024-03-16 13:00:00,600.0,97.7,1082.3,136.3,139.28,Critical
2024-03-16 14:00:00,570.29,96.55,1100.0,136.41,157.39,Critical
2024-03-16 15:00:00,600.0,100.0,1100.0,137.62,142.33,Critical
2024-03-16 16:00:00,531.86,81.59,1015.53,106.67,101.41,Critical
2024-03-16 17:00:00,549.54,87.47,1037.56,108.81,108.47,Critical
2024-03-16 18:00:00,499.31,73.01,957.35,96.93,97.6,Warning
2024-03-16 19:00:00,453.88,67.53,955.79,96.37,87.51,Warning
2024-03-16 20:00:00,481.79,64.65,971.4,97.24,93.18,Warning
2024-03-16 21:00:00,498.19,67.81,978.34,90.1,86.94,Warning
2024-03-16 22:00:00,430.46,57.45,912.29,76.99,75.62,Safe
2024-03-16 23:00:00,428.12,48.55,867.46,75.55,62.61,Safe
2024-03-17 00:00:00,395.29,50.22,869.41,50.13,50.24,Safe
2024-03-17 01:00:00,360.49,38.72,792.56,42.45,49.23,Safe
2024-03-17 02:00:00,423.81,50.94,838.5,66.76,71.36,Safe
2024-03-17 03:00:00,381.81,47.06,834.84,55.99,57.63,Safe
2024-03-17 04:00:00,391.54,52.72,872.89,70.98,67.11,Safe
2024-03-17 05:00:00,352.72,43.82,787.12,34.82,35.02,Safe
2024-03-17 06:00:00,472.05,60.8,900.64,74.32,81.76,Warning
2024-03-17 07:00:00,425.03,58.11,872.38,78.2,73.1,Safe
2024-03-17 08:00:00,439.04,60.41,924.35,65.88,72.09,Safe
2024-03-17 09:00:00,534.18,87.44,1025.11,126.43,109.19,Critical
2024-03-17 10:00:00,594.64,95.34,1083.92,141.03,150.27,Critical
2024-03-17 11:00:00,519.42,82.59,997.55,118.32,116.71,Critical
2024-03-17 12:00:00,535.88,85.69,1063.6,117.2,128.83,Critical
2024-03-17 13:00:00,536.63,83.11,978.13,117.81,141.65,Critical
2024-03-17 14:00:00,480.7,73.9,979.97,89.92,94.14,Warning
2024-03-17 15:00:00,552.9,88.85,1016.15,119.52,118.98,Critical
2024-03-17 16:00:00,593.59,93.49,1056.24,134.36,129.27,Critical
2024-03-17 17:00:00,598.32,98.08,1094.94,133.67,141.74,Critical
2024-03-17 18:00:00,483.79,70.49,958.07,97.2,99.84,Warning
2024-03-17 19:00:00,467.97,66.24,936.24,79.48,73.87,Safe
2024-03-17 20:00:00,432.71,59.54,901.04,78.75,81.29,Warning
2024-03-17 21:00:00,498.47,67.63,924.03,106.68,99.08,Warning
2024-03-17 22:00:00,425.87,59.31,892.94,65.04,75.53,Safe
2024-03-17 23:00:00,446.99,61.01,905.75,79.66,73.94,Safe
2024-03-18 00:00:00,389.81,47.05,839.55,44.2,52.72,Safe
2024-03-18 01:00:00,407.96,48.46,840.86,53.93,58.04,Safe
2024-03-18 02:00:00,391.08,43.91,835.6,60.0,60.58,Safe
2024-03-18 03:00:00,394.59,48.76,845.85,56.1,49.25,Safe
2024-03-18 04:00:00,425.75,55.42,881.53,77.03,78.0,Safe
2024-03-18 05:00:00,382.6,44.5,814.08,55.43,44.58,Safe
2024-03-18 06:00:00,424.11,63.98,896.75,78.57,83.57,Warning
2024-03-18 07:00:00,457.03,69.82,952.49,83.1,79.37,Safe
2024-03-18 08:00:00,449.77,64.56,949.36,91.29,92.95,Warning
2024-03-18 09:00:00,562.86,92.68,1073.16,133.14,125.02,Critical
2024-03-18 10:00:00,528.21,86.25,1013.27,105.27,95.47,Warning
2024-03-18 11:00:00,553.45,85.74,1046.62,114.37,126.21,Critical
2024-03-18 12:00:00,525.19,81.29,999.08,89.91,103.5,Critical
2024-03-18 13:00:00,569.59,93.15,1081.47,121.49,121.97,Critical
2024-03-18 14:00:00,558.85,94.11,1062.44,128.29,133.15,Critical
2024-03-18 15:00:00,522.34,80.74,1011.47,103.55,115.7,Critical
2024-03-18 16:00:00,517.87,88.66,1031.89,112.77,116.36,Critical
2024-03-18 17:00:00,581.0,95.82,1068.25,146.39,144.94,Critical
2024-03-18 18:00:00,460.68,64.95,890.29,92.14,92.08,Warning
2024-03-18 19:00:00,505.35,75.49,988.72,98.57,115.08,Critical
2024-03-18 20:00:00,443.86,66.44,940.34,92.51,100.35,Critical
2024-03-18 21:00:00,475.63,68.12,949.98,101.7,91.66,Warning
2024-03-18 22:00:00,369.98,46.14,836.76,58.77,47.98,Safe
2024-03-18 23:00:00,397.59,52.24,844.43,65.17,59.34,Safe
2024-03-19 00:00:00,376.65,41.65,829.5,59.16,67.06,Safe
2024-03-19 01:00:00,423.76,48.89,866.29,70.54,58.81,Safe
2024-03-19 02:00:00,424.16,55.86,861.96,60.39,62.76,Safe
2024-03-19 03:00:00,346.76,39.55,809.46,42.28,35.3,Safe
2024-03-19 04:00:00,422.6,54.99,894.2,66.69,80.27,Warning
2024-03-19 05:00:00,445.95,58.2,880.66,85.04,83.03,Warning
2024-03-19 06:00:00,468.73,65.01,918.54,81.98,84.33,Warning
2024-03-19 07:00:00,498.64,65.06,937.05,85.34,82.64,Warning
2024-03-19 08:00:00,437.79,61.95,876.52,86.0,90.12,Warning
2024-03-19 09:00:00,532.53,82.25,987.3,115.13,107.76,Critical
2024-03-19 10:00:00,521.16,74.87,952.57,120.23,136.59,Critical
2024-03-19 11:00:00,520.77,74.99,935.43,95.46,101.19,Critical
2024-03-19 12:00:00,530.54,89.46,1071.17,119.83,117.29,Critical
2024-03-19 13:00:00,554.63,88.67,999.61,130.88,124.99,Critical
2024-03-19 14:00:00,548.94,82.04,1017.75,106.44,115.64,Critical
2024-03-19 15:00:00,548.47,77.0,1002.86,122.0,118.06,Critical
2024-03-19 16:00:00,559.61,87.44,1030.74,113.66,118.98,Critical
2024-03-19 17:00:00,522.45,81.9,994.8,116.88,111.21,Critical
2024-03-19 18:00:00,434.43,62.14,915.82,65.16,67.25,Safe
2024-03-19 19:00:00,504.74,68.42,942.14,95.62,110.63,Critical
2024-03-19 20:00:00,465.64,63.86,941.38,75.68,75.7,Safe
2024-03-19 21:00:00,436.45,62.08,852.57,91.71,85.03,Warning
2024-03-19 22:00:00,424.64,56.87,864.14,62.57,64.04,Safe
2024-03-19 23:00:00,443.7,59.84,911.55,72.17,68.49,Safe
2024-03-20 00:00:00,392.05,46.11,831.66,60.42,55.51,Safe
2024-03-20 01:00:00,343.81,39.1,812.04,38.41,41.19,Safe
2024-03-20 02:00:00,401.64,52.56,868.56,70.59,53.5,Safe
2024-03-20 03:00:00,408.5,57.91,886.59,65.75,65.4,Safe
2024-03-20 04:00:00,434.0,54.86,867.65,64.47,56.67,Safe
2024-03-20 05:00:00,422.98,56.94,935.85,75.09,77.65,Safe
2024-03-20 06:00:00,435.05,57.13,919.42,66.2,87.68,Warning
2024-03-20 07:00:00,466.07,61.54,918.6,86.52,83.86,Warning
2024-03-20 08:00:00,449.6,61.63,909.88,87.95,80.48,Warning
2024-03-20 09:00:00,504.78,76.59,994.79,109.79,111.48,Critical
2024-03-20 10:00:00,555.99,88.32,1059.79,130.52,127.36,Critical
2024-03-20 11:00:00,519.56,79.67,1007.56,95.12,105.83,Critical
2024-03-20 12:00:00,557.61,85.04,1008.67,116.02,119.1,Critical
2024-03-20 13:00:00,541.55,84.3,1060.76,118.47,118.38,Critical
2024-03-20 14:00:00,580.1,96.93,1090.07,149.04,147.47,Critical
2024-03-20 15:00:00,575.11,90.11,1094.86,126.65,127.2,Critical
2024-03-20 16:00:00,580.91,90.92,1058.72,112.1,115.42,Critical
2024-03-20 17:00:00,581.26,100.0,1094.6,132.4,142.43,Critical
2024-03-20 18:00:00,489.66,67.05,965.7,88.4,89.12,Warning
2024-03-20 19:00:00,494.19,72.27,967.98,81.56,76.28,Safe
2024-03-20 20:00:00,496.33,73.09,968.39,107.54,120.71,Critical
2024-03-20 21:00:00,496.21,70.53,926.24,82.51,78.56,Safe
2024-03-20 22:00:00,392.02,49.99,864.47,64.97,70.0,Safe
2024-03-20 23:00:00,432.0,54.66,862.45,61.31,55.84,Safe
2024-03-21 00:00:00,362.37,41.91,799.7,59.15,56.66,Safe
2024-03-21 01:00:00,362.79,45.86,818.51,49.42,38.58,Safe
2024-03-21 02:00:00,351.99,41.49,817.11,42.7,47.78,Safe
2024-03-21 03:00:00,382.74,43.7,784.72,54.38,48.69,Safe
2024-03-21 04:00:00,372.72,46.49,827.81,45.85,58.62,Safe
2024-03-21 05:00:00,420.46,49.48,868.97,69.26,79.87,Safe
2024-03-21 06:00:00,453.13,59.12,868.2,72.87,76.17,Safe
2024-03-21 07:00:00,476.51,64.46,926.1,82.78,101.09,Critical
2024-03-21 08:00:00,487.31,71.39,943.06,95.04,101.64,Critical
2024-03-21 09:00:00,497.61,73.5,958.62,90.99,100.24,Critical
2024-03-21 10:00:00,499.09,78.95,1031.16,107.34,106.78,Critical
2024-03-21 11:00:00,511.82,74.47,936.04,103.6,111.96,Critical
2024-03-21 12:00:00,595.36,97.51,1100.0,121.86,130.03,Critical
2024-03-21 13:00:00,511.14,75.8,968.49,112.61,106.19,Critical
2024-03-21 14:00:00,517.56,73.48,955.79,108.44,102.65,Critical
2024-03-21 15:00:00,520.6,82.27,986.9,96.78,99.52,Warning
2024-03-21 16:00:00,598.23,100.0,1100.0,126.7,127.85,Critical
2024-03-21 17:00:00,509.57,76.25,977.04,111.32,108.33,Critical
2024-03-21 18:00:00,448.1,65.3,919.51,90.56,92.06,Warning
2024-03-21 19:00:00,438.49,60.28,903.82,83.07,83.52,Warning
2024-03-21 20:00:00,486.26,69.84,945.45,83.03,88.02,Warning
2024-03-21 21:00:00,484.84,72.35,917.73,109.37,101.46,Critical
2024-03-21 22:00:00,434.49,54.04,859.4,63.6,59.43,Safe
2024-03-21 23:00:00,415.73,59.22,915.8,77.09,70.57,Safe
2024-03-22 00:00:00,387.28,42.89,781.3,51.82,51.83,Safe
2024-03-22 01:00:00,371.7,40.61,779.07,58.61,54.26,Safe
2024-03-22 02:00:00,369.88,44.46,812.91,51.95,45.36,Safe
2024-03-22 03:00:00,394.78,51.93,843.69,65.46,69.21,Safe
2024-03-22 04:00:00,357.92,46.76,833.19,52.07,54.66,Safe
2024-03-22 05:00:00,394.71,51.46,833.25,51.53,64.74,Safe
2024-03-22 06:00:00,506.26,72.9,955.97,81.53,85.01,Warning
2024-03-22 07:00:00,474.93,68.93,943.59,92.46,92.17,Warning
2024-03-22 08:00:00,448.64,58.09,904.73,66.2,66.65,Safe
2024-03-22 09:00:00,575.28,95.99,1100.0,139.43,146.03,Critical
2024-03-22 10:00:00,513.38,75.87,973.6,105.7,109.24,Critical
2024-03-22 11:00:00,568.44,94.62,1100.0,135.64,140.96,Critical
2024-03-22 12:00:00,531.12,86.16,1026.75,110.15,118.14,Critical
2024-03-22 13:00:00,578.82,95.08,1093.64,144.19,136.6,Critical
2024-03-22 14:00:00,577.01,96.58,1100.0,141.13,135.99,Critical
2024-03-22 15:00:00,479.16,75.19,979.01,90.7,95.33,Warning
2024-03-22 16:00:00,514.33,79.22,965.88,123.56,117.26,Critical
2024-03-22 17:00:00,556.53,88.76,1045.8,123.29,129.27,Critical
2024-03-22 18:00:00,532.68,78.73,980.19,98.98,101.17,Critical
2024-03-22 19:00:00,475.0,65.47,921.31,81.86,80.22,Warning
2024-03-22 20:00:00,477.6,65.13,969.32,78.76,75.97,Safe
2024-03-22 21:00:00,475.57,66.37,904.95,98.66,108.18,Critical
2024-03-22 22:00:00,429.22,56.14,887.31,81.11,86.11,Warning
2024-03-22 23:00:00,393.15,52.59,843.64,68.41,57.83,Safe
2024-03-23 00:00:00,394.3,48.05,833.48,62.58,61.17,Safe
2024-03-23 01:00:00,398.56,47.55,854.14,69.48,60.44,Safe
2024-03-23 02:00:00,405.16,46.19,837.95,56.22,56.22,Safe
2024-03-23 03:00:00,405.21,48.9,839.55,63.94,61.5,Safe
2024-03-23 04:00:00,401.09,45.93,815.35,49.6,43.63,Safe
2024-03-23 05:00:00,417.11,57.89,896.4,71.82,69.76,Safe
2024-03-23 06:00:00,466.51,67.77,976.42,95.77,91.52,Warning
2024-03-23 07:00:00,465.01,64.75,903.92,60.42,66.35,Safe
2024-03-23 08:00:00,477.37,65.28,968.46,85.92,84.8,Warning
2024-03-23 09:00:00,531.73,83.44,1043.59,118.67,118.51,Critical
2024-03-23 10:00:00,519.13,80.07,1030.48,111.56,117.51,Critical
2024-03-23 11:00:00,527.78,79.54,1004.49,107.59,103.85,Critical
2024-03-23 12:00:00,555.04,92.7,1089.26,135.47,126.56,Critical
2024-03-23 13:00:00,600.0,97.64,1066.01,133.29,126.04,Critical
2024-03-23 14:00:00,488.09,75.1,960.8,90.28,98.03,Warning
2024-03-23 15:00:00,530.74,89.4,1063.85,132.98,129.34,Critical
2024-03-23 16:00:00,554.42,88.57,1049.36,133.12,135.34,Critical
2024-03-23 17:00:00,592.1,92.08,1057.14,127.96,134.69,Critical
2024-03-23 18:00:00,469.85,65.41,871.99,83.75,90.87,Warning
2024-03-23 19:00:00,494.96,71.11,945.97,103.36,100.19,Critical
2024-03-23 20:00:00,511.38,77.7,962.67,105.52,105.82,Critical
2024-03-23 21:00:00,500.11,75.56,988.66,107.8,100.85,Critical
2024-03-23 22:00:00,397.85,54.87,870.14,70.39,67.37,Safe
2024-03-23 23:00:00,365.17,49.2,832.18,53.02,36.11,Safe
2024-03-24 00:00:00,384.71,45.49,885.59,62.09,52.98,Safe
2024-03-24 01:00:00,406.02,46.91,857.39,52.32,55.31,Safe
2024-03-24 02:00:00,389.74,46.23,854.38,60.48,61.72,Safe
2024-03-24 03:00:00,376.65,41.98,858.35,51.79,51.08,Safe
2024-03-24 04:00:00,382.61,40.11,818.2,46.21,48.45,Safe
2024-03-24 05:00:00,385.76,45.29,809.49,43.38,43.96,Safe
2024-03-24 06:00:00,463.4,66.28,911.87,87.71,90.84,Warning
2024-03-24 07:00:00,474.74,71.55,978.98,96.83,113.07,Critical
2024-03-24 08:00:00,511.67,70.84,908.89,89.43,86.13,Warning
2024-03-24 09:00:00,566.61,89.81,1047.34,114.4,117.62,Critical
2024-03-24 10:00:00,552.87,91.52,1009.84,111.57,110.97,Critical
2024-03-24 11:00:00,583.6,100.0,1100.0,139.0,148.56,Critical
2024-03-24 12:00:00,591.38,93.46,1086.09,138.02,145.41,Critical
2024-03-24 13:00:00,476.08,72.65,969.4,111.85,115.53,Critical
2024-03-24 14:00:00,537.63,77.92,1010.24,111.0,117.61,Critical
2024-03-24 15:00:00,477.73,79.08,1038.63,93.86,100.53,Critical
2024-03-24 16:00:00,523.4,75.87,976.19,104.21,110.26,Critical
2024-03-24 17:00:00,579.62,93.2,1100.0,144.79,128.72,Critical
2024-03-24 18:00:00,465.22,65.89,934.13,82.42,75.1,Safe
2024-03-24 19:00:00,466.34,67.2,956.88,99.44,91.54,Warning
2024-03-24 20:00:00,500.51,68.51,929.11,95.45,87.75,Warning
2024-03-24 21:00:00,473.26,65.84,964.82,95.82,99.3,Warning
2024-03-24 22:00:00,429.24,60.47,925.27,93.3,82.94,Warning
2024-03-24 23:00:00,430.46,63.63,950.52,68.07,74.47,Safe
2024-03-25 00:00:00,393.88,47.85,840.45,65.54,68.83,Safe
2024-03-25 01:00:00,405.91,51.48,829.78,61.5,62.41,Safe
2024-03-25 02:00:00,380.32,50.4,862.13,52.61,58.25,Safe
2024-03-25 03:00:00,370.02,42.7,776.17,46.46,56.06,Safe
2024-03-25 04:00:00,393.04,50.27,843.95,74.06,77.99,Safe
2024-03-25 05:00:00,382.97,45.71,832.75,65.45,58.53,Safe
2024-03-25 06:00:00,458.2,62.01,962.35,69.43,72.79,Safe
2024-03-25 07:00:00,491.66,67.69,945.46,87.1,83.33,Warning
2024-03-25 08:00:00,506.36,73.41,970.12,108.91,105.48,Critical
2024-03-25 09:00:00,572.82,95.73,1077.26,134.57,143.17,Critical
2024-03-25 10:00:00,575.88,92.68,1033.87,129.77,127.04,Critical
2024-03-25 11:00:00,486.6,71.43,959.04,84.1,99.72,Warning
2024-03-25 12:00:00,521.47,85.03,1027.41,110.53,103.22,Critical
2024-03-25 13:00:00,525.46,79.97,978.54,98.88,95.88,Warning
2024-03-25 14:00:00,600.0,93.89,1043.34,121.18,113.6,Critical
2024-03-25 15:00:00,590.37,97.48,1076.81,128.25,128.86,Critical
2024-03-25 16:00:00,557.16,94.87,1075.78,124.62,128.43,Critical
2024-03-25 17:00:00,569.14,92.18,1050.83,123.61,123.58,Critical
2024-03-25 18:00:00,481.97,74.74,950.58,91.66,79.94,Safe
2024-03-25 19:00:00,497.97,71.47,963.71,106.49,98.46,Warning
2024-03-25 20:00:00,485.47,69.53,959.51,87.67,89.05,Warning
2024-03-25 21:00:00,460.33,65.68,931.07,98.34,107.99,Critical
2024-03-25 22:00:00,431.28,58.98,882.51,70.97,65.08,Safe
2024-03-25 23:00:00,428.83,57.95,902.84,78.4,83.25,Warning
2024-03-26 00:00:00,420.8,55.17,871.66,73.46,72.95,Safe
2024-03-26 01:00:00,355.27,41.52,781.44,37.63,32.34,Safe
2024-03-26 02:00:00,398.09,54.38,894.7,65.05,65.58,Safe
2024-03-26 03:00:00,403.3,46.84,841.98,54.71,57.61,Safe
2024-03-26 04:00:00,415.84,55.31,873.93,72.33,67.41,Safe
2024-03-26 05:00:00,437.94,58.9,859.94,73.18,68.29,Safe
2024-03-26 06:00:00,460.19,64.05,903.86,77.91,75.46,Safe
2024-03-26 07:00:00,464.59,65.02,969.51,90.14,86.56,Warning
2024-03-26 08:00:00,426.89,60.83,870.97,77.91,79.21,Safe
2024-03-26 09:00:00,546.66,92.53,1057.12,142.48,140.77,Critical
2024-03-26 10:00:00,534.4,85.66,1027.94,119.16,113.65,Critical
2024-03-26 11:00:00,576.02,92.62,1070.15,132.14,119.94,Critical
2024-03-26 12:00:00,493.41,75.9,946.56,103.94,98.41,Warning
2024-03-26 13:00:00,568.59,93.39,1070.78,124.26,125.02,Critical
2024-03-26 14:00:00,561.34,82.89,977.36,102.65,112.8,Critical
2024-03-26 15:00:00,479.64,76.37,983.99,99.01,100.03,Critical
2024-03-26 16:00:00,523.67,83.56,1003.45,122.65,113.95,Critical
2024-03-26 17:00:00,586.75,90.05,1031.2,138.69,136.72,Critical
2024-03-26 18:00:00,466.82,66.86,952.67,74.97,80.91,Warning
2024-03-26 19:00:00,452.6,65.62,922.92,90.79,82.57,Warning
2024-03-26 20:00:00,466.56,62.55,923.17,67.07,55.85,Safe
2024-03-26 21:00:00,508.93,77.04,996.35,110.01,115.33,Critical
2024-03-26 22:00:00,396.84,50.43,880.09,66.49,62.3,Safe
2024-03-26 23:00:00,413.81,52.78,837.32,50.97,53.85,Safe
2024-03-27 00:00:00,382.63,47.96,860.02,66.28,64.48,Safe
2024-03-27 01:00:00,390.72,51.24,856.56,75.78,54.5,Safe
2024-03-27 02:00:00,370.09,42.92,806.28,48.77,57.96,Safe
2024-03-27 03:00:00,384.21,49.59,822.67,58.74,57.68,Safe
2024-03-27 04:00:00,401.23,50.27,864.69,74.59,59.64,Safe
2024-03-27 05:00:00,376.0,42.76,793.51,40.07,44.56,Safe
2024-03-27 06:00:00,481.9,67.49,948.84,83.32,83.63,Warning
2024-03-27 07:00:00,488.07,68.07,982.76,88.68,90.66,Warning
2024-03-27 08:00:00,441.36,61.76,930.36,81.58,91.66,Warning
2024-03-27 09:00:00,544.15,84.29,1052.06,120.34,122.34,Critical
2024-03-27 10:00:00,561.62,88.68,1027.58,120.0,112.36,Critical
2024-03-27 11:00:00,595.87,97.82,1100.0,138.25,139.9,Critical
2024-03-27 12:00:00,508.65,78.84,969.03,101.88,94.55,Warning
2024-03-27 13:00:00,470.37,71.19,950.81,90.07,100.42,Critical
2024-03-27 14:00:00,600.0,98.58,1100.0,135.64,137.19,Critical
2024-03-27 15:00:00,488.34,78.06,976.93,97.48,107.69,Critical
2024-03-27 16:00:00,498.93,75.67,1002.8,88.35,87.46,Warning
2024-03-27 17:00:00,553.97,97.43,1100.0,133.5,133.41,Critical
2024-03-27 18:00:00,452.57,67.82,962.74,74.08,83.66,Warning
2024-03-27 19:00:00,444.52,64.2,893.13,87.5,91.9,Warning
2024-03-27 20:00:00,493.99,69.66,959.85,91.6,99.08,Warning
2024-03-27 21:00:00,464.07,63.61,914.6,83.68,82.96,Warning
2024-03-27 22:00:00,385.4,48.29,865.4,56.23,62.15,Safe
2024-03-27 23:00:00,443.53,58.33,855.24,72.17,69.9,Safe
2024-03-28 00:00:00,412.23,49.95,857.84,73.5,75.36,Safe
2024-03-28 01:00:00,389.55,47.95,844.73,47.38,49.97,Safe
2024-03-28 02:00:00,400.94,55.08,831.62,51.84,62.37,Safe
2024-03-28 03:00:00,440.33,60.81,884.57,78.56,71.04,Safe
2024-03-28 04:00:00,395.39,49.19,805.69,53.63,55.88,Safe
2024-03-28 05:00:00,401.19,54.61,857.07,68.86,62.09,Safe
2024-03-28 06:00:00,487.46,70.58,964.98,102.12,85.15,Warning
2024-03-28 07:00:00,450.76,61.71,912.85,72.46,73.6,Safe
2024-03-28 08:00:00,427.27,55.26,880.03,75.87,73.12,Safe
2024-03-28 09:00:00,579.46,93.89,1046.58,123.96,126.8,Critical
2024-03-28 10:00:00,527.5,79.32,1021.25,112.59,111.7,Critical
2024-03-28 11:00:00,505.33,76.96,984.39,95.22,87.82,Warning
2024-03-28 12:00:00,500.34,74.38,972.64,102.68,103.36,Critical
2024-03-28 13:00:00,504.47,77.51,1008.24,106.75,116.93,Critical
2024-03-28 14:00:00,533.94,85.53,1005.84,108.3,112.08,Critical
2024-03-28 15:00:00,600.0,96.75,1088.78,128.7,142.35,Critical
2024-03-28 16:00:00,508.83,84.36,1031.12,120.64,114.2,Critical
2024-03-28 17:00:00,600.0,98.07,1078.35,136.44,158.53,Critical
2024-03-28 18:00:00,427.19,58.97,909.2,84.04,73.08,Safe
2024-03-28 19:00:00,444.1,63.65,928.75,78.77,79.08,Safe
2024-03-28 20:00:00,452.42,62.19,908.72,92.09,92.74,Warning
2024-03-28 21:00:00,467.19,72.01,957.14,87.11,84.02,Warning
2024-03-28 22:00:00,391.38,50.7,865.02,73.74,58.9,Safe
2024-03-28 23:00:00,406.87,54.69,890.8,70.15,69.13,Safe
2024-03-29 00:00:00,360.9,41.0,806.38,49.74,52.17,Safe
2024-03-29 01:00:00,411.98,55.81,903.69,63.07,60.74,Safe
2024-03-29 02:00:00,395.94,43.38,831.39,60.1,62.22,Safe
2024-03-29 03:00:00,453.0,56.96,845.45,79.61,67.54,Safe
2024-03-29 04:00:00,392.05,55.09,844.54,61.95,75.88,Safe
2024-03-29 05:00:00,381.3,43.42,843.11,36.18,34.14,Safe
2024-03-29 06:00:00,472.58,65.14,920.27,78.39,91.68,Warning
2024-03-29 07:00:00,430.68,55.77,882.46,63.13,70.43,Safe
2024-03-29 08:00:00,457.39,66.65,958.31,92.63,98.43,Warning
2024-03-29 09:00:00,533.78,84.3,1021.36,113.27,118.7,Critical
2024-03-29 10:00:00,573.04,95.88,1080.22,131.51,123.4,Critical
2024-03-29 11:00:00,509.96,78.96,975.69,102.32,104.82,Critical
2024-03-29 12:00:00,530.58,86.88,1042.54,131.82,136.56,Critical
2024-03-29 13:00:00,526.75,82.09,1023.35,114.75,112.93,Critical
2024-03-29 14:00:00,470.36,72.85,951.54,97.04,106.62,Critical
2024-03-29 15:00:00,493.32,74.03,949.87,94.16,99.85,Warning
2024-03-29 16:00:00,495.04,78.13,1048.43,108.48,102.87,Critical
2024-03-29 17:00:00,505.66,75.69,976.41,95.79,97.25,Warning
2024-03-29 18:00:00,495.97,76.37,966.81,105.19,95.11,Warning
2024-03-29 19:00:00,464.23,65.04,940.74,78.26,70.21,Safe
2024-03-29 20:00:00,497.3,70.54,951.58,102.68,100.97,Critical
2024-03-29 21:00:00,527.13,76.22,957.21,99.6,90.74,Warning
2024-03-29 22:00:00,410.25,61.41,917.68,84.08,84.65,Warning
2024-03-29 23:00:00,432.48,61.04,886.43,92.23,88.16,Warning
2024-03-30 00:00:00,350.72,38.74,828.38,44.73,37.67,Safe
2024-03-30 01:00:00,403.36,49.23,857.03,72.16,76.39,Safe
2024-03-30 02:00:00,364.9,47.0,828.91,59.48,61.51,Safe
2024-03-30 03:00:00,396.21,52.49,864.86,52.59,52.79,Safe
2024-03-30 04:00:00,387.11,46.32,851.47,57.8,49.86,Safe
2024-03-30 05:00:00,375.59,43.6,822.09,55.47,54.07,Safe
2024-03-30 06:00:00,463.57,64.57,969.54,93.47,99.45,Warning
2024-03-30 07:00:00,490.57,71.09,980.44,99.55,100.84,Critical
2024-03-30 08:00:00,453.14,62.1,921.23,83.76,83.32,Warning
2024-03-30 09:00:00,547.51,86.2,1010.39,119.64,118.85,Critical
2024-03-30 10:00:00,575.86,93.77,1065.62,133.81,136.64,Critical
2024-03-30 11:00:00,580.31,92.75,1074.29,123.14,135.15,Critical
2024-03-30 12:00:00,450.61,70.49,934.35,88.16,94.76,Warning
2024-03-30 13:00:00,525.02,75.85,1007.71,96.31,104.07,Critical
2024-03-30 14:00:00,520.62,87.87,1017.92,114.26,119.61,Critical
2024-03-30 15:00:00,470.85,71.49,943.43,89.15,83.76,Warning
2024-03-30 16:00:00,497.03,75.05,962.88,95.97,107.49,Critical
2024-03-30 17:00:00,597.34,96.98,1100.0,131.7,128.27,Critical
2024-03-30 18:00:00,390.03,57.99,872.24,70.58,64.81,Safe
2024-03-30 19:00:00,461.41,65.45,887.65,81.72,85.41,Warning
2024-03-30 20:00:00,523.05,77.99,1013.89,106.53,91.3,Warning
2024-03-30 21:00:00,486.84,68.23,931.37,81.04,89.89,Warning
2024-03-30 22:00:00,444.12,63.47,893.84,78.49,76.46,Safe
2024-03-30 23:00:00,418.03,55.56,861.19,78.23,79.33,Safe
2024-03-31 00:00:00,361.37,42.5,850.27,59.79,62.05,Safe
2024-03-31 01:00:00,386.06,47.89,825.0,59.52,60.66,Safe
2024-03-31 02:00:00,403.31,54.44,869.49,64.48,65.88,Safe
2024-03-31 03:00:00,399.59,53.01,855.22,68.79,61.06,Safe
2024-03-31 04:00:00,407.16,50.27,824.23,55.7,56.64,Safe
2024-03-31 05:00:00,364.84,40.75,787.41,43.27,46.45,Safe
2024-03-31 06:00:00,479.4,68.13,912.03,84.22,84.06,Warning
2024-03-31 07:00:00,460.44,64.36,942.83,93.8,90.23,Warning
2024-03-31 08:00:00,491.1,70.31,953.77,102.16,93.15,Warning
2024-03-31 09:00:00,516.49,76.05,1034.87,108.44,107.95,Critical
2024-03-31 10:00:00,575.62,100.0,1084.4,150.0,151.58,Critical
2024-03-31 11:00:00,570.16,95.53,1058.76,136.45,142.34,Critical
2024-03-31 12:00:00,532.24,83.87,1053.09,121.19,122.03,Critical
2024-03-31 13:00:00,526.6,81.73,1031.93,116.57,112.54,Critical
2024-03-31 14:00:00,568.82,94.55,1081.21,123.4,129.99,Critical
2024-03-31 15:00:00,588.41,93.91,1045.05,125.98,129.14,Critical
2024-03-31 16:00:00,600.0,93.88,1100.0,137.36,137.64,Critical
2024-03-31 17:00:00,505.09,75.62,976.51,103.11,100.45,Critical
2024-03-31 18:00:00,465.7,66.13,921.18,92.08,85.07,Warning
2024-03-31 19:00:00,521.33,77.36,1011.95,103.69,116.6,Critical
2024-03-31 20:00:00,430.48,64.15,920.26,81.97,78.28,Safe
2024-03-31 21:00:00,498.24,74.46,946.66,100.59,113.29,Critical
2024-03-31 22:00:00,431.03,54.33,872.54,71.28,84.2,Warning
2024-03-31 23:00:00,417.48,56.62,865.91,70.31,70.71,Safe
2024-04-01 00:00:00,386.51,50.92,788.39,45.74,60.04,Safe
2024-04-01 01:00:00,417.36,54.99,855.55,50.07,51.35,Safe
2024-04-01 02:00:00,404.83,51.42,845.49,55.48,51.49,Safe
2024-04-01 03:00:00,402.24,53.74,843.28,60.3,63.19,Safe
2024-04-01 04:00:00,420.27,47.73,851.31,52.65,60.67,Safe
2024-04-01 05:00:00,420.22,56.73,866.55,70.19,68.6,Safe
2024-04-01 06:00:00,466.49,70.66,963.83,102.59,105.0,Critical
2024-04-01 07:00:00,474.53,68.96,917.67,96.43,88.7,Warning
2024-04-01 08:00:00,486.79,68.52,962.6,98.14,98.69,Warning
2024-04-01 09:00:00,583.8,95.89,1051.37,142.53,160.0,Critical
2024-04-01 10:00:00,526.52,79.93,948.14,100.61,108.52,Critical
2024-04-01 11:00:00,554.32,91.63,1085.37,125.87,129.37,Critical
2024-04-01 12:00:00,578.23,89.35,1027.92,131.93,118.4,Critical
2024-04-01 13:00:00,549.26,85.35,1065.4,118.59,115.12,Critical
2024-04-01 14:00:00,600.0,100.0,1100.0,139.64,133.83,Critical
2024-04-01 15:00:00,600.0,99.44,1100.0,150.0,149.58,Critical
2024-04-01 16:00:00,526.23,78.67,1016.35,111.76,110.69,Critical
2024-04-01 17:00:00,568.9,95.28,1078.88,148.1,135.32,Critical
2024-04-01 18:00:00,478.32,71.3,959.23,80.97,83.7,Warning
2024-04-01 19:00:00,494.25,68.85,972.44,91.13,90.13,Warning
2024-04-01 20:00:00,485.88,66.01,932.5,93.63,83.83,Warning
2024-04-01 21:00:00,486.7,75.69,962.43,101.24,97.11,Warning
2024-04-01 22:00:00,453.54,62.51,925.44,66.64,74.78,Safe
2024-04-01 23:00:00,441.57,61.9,863.0,75.55,86.31,Warning
2024-04-02 00:00:00,419.68,57.36,915.83,93.85,81.98,Warning
2024-04-02 01:00:00,385.35,45.34,856.19,58.13,56.51,Safe
2024-04-02 02:00:00,441.33,56.34,908.06,80.17,74.25,Safe
2024-04-02 03:00:00,415.0,52.17,886.36,62.17,60.55,Safe
2024-04-02 04:00:00,402.97,51.86,857.45,65.83,66.26,Safe
2024-04-02 05:00:00,413.33,51.53,855.3,64.62,70.11,Safe
2024-04-02 06:00:00,478.12,70.79,926.9,102.11,107.43,Critical
2024-04-02 07:00:00,487.89,70.53,991.11,106.66,115.45,Critical
2024-04-02 08:00:00,487.23,66.92,923.93,94.05,93.31,Warning
2024-04-02 09:00:00,554.48,95.89,1086.93,133.83,137.59,Critical
2024-04-02 10:00:00,553.56,85.6,1033.59,107.77,106.8,Critical
2024-04-02 11:00:00,543.45,91.25,1026.76,110.67,104.17,Critical
2024-04-02 12:00:00,539.16,80.49,964.07,111.62,104.04,Critical
2024-04-02 13:00:00,508.64,79.39,997.07,115.34,110.63,Critical
2024-04-02 14:00:00,529.71,86.69,1023.47,129.31,130.77,Critical
2024-04-02 15:00:00,560.17,87.61,1036.08,116.74,116.02,Critical
2024-04-02 16:00:00,576.02,92.73,1087.09,121.09,142.03,Critical
2024-04-02 17:00:00,586.01,100.0,1100.0,148.78,154.23,Critical
2024-04-02 18:00:00,484.1,75.41,993.74,95.3,98.28,Warning
2024-04-02 19:00:00,449.14,62.94,924.5,70.25,77.38,Safe
2024-04-02 20:00:00,478.1,73.74,961.74,93.81,89.39,Warning
2024-04-02 21:00:00,440.14,63.75,896.71,76.72,70.31,Safe
2024-04-02 22:00:00,439.74,59.53,903.47,88.14,82.44,Warning
2024-04-02 23:00:00,412.88,56.6,884.85,77.67,69.43,Safe
2024-04-03 00:00:00,471.13,66.29,951.58,84.08,100.09,Critical
2024-04-03 01:00:00,416.9,49.01,841.73,73.37,69.21,Safe
2024-04-03 02:00:00,402.64,51.18,849.36,63.78,72.23,Safe
2024-04-03 03:00:00,384.46,45.66,823.25,62.83,60.77,Safe
2024-04-03 04:00:00,458.81,57.64,867.99,86.75,80.99,Warning
2024-04-03 05:00:00,390.85,51.87,891.18,62.36,59.82,Safe
2024-04-03 06:00:00,508.68,73.0,990.07,107.07,104.72,Critical
2024-04-03 07:00:00,464.27,62.32,884.91,78.52,91.85,Warning
2024-04-03 08:00:00,471.44,64.87,942.04,95.68,92.77,Warning
2024-04-03 09:00:00,549.76,82.92,974.01,115.62,115.77,Critical
2024-04-03 10:00:00,554.69,87.69,1060.13,132.39,127.39,Critical
2024-04-03 11:00:00,556.12,91.07,1040.03,138.74,135.6,Critical
2024-04-03 12:00:00,573.36,89.51,1055.47,132.59,132.9,Critical
2024-04-03 13:00:00,522.82,76.74,941.25,103.69,98.92,Warning
2024-04-03 14:00:00,562.31,86.71,1007.18,121.0,115.82,Critical
2024-04-03 15:00:00,600.0,100.0,1100.0,119.34,122.47,Critical
2024-04-03 16:00:00,589.97,100.0,1084.58,135.17,135.98,Critical
2024-04-03 17:00:00,593.32,97.66,1069.82,145.86,135.62,Critical
2024-04-03 18:00:00,483.91,67.68,969.11,101.5,105.16,Critical
2024-04-03 19:00:00,522.22,76.97,1033.49,104.22,97.24,Warning
2024-04-03 20:00:00,496.82,75.71,999.16,105.24,104.43,Critical
2024-04-03 21:00:00,517.74,78.33,967.63,105.25,108.26,Critical
2024-04-03 22:00:00,399.8,54.53,911.45,74.53,76.94,Safe
2024-04-03 23:00:00,455.71,60.48,868.05,95.85,101.55,Critical
2024-04-04 00:00:00,398.19,52.29,854.75,69.18,75.25,Safe
2024-04-04 01:00:00,438.51,56.88,885.61,68.74,77.63,Safe
2024-04-04 02:00:00,392.67,52.19,903.28,65.05,57.37,Safe
2024-04-04 03:00:00,391.88,44.36,841.88,66.46,67.79,Safe
2024-04-04 04:00:00,460.87,64.09,910.25,73.13,77.65,Safe
2024-04-04 05:00:00,357.74,42.17,790.06,41.26,35.6,Safe
2024-04-04 06:00:00,496.92,71.81,981.1,105.21,105.14,Critical
2024-04-04 07:00:00,452.49,65.19,914.22,94.92,90.6,Warning
2024-04-04 08:00:00,487.05,69.14,950.47,99.11,92.05,Warning
2024-04-04 09:00:00,596.16,100.0,1069.86,135.88,123.47,Critical
2024-04-04 10:00:00,554.55,94.66,1085.82,136.45,136.79,Critical
2024-04-04 11:00:00,511.41,81.29,1017.2,114.81,119.92,Critical
2024-04-04 12:00:00,538.77,86.2,1003.68,120.95,130.58,Critical
2024-04-04 13:00:00,565.87,86.68,1056.1,124.17,116.21,Critical
2024-04-04 14:00:00,535.94,80.83,1016.35,114.42,116.73,Critical
2024-04-04 15:00:00,564.97,85.56,1044.08,115.91,110.27,Critical
2024-04-04 16:00:00,595.47,93.08,1057.07,150.0,137.03,Critical
2024-04-04 17:00:00,547.03,88.63,1047.09,125.06,120.11,Critical
2024-04-04 18:00:00,461.68,66.08,931.79,91.87,93.81,Warning
2024-04-04 19:00:00,502.72,77.12,982.34,103.08,100.16,Critical
2024-04-04 20:00:00,474.32,70.93,958.4,101.48,106.53,Critical
2024-04-04 21:00:00,433.1,64.72,951.24,73.67,79.39,Safe
2024-04-04 22:00:00,433.39,58.4,915.65,62.62,69.6,Safe
2024-04-04 23:00:00,395.36,53.34,840.7,62.98,73.29,Safe
2024-04-05 00:00:00,412.64,53.28,888.08,84.52,109.89,Critical
2024-04-05 01:00:00,471.42,60.45,928.46,93.33,98.65,Warning
2024-04-05 02:00:00,379.83,46.74,830.37,48.66,57.51,Safe
2024-04-05 03:00:00,408.25,51.38,868.09,68.88,67.09,Safe
2024-04-05 04:00:00,448.93,59.06,906.17,73.35,74.93,Safe
2024-04-05 05:00:00,420.64,54.18,852.2,71.07,73.12,Safe
2024-04-05 06:00:00,500.13,74.01,961.65,104.66,112.2,Critical
2024-04-05 07:00:00,453.01,64.52,939.12,92.96,95.72,Warning
2024-04-05 08:00:00,458.59,65.46,916.39,73.13,81.06,Warning
2024-04-05 09:00:00,586.56,100.0,1100.0,131.26,136.01,Critical
2024-04-05 10:00:00,597.52,96.42,1100.0,139.05,151.65,Critical
2024-04-05 11:00:00,524.34,87.18,1061.06,112.43,122.92,Critical
2024-04-05 12:00:00,600.0,98.99,1100.0,133.26,146.49,Critical
2024-04-05 13:00:00,560.27,94.98,1072.9,134.51,117.59,Critical
2024-04-05 14:00:00,552.92,84.86,1028.2,112.85,116.1,Critical
2024-04-05 15:00:00,595.05,100.0,1100.0,150.0,160.0,Critical
2024-04-05 16:00:00,511.15,82.1,1009.17,107.41,103.48,Critical
2024-04-05 17:00:00,562.67,88.64,1055.13,124.01,133.91,Critical
2024-04-05 18:00:00,471.84,64.71,885.9,87.16,93.23,Warning
2024-04-05 19:00:00,440.55,61.67,912.86,67.99,69.45,Safe
2024-04-05 20:00:00,521.57,77.87,959.05,110.39,100.57,Critical
2024-04-05 21:00:00,462.21,73.55,946.57,97.51,95.26,Warning
2024-04-05 22:00:00,429.87,62.09,926.57,77.16,73.02,Safe
2024-04-05 23:00:00,405.53,46.86,829.92,60.48,59.12,Safe
2024-04-06 00:00:00,420.43,55.89,894.8,75.07,75.16,Safe
2024-04-06 01:00:00,377.25,50.83,849.29,70.91,67.64,Safe
2024-04-06 02:00:00,437.26,61.76,933.14,100.96,96.21,Warning
2024-04-06 03:00:00,406.87,54.95,869.49,59.21,72.08,Safe
2024-04-06 04:00:00,436.04,59.59,854.94,63.89,67.7,Safe
2024-04-06 05:00:00,436.01,60.3,906.46,78.79,84.06,Warning
2024-04-06 06:00:00,457.23,63.68,870.69,64.61,68.38,Safe
2024-04-06 07:00:00,497.03,74.5,940.54,104.6,95.33,Warning
2024-04-06 08:00:00,499.96,70.23,931.73,96.5,89.08,Warning
2024-04-06 09:00:00,571.22,91.32,1034.43,131.17,128.46,Critical
2024-04-06 10:00:00,555.13,87.18,1023.91,119.72,111.31,Critical
2024-04-06 11:00:00,600.0,99.78,1075.97,143.41,130.61,Critical
2024-04-06 12:00:00,546.12,87.89,1008.52,124.53,143.64,Critical
2024-04-06 13:00:00,539.81,89.37,1080.77,127.19,116.3,Critical
2024-04-06 14:00:00,600.0,98.12,1075.68,129.18,125.03,Critical
2024-04-06 15:00:00,515.54,78.41,942.97,106.47,97.19,Warning
2024-04-06 16:00:00,538.07,84.03,1012.21,131.56,134.37,Critical
2024-04-06 17:00:00,532.69,85.39,1002.21,118.56,113.91,Critical
2024-04-06 18:00:00,463.0,67.91,920.08,89.58,102.54,Critical
2024-04-06 19:00:00,491.13,69.82,964.73,108.65,110.88,Critical
2024-04-06 20:00:00,530.31,79.13,985.79,104.08,102.38,Critical
2024-04-06 21:00:00,530.65,79.92,974.24,117.18,128.02,Critical
2024-04-06 22:00:00,437.1,56.5,892.32,69.77,62.87,Safe
2024-04-06 23:00:00,434.13,56.54,908.0,83.33,75.98,Safe
2024-04-07 00:00:00,379.88,44.51,834.36,59.87,50.61,Safe
2024-04-07 01:00:00,408.3,52.69,809.47,59.05,58.8,Safe
2024-04-07 02:00:00,422.5,51.39,832.42,62.2,66.38,Safe
2024-04-07 03:00:00,416.81,55.51,878.59,77.74,71.41,Safe
2024-04-07 04:00:00,422.66,54.37,866.48,54.08,49.96,Safe
2024-04-07 05:00:00,427.06,59.58,890.7,71.8,74.56,Safe
2024-04-07 06:00:00,463.01,68.06,918.68,93.5,86.63,Warning
2024-04-07 07:00:00,500.01,75.83,948.23,98.89,107.23,Critical
2024-04-07 08:00:00,451.3,65.64,972.37,89.37,93.15,Warning
2024-04-07 09:00:00,600.0,100.0,1100.0,126.67,133.51,Critical
2024-04-07 10:00:00,487.97,76.71,997.68,96.78,95.59,Warning
2024-04-07 11:00:00,541.47,85.02,1025.24,124.19,115.55,Critical
2024-04-07 12:00:00,544.86,85.75,1029.77,114.05,127.42,Critical
2024-04-07 13:00:00,497.17,80.63,1001.78,97.88,97.8,Warning
2024-04-07 14:00:00,533.43,84.9,999.85,124.66,127.18,Critical
2024-04-07 15:00:00,543.62,85.01,991.73,121.12,120.99,Critical
2024-04-07 16:00:00,518.48,78.12,999.1,99.86,100.48,Critical
2024-04-07 17:00:00,568.5,92.84,1068.33,132.34,131.19,Critical
2024-04-07 18:00:00,528.4,79.73,1019.29,103.89,108.97,Critical
2024-04-07 19:00:00,473.23,68.69,959.63,91.53,93.59,Warning
2024-04-07 20:00:00,497.31,74.28,953.61,101.44,105.52,Critical
2024-04-07 21:00:00,538.4,83.72,1043.52,111.91,120.76,Critical
2024-04-07 22:00:00,452.98,60.0,916.83,86.31,86.79,Warning
2024-04-07 23:00:00,439.5,62.24,926.4,88.41,93.41,Warning
2024-04-08 00:00:00,401.46,52.07,909.84,69.13,67.93,Safe
2024-04-08 01:00:00,382.68,48.01,885.02,63.14,59.71,Safe
2024-04-08 02:00:00,411.71,54.09,885.63,56.9,72.95,Safe
2024-04-08 03:00:00,482.73,65.69,940.88,101.11,95.72,Warning
2024-04-08 04:00:00,438.34,57.58,911.7,75.52,78.56,Safe
2024-04-08 05:00:00,367.56,45.85,816.4,44.58,39.91,Safe
2024-04-08 06:00:00,454.31,65.68,915.86,86.46,76.95,Safe
2024-04-08 07:00:00,481.7,69.12,960.42,100.14,108.16,Critical
2024-04-08 08:00:00,465.27,69.49,928.61,94.71,88.68,Warning
2024-04-08 09:00:00,543.09,88.31,1054.59,114.83,114.67,Critical
2024-04-08 10:00:00,600.0,97.16,1089.25,146.0,143.64,Critical
2024-04-08 11:00:00,546.13,88.68,1024.56,121.9,123.38,Critical
2024-04-08 12:00:00,523.33,77.49,988.02,111.96,128.12,Critical
2024-04-08 13:00:00,600.0,100.0,1100.0,136.59,144.04,Critical
2024-04-08 14:00:00,566.17,94.11,1072.36,140.64,141.76,Critical
2024-04-08 15:00:00,558.42,92.72,1065.5,131.21,131.45,Critical
2024-04-08 16:00:00,574.49,94.59,1080.19,143.66,149.44,Critical
2024-04-08 17:00:00,538.16,88.35,1051.85,110.51,118.55,Critical
2024-04-08 18:00:00,483.05,70.34,944.42,83.21,91.69,Warning
2024-04-08 19:00:00,527.08,82.49,1020.16,112.66,113.48,Critical
2024-04-08 20:00:00,524.05,79.75,975.67,120.95,111.49,Critical
2024-04-08 21:00:00,530.08,77.63,970.57,123.53,122.82,Critical
2024-04-08 22:00:00,458.48,61.76,894.03,74.05,74.38,Safe
2024-04-08 23:00:00,439.53,58.17,901.18,76.68,79.58,Safe
2024-04-09 00:00:00,405.52,58.26,894.83,73.11,59.23,Safe
2024-04-09 01:00:00,378.73,43.13,812.69,56.61,60.77,Safe
2024-04-09 02:00:00,391.08,41.74,823.9,58.92,56.01,Safe
2024-04-09 03:00:00,346.81,47.24,844.53,43.53,44.65,Safe
2024-04-09 04:00:00,412.97,50.83,847.77,64.14,65.57,Safe
2024-04-09 05:00:00,391.37,48.4,819.22,41.19,43.63,Safe
2024-04-09 06:00:00,480.14,73.01,947.02,102.98,107.36,Critical
2024-04-09 07:00:00,474.5,65.82,896.83,83.99,87.03,Warning
2024-04-09 08:00:00,533.22,77.32,989.69,99.45,99.63,Warning
2024-04-09 09:00:00,586.17,93.83,1050.18,135.77,137.32,Critical
2024-04-09 10:00:00,568.92,93.53,1056.75,128.22,132.34,Critical
2024-04-09 11:00:00,493.07,76.57,980.04,113.15,120.57,Critical
2024-04-09 12:00:00,566.18,91.04,1078.17,122.88,125.33,Critical
2024-04-09 13:00:00,600.0,100.0,1100.0,150.0,158.75,Critical
2024-04-09 14:00:00,500.86,76.57,981.65,110.92,106.88,Critical
2024-04-09 15:00:00,533.93,84.5,1050.34,129.22,130.34,Critical
2024-04-09 16:00:00,553.95,78.61,948.78,101.99,101.24,Critical
2024-04-09 17:00:00,579.62,91.13,1096.95,147.14,141.02,Critical
2024-04-09 18:00:00,508.26,73.04,980.43,92.2,96.98,Warning
2024-04-09 19:00:00,447.32,66.94,936.96,85.12,81.65,Warning
2024-04-09 20:00:00,474.66,71.14,936.09,104.03,110.25,Critical
2024-04-09 21:00:00,466.97,66.48,922.76,91.96,82.68,Warning
2024-04-09 22:00:00,416.86,57.72,902.01,63.29,57.55,Safe
2024-04-09 23:00:00,483.33,65.23,940.06,98.93,94.85,Warning
2024-04-10 00:00:00,444.26,56.13,895.35,77.46,75.75,Safe
2024-04-10 01:00:00,397.81,51.32,840.57,58.46,59.99,Safe
2024-04-10 02:00:00,457.77,58.2,870.54,64.3,66.45,Safe
2024-04-10 03:00:00,402.7,50.69,857.74,66.35,59.65,Safe
2024-04-10 04:00:00,458.57,55.58,894.84,74.65,68.74,Safe
2024-04-10 05:00:00,427.19,56.29,881.52,73.25,87.38,Warning
2024-04-10 06:00:00,442.87,58.7,926.09,65.92,67.03,Safe
2024-04-10 07:00:00,499.12,69.88,950.13,92.95,108.24,Critical
2024-04-10 08:00:00,516.29,74.6,972.98,107.59,107.81,Critical
2024-04-10 09:00:00,539.35,83.05,1030.0,132.13,115.75,Critical
2024-04-10 10:00:00,559.46,90.36,1078.62,127.02,123.47,Critical
2024-04-10 11:00:00,600.0,100.0,1070.32,150.0,139.61,Critical
2024-04-10 12:00:00,526.45,84.47,997.75,121.14,136.97,Critical
2024-04-10 13:00:00,600.0,100.0,1093.11,144.46,141.44,Critical
2024-04-10 14:00:00,509.35,81.22,1075.6,106.6,110.89,Critical
2024-04-10 15:00:00,522.27,86.8,1028.25,110.38,117.71,Critical
2024-04-10 16:00:00,564.75,91.01,1052.37,133.21,123.83,Critical
2024-04-10 17:00:00,600.0,97.28,1100.0,136.48,141.01,Critical
2024-04-10 18:00:00,512.56,74.9,995.99,100.01,93.49,Warning
2024-04-10 19:00:00,476.77,69.48,951.14,91.89,90.51,Warning
2024-04-10 20:00:00,481.5,64.26,946.92,87.91,87.29,Warning
2024-04-10 21:00:00,460.47,67.11,909.28,94.06,100.24,Critical
2024-04-10 22:00:00,400.15,56.75,866.9,64.23,66.31,Safe
2024-04-10 23:00:00,396.69,56.81,909.62,76.88,74.73,Safe
2024-04-11 00:00:00,364.22,45.19,826.19,55.21,56.94,Safe
2024-04-11 01:00:00,445.83,58.6,865.23,61.83,81.39,Warning
2024-04-11 02:00:00,421.99,57.72,859.5,73.63,88.15,Warning
2024-04-11 03:00:00,431.09,56.16,862.96,49.9,62.42,Safe
2024-04-11 04:00:00,474.01,62.74,913.75,77.87,77.1,Safe
2024-04-11 05:00:00,401.44,54.21,881.33,70.84,83.06,Warning
2024-04-11 06:00:00,485.1,69.6,940.76,93.73,87.81,Warning
2024-04-11 07:00:00,457.51,62.49,920.92,69.13,81.69,Warning
2024-04-11 08:00:00,463.47,68.88,934.78,81.3,87.06,Warning
2024-04-11 09:00:00,523.44,76.12,1007.53,87.1,92.38,Warning
2024-04-11 10:00:00,573.45,94.37,1100.0,124.29,116.68,Critical
2024-04-11 11:00:00,513.83,79.8,990.36,113.54,111.32,Critical
2024-04-11 12:00:00,550.48,80.23,1011.71,110.5,117.89,Critical
2024-04-11 13:00:00,572.08,91.19,1064.72,131.4,125.14,Critical
2024-04-11 14:00:00,536.03,80.77,1006.9,113.5,107.99,Critical
2024-04-11 15:00:00,600.0,99.91,1100.0,143.18,160.0,Critical
2024-04-11 16:00:00,561.77,92.72,1074.13,138.86,129.69,Critical
2024-04-11 17:00:00,559.7,85.55,1017.39,119.3,114.0,Critical
2024-04-11 18:00:00,525.85,83.22,1045.06,123.83,116.51,Critical
2024-04-11 19:00:00,502.5,77.53,992.09,85.91,94.76,Warning
2024-04-11 20:00:00,453.07,64.22,912.63,92.6,89.07,Warning
2024-04-11 21:00:00,500.89,77.4,1040.75,98.02,114.59,Critical
2024-04-11 22:00:00,441.19,57.42,884.54,66.24,72.94,Safe
2024-04-11 23:00:00,411.82,52.02,865.71,59.94,49.34,Safe
2024-04-12 00:00:00,425.4,58.07,894.21,82.73,88.64,Warning
2024-04-12 01:00:00,459.68,62.56,909.94,75.82,66.44,Safe
2024-04-12 02:00:00,453.03,64.22,930.97,79.56,88.28,Warning
2024-04-12 03:00:00,391.21,48.95,826.16,50.43,48.99,Safe
2024-04-12 04:00:00,419.16,54.62,886.22,71.94,74.9,Safe
2024-04-12 05:00:00,408.01,50.38,813.22,66.53,56.26,Safe
2024-04-12 06:00:00,496.74,72.82,935.54,111.27,105.75,Critical
2024-04-12 07:00:00,460.79,66.47,972.52,109.34,102.5,Critical
2024-04-12 08:00:00,489.98,69.53,920.01,98.3,114.23,Critical
2024-04-12 09:00:00,572.25,93.84,1026.08,132.92,125.51,Critical
2024-04-12 10:00:00,523.75,83.23,989.06,103.2,107.87,Critical
2024-04-12 11:00:00,579.45,100.0,1100.0,150.0,134.82,Critical
2024-04-12 12:00:00,540.56,81.7,969.08,114.18,109.26,Critical
2024-04-12 13:00:00,577.93,94.44,1051.17,130.38,130.12,Critical
2024-04-12 14:00:00,573.19,92.56,1030.72,132.4,121.97,Critical
2024-04-12 15:00:00,561.36,86.68,1027.37,117.59,106.15,Critical
2024-04-12 16:00:00,508.76,78.86,984.71,88.46,91.51,Warning
2024-04-12 17:00:00,552.56,92.95,1054.17,133.14,126.28,Critical
2024-04-12 18:00:00,518.58,79.4,1037.83,122.73,118.53,Critical
2024-04-12 19:00:00,501.11,74.2,944.62,104.34,123.92,Critical
2024-04-12 20:00:00,465.84,67.38,934.65,89.2,92.55,Warning
2024-04-12 21:00:00,498.47,69.46,954.75,96.25,92.17,Warning
2024-04-12 22:00:00,399.27,58.52,871.04,71.3,84.29,Warning
2024-04-12 23:00:00,421.84,51.54,868.4,67.67,89.12,Warning
2024-04-13 00:00:00,392.72,45.41,818.25,54.33,48.03,Safe
2024-04-13 01:00:00,416.47,52.52,870.83,67.07,64.61,Safe
2024-04-13 02:00:00,370.26,54.24,868.82,75.1,64.34,Safe
2024-04-13 03:00:00,433.37,53.85,824.14,71.0,78.59,Safe
2024-04-13 04:00:00,371.15,46.38,860.63,56.44,47.6,Safe
2024-04-13 05:00:00,369.09,44.05,865.8,58.96,56.08,Safe
2024-04-13 06:00:00,479.29,70.42,948.21,99.54,93.47,Warning
2024-04-13 07:00:00,494.86,72.29,941.7,104.9,98.89,Warning
2024-04-13 08:00:00,483.99,68.76,976.93,89.09,96.4,Warning
2024-04-13 09:00:00,533.54,80.26,1042.89,110.97,117.31,Critical
2024-04-13 10:00:00,524.38,78.24,987.49,102.17,101.56,Critical
2024-04-13 11:00:00,583.78,95.06,1070.49,141.22,133.07,Critical
2024-04-13 12:00:00,584.42,94.65,1071.49,140.62,141.35,Critical
2024-04-13 13:00:00,533.25,87.13,998.81,107.79,117.21,Critical
2024-04-13 14:00:00,510.69,80.3,995.1,112.37,111.18,Critical
2024-04-13 15:00:00,600.0,98.43,1100.0,150.0,158.04,Critical
2024-04-13 16:00:00,600.0,100.0,1096.29,140.89,140.11,Critical
2024-04-13 17:00:00,529.69,79.89,976.57,112.58,110.48,Critical
2024-04-13 18:00:00,522.28,82.37,1022.78,119.9,123.36,Critical
2024-04-13 19:00:00,534.95,80.55,988.07,101.38,89.16,Warning
2024-04-13 20:00:00,495.46,77.93,988.19,106.2,105.29,Critical
2024-04-13 21:00:00,495.28,70.05,922.34,104.49,99.14,Warning
2024-04-13 22:00:00,441.83,61.37,884.04,73.48,80.75,Warning
2024-04-13 23:00:00,432.82,52.31,877.78,75.73,77.92,Safe
2024-04-14 00:00:00,400.62,55.48,879.95,68.25,63.95,Safe
2024-04-14 01:00:00,406.81,45.53,810.58,50.76,43.95,Safe
2024-04-14 02:00:00,394.78,49.96,852.43,60.21,56.59,Safe
2024-04-14 03:00:00,385.85,47.79,825.59,52.25,61.57,Safe
2024-04-14 04:00:00,389.13,46.6,815.76,48.14,61.0,Safe
2024-04-14 05:00:00,444.88,63.66,943.91,82.1,94.38,Warning
2024-04-14 06:00:00,445.31,61.58,925.12,81.83,81.85,Warning
2024-04-14 07:00:00,451.87,65.55,927.28,84.25,74.66,Safe
2024-04-14 08:00:00,488.19,74.5,975.68,98.33,95.27,Warning
2024-04-14 09:00:00,549.78,85.74,1028.52,122.37,125.03,Critical
2024-04-14 10:00:00,543.38,89.0,1055.71,128.45,134.15,Critical
2024-04-14 11:00:00,525.61,84.09,1002.86,105.57,114.37,Critical
2024-04-14 12:00:00,524.74,85.99,1048.93,116.98,124.58,Critical
2024-04-14 13:00:00,509.54,79.15,1003.53,92.85,89.68,Warning
2024-04-14 14:00:00,600.0,100.0,1094.21,141.36,140.06,Critical
2024-04-14 15:00:00,501.4,78.31,980.82,106.78,124.09,Critical
2024-04-14 16:00:00,566.92,94.29,1089.95,138.13,143.05,Critical
2024-04-14 17:00:00,600.0,100.0,1096.69,144.03,139.01,Critical
2024-04-14 18:00:00,492.13,74.33,956.27,104.0,94.3,Warning
2024-04-14 19:00:00,504.35,68.29,932.99,95.07,84.11,Warning
2024-04-14 20:00:00,471.28,68.39,958.87,86.81,86.05,Warning
2024-04-14 21:00:00,468.05,65.84,893.77,76.83,77.77,Safe
2024-04-14 22:00:00,419.37,51.54,849.88,63.02,60.08,Safe
2024-04-14 23:00:00,430.74,54.45,895.8,65.59,66.06,Safe
2024-04-15 00:00:00,402.07,49.7,844.8,60.22,62.55,Safe
2024-04-15 01:00:00,402.34,51.15,861.75,59.53,60.08,Safe
2024-04-15 02:00:00,461.38,58.26,915.21,83.15,73.63,Safe
2024-04-15 03:00:00,405.48,51.72,878.23,65.71,67.08,Safe
2024-04-15 04:00:00,380.42,46.65,823.57,58.3,55.69,Safe
2024-04-15 05:00:00,407.08,54.03,867.28,70.35,74.91,Safe
2024-04-15 06:00:00,479.14,75.83,999.05,100.46,93.13,Warning
2024-04-15 07:00:00,523.98,78.12,1011.27,109.01,114.71,Critical
2024-04-15 08:00:00,461.61,73.62,966.16,99.95,98.72,Warning
2024-04-15 09:00:00,599.72,99.95,1098.57,150.0,140.0,Critical
2024-04-15 10:00:00,514.13,79.25,1002.14,101.27,95.51,Warning
2024-04-15 11:00:00,578.92,86.89,1064.52,127.53,124.75,Critical
2024-04-15 12:00:00,535.2,90.21,1074.54,115.81,116.56,Critical
2024-04-15 13:00:00,510.66,80.82,1019.35,110.97,114.84,Critical
2024-04-15 14:00:00,588.49,97.6,1064.27,132.04,158.73,Critical
2024-04-15 15:00:00,582.91,96.42,1076.05,135.51,131.2,Critical
2024-04-15 16:00:00,523.59,82.82,1009.21,115.02,125.68,Critical
2024-04-15 17:00:00,598.87,100.0,1100.0,138.95,137.47,Critical
2024-04-15 18:00:00,476.29,73.48,962.14,83.07,95.2,Warning
2024-04-15 19:00:00,519.76,78.69,1021.03,121.92,105.4,Critical
2024-04-15 20:00:00,437.14,67.41,924.49,91.94,96.03,Warning
2024-04-15 21:00:00,454.76,63.78,908.1,82.23,81.14,Warning
2024-04-15 22:00:00,451.28,64.92,935.19,78.29,75.31,Safe
2024-04-15 23:00:00,435.19,55.24,910.7,74.5,93.58,Warning
2024-04-16 00:00:00,441.53,54.24,866.54,73.97,76.25,Safe
2024-04-16 01:00:00,433.85,59.62,841.72,79.4,79.91,Safe
2024-04-16 02:00:00,461.95,60.62,868.69,85.98,86.37,Warning
2024-04-16 03:00:00,412.53,54.24,877.76,76.68,96.98,Warning
2024-04-16 04:00:00,432.03,61.39,874.5,62.57,67.18,Safe
2024-04-16 05:00:00,464.56,60.03,881.11,77.2,81.77,Warning
2024-04-16 06:00:00,458.85,62.89,914.72,91.35,93.21,Warning
2024-04-16 07:00:00,446.86,61.7,854.61,69.96,74.35,Safe
2024-04-16 08:00:00,469.26,64.91,916.2,96.21,100.21,Critical
2024-04-16 09:00:00,527.08,80.81,978.42,125.13,147.43,Critical
2024-04-16 10:00:00,541.59,85.64,995.22,127.03,123.69,Critical
2024-04-16 11:00:00,532.87,87.86,1021.65,125.22,121.37,Critical
2024-04-16 12:00:00,516.17,79.99,976.43,104.94,108.08,Critical
2024-04-16 13:00:00,517.69,77.24,996.53,109.82,120.67,Critical
2024-04-16 14:00:00,521.56,80.82,1030.42,102.34,100.2,Critical
2024-04-16 15:00:00,573.35,90.18,1042.88,121.78,120.9,Critical
2024-04-16 16:00:00,600.0,100.0,1086.89,136.53,135.39,Critical
2024-04-16 17:00:00,569.99,95.57,1068.74,134.25,134.73,Critical
2024-04-16 18:00:00,460.97,69.86,924.92,87.06,91.14,Warning
2024-04-16 19:00:00,447.84,62.51,884.2,82.02,77.28,Safe
2024-04-16 20:00:00,475.82,70.79,917.75,99.36,114.98,Critical
2024-04-16 21:00:00,494.95,72.56,933.55,91.41,95.24,Warning
2024-04-16 22:00:00,454.63,66.17,966.75,89.99,92.96,Warning
2024-04-16 23:00:00,430.22,59.71,883.36,72.05,64.36,Safe
2024-04-17 00:00:00,468.42,63.42,852.38,82.78,102.8,Critical
2024-04-17 01:00:00,411.63,52.39,849.03,70.36,76.85,Safe
2024-04-17 02:00:00,390.36,50.05,815.26,65.67,77.42,Safe
2024-04-17 03:00:00,423.89,55.91,880.86,76.6,70.79,Safe
2024-04-17 04:00:00,408.3,47.25,835.19,62.58,57.96,Safe
2024-04-17 05:00:00,449.39,61.32,907.83,69.16,70.22,Safe
2024-04-17 06:00:00,501.86,73.39,966.05,91.92,86.29,Warning
2024-04-17 07:00:00,488.47,74.75,965.55,93.49,96.28,Warning
2024-04-17 08:00:00,461.05,61.67,876.32,83.19,79.46,Safe
2024-04-17 09:00:00,600.0,95.05,1073.61,126.88,118.93,Critical
2024-04-17 10:00:00,507.0,79.52,1020.02,112.33,116.16,Critical
2024-04-17 11:00:00,532.33,87.22,1076.0,124.69,143.79,Critical
2024-04-17 12:00:00,593.86,97.85,1084.01,123.99,125.53,Critical
2024-04-17 13:00:00,577.58,91.33,1053.8,121.47,126.63,Critical
2024-04-17 14:00:00,531.44,83.18,1026.91,124.44,125.41,Critical
2024-04-17 15:00:00,571.7,96.61,1100.0,142.3,153.9,Critical
2024-04-17 16:00:00,553.84,88.84,1033.5,117.18,114.03,Critical
2024-04-17 17:00:00,584.17,93.95,1084.99,126.78,128.06,Critical
2024-04-17 18:00:00,470.98,69.17,927.75,71.37,81.26,Warning
2024-04-17 19:00:00,509.14,75.16,983.06,115.74,119.2,Critical
2024-04-17 20:00:00,498.07,70.44,973.55,98.38,113.48,Critical
2024-04-17 21:00:00,495.76,73.1,937.1,112.92,111.65,Critical
2024-04-17 22:00:00,453.29,63.42,905.55,81.1,80.48,Warning
2024-04-17 23:00:00,449.33,59.43,918.16,81.79,75.75,Safe
2024-04-18 00:00:00,398.17,52.54,876.26,72.15,71.91,Safe
2024-04-18 01:00:00,369.35,45.68,851.19,67.33,65.88,Safe
2024-04-18 02:00:00,441.07,61.2,924.67,84.44,89.06,Warning
2024-04-18 03:00:00,406.43,53.33,859.15,65.67,53.42,Safe
2024-04-18 04:00:00,401.63,53.22,914.48,68.53,62.29,Safe
2024-04-18 05:00:00,429.67,51.01,858.06,58.04,63.42,Safe
2024-04-18 06:00:00,476.69,61.57,840.62,76.92,76.56,Safe
2024-04-18 07:00:00,503.49,77.11,979.34,105.13,100.31,Critical
2024-04-18 08:00:00,459.04,64.44,911.88,95.63,87.52,Warning
2024-04-18 09:00:00,595.89,99.63,1100.0,138.75,149.06,Critical
2024-04-18 10:00:00,600.0,97.01,1075.12,147.47,150.81,Critical
2024-04-18 11:00:00,510.72,73.11,989.73,102.16,108.55,Critical
2024-04-18 12:00:00,575.12,100.0,1100.0,149.96,152.83,Critical
2024-04-18 13:00:00,583.94,94.32,1049.6,138.63,131.05,Critical
2024-04-18 14:00:00,487.9,76.55,979.66,107.27,102.84,Critical
2024-04-18 15:00:00,600.0,97.55,1070.69,146.99,144.88,Critical
2024-04-18 16:00:00,600.0,99.82,1100.0,149.51,138.61,Critical
2024-04-18 17:00:00,588.47,100.0,1082.81,149.1,146.63,Critical
2024-04-18 18:00:00,448.9,63.07,916.99,99.55,89.41,Warning
2024-04-18 19:00:00,516.79,80.21,995.06,122.83,122.09,Critical
2024-04-18 20:00:00,498.55,72.8,960.65,103.08,113.61,Critical
2024-04-18 21:00:00,494.91,70.08,995.52,95.15,80.36,Warning
2024-04-18 22:00:00,400.09,54.04,862.27,68.61,65.52,Safe
2024-04-18 23:00:00,434.02,52.07,817.79,50.0,49.47,Safe
2024-04-19 00:00:00,389.72,41.81,831.4,58.82,64.98,Safe
2024-04-19 01:00:00,354.27,41.63,830.33,39.24,47.32,Safe
2024-04-19 02:00:00,423.66,55.66,834.76,77.22,75.97,Safe
2024-04-19 03:00:00,413.63,47.42,821.68,75.09,79.71,Safe
2024-04-19 04:00:00,446.26,57.25,895.84,64.36,66.96,Safe
2024-04-19 05:00:00,417.09,55.45,888.78,70.11,76.29,Safe
2024-04-19 06:00:00,487.0,68.9,944.4,85.15,98.93,Warning
2024-04-19 07:00:00,530.36,72.1,960.89,88.76,94.38,Warning
2024-04-19 08:00:00,470.91,67.36,916.15,87.88,90.93,Warning
2024-04-19 09:00:00,586.3,98.79,1041.15,141.88,143.35,Critical
2024-04-19 10:00:00,564.53,90.53,1097.74,136.59,135.19,Critical
2024-04-19 11:00:00,534.33,82.72,992.29,115.2,115.85,Critical
2024-04-19 12:00:00,583.14,97.62,1091.98,125.16,134.1,Critical
2024-04-19 13:00:00,600.0,100.0,1096.51,143.78,151.12,Critical
2024-04-19 14:00:00,493.04,77.65,1007.99,93.71,92.38,Warning
2024-04-19 15:00:00,549.76,89.77,1051.38,113.94,117.66,Critical
2024-04-19 16:00:00,587.18,94.14,1074.08,126.95,130.26,Critical
2024-04-19 17:00:00,575.43,100.0,1042.04,144.97,141.74,Critical
2024-04-19 18:00:00,500.32,71.92,941.27,102.01,99.87,Warning
2024-04-19 19:00:00,480.67,77.21,1002.43,106.04,91.83,Warning
2024-04-19 20:00:00,437.24,65.37,941.25,77.61,86.61,Warning
2024-04-19 21:00:00,520.09,81.77,987.91,108.09,112.09,Critical
2024-04-19 22:00:00,442.46,59.61,863.33,64.6,60.7,Safe
2024-04-19 23:00:00,428.51,52.49,865.23,78.87,71.79,Safe
2024-04-20 00:00:00,430.93,57.53,823.7,87.61,94.85,Warning
2024-04-20 01:00:00,444.71,62.04,884.93,83.65,86.68,Warning
2024-04-20 02:00:00,422.99,53.72,907.32,76.71,79.54,Safe
2024-04-20 03:00:00,376.85,47.26,868.09,56.21,54.34,Safe
2024-04-20 04:00:00,411.03,52.27,872.07,53.12,54.6,Safe
2024-04-20 05:00:00,414.49,57.82,895.86,65.89,62.21,Safe
2024-04-20 06:00:00,472.56,67.85,896.35,84.44,81.75,Warning
2024-04-20 07:00:00,467.42,67.31,920.26,85.44,87.49,Warning
2024-04-20 08:00:00,464.82,69.02,938.61,85.84,83.26,Warning
2024-04-20 09:00:00,517.79,78.87,978.52,108.27,99.72,Warning
2024-04-20 10:00:00,588.86,96.66,1075.59,130.56,132.86,Critical
2024-04-20 11:00:00,553.86,84.35,1050.33,138.52,155.36,Critical
2024-04-20 12:00:00,575.16,99.41,1085.13,127.7,129.44,Critical
2024-04-20 13:00:00,519.22,80.07,992.85,117.04,110.07,Critical
2024-04-20 14:00:00,575.36,96.5,1098.77,134.9,135.3,Critical
2024-04-20 15:00:00,538.62,81.61,976.82,116.31,106.76,Critical
2024-04-20 16:00:00,566.39,88.96,1026.32,129.23,122.23,Critical
2024-04-20 17:00:00,589.39,95.57,1061.62,136.91,146.96,Critical
2024-04-20 18:00:00,464.67,68.63,944.37,81.69,88.88,Warning
2024-04-20 19:00:00,536.0,80.9,996.91,110.24,118.29,Critical
2024-04-20 20:00:00,471.94,73.34,959.81,97.91,95.71,Warning
2024-04-20 21:00:00,465.19,72.37,947.22,95.02,97.62,Warning
2024-04-20 22:00:00,411.42,57.32,863.04,61.69,48.11,Safe
2024-04-20 23:00:00,428.45,57.23,899.55,84.36,88.82,Warning
2024-04-21 00:00:00,443.69,58.56,885.37,56.19,58.31,Safe
2024-04-21 01:00:00,367.66,52.33,875.27,59.11,48.55,Safe
2024-04-21 02:00:00,417.88,49.84,824.74,54.62,52.5,Safe
2024-04-21 03:00:00,438.36,59.13,881.01,77.18,76.21,Safe
2024-04-21 04:00:00,383.21,51.29,851.58,68.81,59.57,Safe
2024-04-21 05:00:00,392.13,47.68,835.59,46.46,51.33,Safe
2024-04-21 06:00:00,509.38,73.52,984.2,121.5,108.44,Critical
2024-04-21 07:00:00,478.03,67.41,927.58,91.93,91.21,Warning
2024-04-21 08:00:00,480.19,66.2,947.43,93.79,98.83,Warning
2024-04-21 09:00:00,544.71,90.96,1063.05,114.95,109.58,Critical
2024-04-21 10:00:00,554.0,89.95,1047.4,125.41,131.54,Critical
2024-04-21 11:00:00,582.85,98.95,1073.82,146.25,140.19,Critical
2024-04-21 12:00:00,563.41,84.84,1040.85,123.85,120.46,Critical
2024-04-21 13:00:00,557.75,87.2,1015.62,123.11,128.25,Critical
2024-04-21 14:00:00,600.0,98.59,1092.48,140.94,144.28,Critical
2024-04-21 15:00:00,492.37,74.73,972.46,89.93,96.61,Warning
2024-04-21 16:00:00,535.37,86.38,1027.34,108.24,107.2,Critical
2024-04-21 17:00:00,574.4,94.1,1061.93,141.98,137.65,Critical
2024-04-21 18:00:00,487.22,66.98,916.81,97.47,99.54,Warning
2024-04-21 19:00:00,517.15,80.57,967.28,116.82,118.07,Critical
2024-04-21 20:00:00,475.62,68.47,973.23,87.09,82.95,Warning
2024-04-21 21:00:00,531.83,82.62,1002.28,112.92,113.29,Critical
2024-04-21 22:00:00,415.43,53.72,865.78,77.31,73.66,Safe
2024-04-21 23:00:00,392.83,50.49,849.5,51.2,56.09,Safe
2024-04-22 00:00:00,393.64,48.89,868.55,69.95,56.65,Safe
2024-04-22 01:00:00,411.12,53.41,909.58,64.62,69.61,Safe
2024-04-22 02:00:00,403.37,50.87,857.87,56.27,67.22,Safe
2024-04-22 03:00:00,470.69,64.37,918.4,86.05,87.05,Warning
2024-04-22 04:00:00,416.69,48.01,815.33,50.8,38.22,Safe
2024-04-22 05:00:00,373.59,46.34,799.94,37.04,31.51,Safe
2024-04-22 06:00:00,443.15,62.16,871.77,78.93,92.13,Warning
2024-04-22 07:00:00,465.17,69.18,928.39,94.6,100.08,Critical
2024-04-22 08:00:00,452.42,62.45,866.25,89.07,81.86,Warning
2024-04-22 09:00:00,569.58,94.28,1095.13,139.05,132.37,Critical
2024-04-22 10:00:00,566.2,90.71,1062.86,144.54,154.42,Critical
2024-04-22 11:00:00,600.0,100.0,1094.46,150.0,152.6,Critical
2024-04-22 12:00:00,538.76,93.53,1092.06,135.58,127.19,Critical
2024-04-22 13:00:00,562.6,88.93,1021.08,128.12,126.36,Critical
2024-04-22 14:00:00,512.08,79.63,980.11,117.78,104.83,Critical
2024-04-22 15:00:00,532.41,81.49,964.91,93.35,95.51,Warning
2024-04-22 16:00:00,567.53,95.02,1092.14,130.56,127.34,Critical
2024-04-22 17:00:00,600.0,100.0,1082.17,127.06,121.62,Critical
2024-04-22 18:00:00,505.43,73.16,966.15,106.11,106.45,Critical
2024-04-22 19:00:00,468.96,65.25,948.31,82.69,86.49,Warning
2024-04-22 20:00:00,475.19,66.02,960.26,114.91,125.19,Critical
2024-04-22 21:00:00,509.08,79.88,998.76,104.77,97.42,Warning
2024-04-22 22:00:00,399.61,52.07,868.8,65.19,60.08,Safe
2024-04-22 23:00:00,432.73,55.55,857.87,67.4,69.45,Safe
2024-04-23 00:00:00,363.01,43.44,854.23,47.83,50.82,Safe
2024-04-23 01:00:00,464.8,61.14,902.04,71.9,80.32,Warning
2024-04-23 02:00:00,371.23,43.94,821.47,40.94,51.43,Safe
2024-04-23 03:00:00,444.47,59.36,887.85,59.63,53.49,Safe
2024-04-23 04:00:00,462.99,58.4,918.38,84.67,77.53,Safe
2024-04-23 05:00:00,387.51,49.35,851.14,56.12,53.48,Safe
2024-04-23 06:00:00,466.96,66.5,949.24,104.98,96.5,Warning
2024-04-23 07:00:00,461.04,61.57,915.64,72.64,83.1,Warning
2024-04-23 08:00:00,472.52,64.8,919.15,98.74,85.16,Warning
2024-04-23 09:00:00,537.61,85.55,1048.2,132.7,131.42,Critical
2024-04-23 10:00:00,515.53,80.69,1011.05,121.33,122.44,Critical
2024-04-23 11:00:00,566.34,92.4,1040.86,130.83,120.05,Critical
2024-04-23 12:00:00,600.0,98.26,1069.54,136.99,140.93,Critical
2024-04-23 13:00:00,520.69,81.15,1009.02,122.21,125.22,Critical
2024-04-23 14:00:00,528.97,81.97,1029.81,108.61,110.89,Critical
2024-04-23 15:00:00,510.14,79.03,1031.22,112.43,117.38,Critical
2024-04-23 16:00:00,598.64,97.19,1046.85,136.91,139.63,Critical
2024-04-23 17:00:00,577.62,93.86,1069.86,126.16,137.18,Critical
2024-04-23 18:00:00,440.35,63.6,928.77,84.85,83.91,Warning
2024-04-23 19:00:00,432.64,61.55,914.25,85.02,82.97,Warning
2024-04-23 20:00:00,461.74,72.43,984.36,88.59,99.48,Warning
2024-04-23 21:00:00,461.88,68.38,956.32,94.61,94.97,Warning
2024-04-23 22:00:00,458.96,61.96,888.12,63.2,68.41,Safe
2024-04-23 23:00:00,450.09,57.89,867.12,66.85,75.47,Safe
2024-04-24 00:00:00,415.52,51.48,864.27,61.82,58.7,Safe
2024-04-24 01:00:00,431.12,55.84,900.99,76.12,80.47,Warning
2024-04-24 02:00:00,381.43,45.8,832.16,61.59,75.88,Safe
2024-04-24 03:00:00,429.89,54.76,839.09,69.14,73.06,Safe
2024-04-24 04:00:00,399.41,48.85,821.21,63.26,63.82,Safe
2024-04-24 05:00:00,451.98,56.68,898.61,75.05,72.38,Safe
2024-04-24 06:00:00,474.26,68.91,936.88,94.94,98.61,Warning
2024-04-24 07:00:00,504.96,71.54,960.3,101.84,101.62,Critical
2024-04-24 08:00:00,503.44,72.8,987.44,97.47,94.91,Warning
2024-04-24 09:00:00,600.0,100.0,1073.55,138.57,141.91,Critical
2024-04-24 10:00:00,571.84,100.0,1090.89,143.88,142.59,Critical
2024-04-24 11:00:00,592.77,94.94,1063.2,150.0,140.68,Critical
2024-04-24 12:00:00,577.89,94.92,1082.42,144.63,142.18,Critical
2024-04-24 13:00:00,590.03,99.06,1100.0,131.97,149.91,Critical
2024-04-24 14:00:00,563.28,96.01,1047.48,123.05,140.48,Critical
2024-04-24 15:00:00,516.56,79.16,995.68,104.73,104.86,Critical
2024-04-24 16:00:00,541.87,85.35,1045.88,121.12,115.83,Critical
2024-04-24 17:00:00,545.36,90.9,1013.69,123.92,122.11,Critical
2024-04-24 18:00:00,487.73,77.09,984.03,113.02,117.68,Critical
2024-04-24 19:00:00,482.09,68.82,917.35,101.75,87.73,Warning
2024-04-24 20:00:00,475.4,65.8,914.89,87.92,105.15,Critical
2024-04-24 21:00:00,530.34,81.92,954.49,108.72,117.07,Critical
2024-04-24 22:00:00,474.39,64.57,953.49,93.15,99.78,Warning
2024-04-24 23:00:00,412.23,53.36,858.97,74.87,72.12,Safe
2024-04-25 00:00:00,385.92,46.67,815.59,59.33,55.87,Safe
2024-04-25 01:00:00,440.28,63.28,923.62,78.59,80.67,Warning
2024-04-25 02:00:00,376.52,49.59,825.02,51.94,79.62,Safe
2024-04-25 03:00:00,458.57,58.15,865.73,67.51,68.95,Safe
2024-04-25 04:00:00,418.44,50.65,886.48,68.0,68.1,Safe
2024-04-25 05:00:00,367.3,46.7,873.29,61.15,60.34,Safe
2024-04-25 06:00:00,508.7,76.63,970.12,110.27,93.87,Warning
2024-04-25 07:00:00,489.48,72.72,987.08,108.99,111.61,Critical
2024-04-25 08:00:00,464.24,67.02,942.93,101.09,98.46,Warning
2024-04-25 09:00:00,548.27,88.5,1011.4,110.7,111.73,Critical
2024-04-25 10:00:00,600.0,100.0,1079.58,145.01,145.46,Critical
2024-04-25 11:00:00,557.85,86.6,1067.12,128.09,126.11,Critical
2024-04-25 12:00:00,600.0,100.0,1068.61,140.53,139.53,Critical
2024-04-25 13:00:00,597.87,99.89,1100.0,136.02,137.04,Critical
2024-04-25 14:00:00,542.8,86.25,1018.68,131.13,129.78,Critical
2024-04-25 15:00:00,548.72,83.9,1054.28,115.71,119.96,Critical
2024-04-25 16:00:00,592.37,96.47,1075.63,120.08,125.16,Critical
2024-04-25 17:00:00,569.5,92.12,1078.2,131.49,130.74,Critical
2024-04-25 18:00:00,466.46,66.74,964.39,88.66,84.16,Warning
2024-04-25 19:00:00,479.67,68.71,974.13,109.27,119.37,Critical
2024-04-25 20:00:00,483.24,72.45,949.39,100.45,100.05,Critical
2024-04-25 21:00:00,514.38,75.72,959.74,101.23,109.84,Critical
2024-04-25 22:00:00,423.1,59.54,895.91,73.56,74.69,Safe
2024-04-25 23:00:00,446.84,63.15,887.14,78.86,73.58,Safe
2024-04-26 00:00:00,451.52,60.74,908.96,98.09,110.94,Critical
2024-04-26 01:00:00,370.02,46.47,814.29,58.16,59.93,Safe
2024-04-26 02:00:00,422.62,61.16,929.62,67.22,76.25,Safe
2024-04-26 03:00:00,407.76,51.72,846.06,61.7,84.3,Warning
2024-04-26 04:00:00,351.09,43.71,780.22,45.91,40.65,Safe
2024-04-26 05:00:00,342.38,40.14,831.52,36.24,55.42,Safe
2024-04-26 06:00:00,463.19,63.15,919.78,70.18,77.45,Safe
2024-04-26 07:00:00,487.89,72.69,964.09,102.94,105.57,Critical
2024-04-26 08:00:00,473.96,63.99,944.03,81.47,83.16,Warning
2024-04-26 09:00:00,512.57,82.36,1030.97,123.36,137.88,Critical
2024-04-26 10:00:00,546.44,86.94,1017.94,120.61,117.74,Critical
2024-04-26 11:00:00,575.23,92.41,1052.15,126.91,118.17,Critical
2024-04-26 12:00:00,558.01,93.6,1043.51,109.8,122.95,Critical
2024-04-26 13:00:00,536.44,80.5,970.28,120.79,113.6,Critical
2024-04-26 14:00:00,542.27,83.78,1031.63,120.53,110.22,Critical
2024-04-26 15:00:00,563.23,96.44,1090.83,131.43,139.85,Critical
2024-04-26 16:00:00,499.87,75.1,992.24,96.23,103.5,Critical
2024-04-26 17:00:00,573.32,91.98,1088.1,145.06,134.75,Critical
2024-04-26 18:00:00,514.38,80.66,1020.34,102.99,108.74,Critical
2024-04-26 19:00:00,472.24,73.24,985.2,95.09,100.62,Critical
2024-04-26 20:00:00,524.14,80.06,954.58,112.78,113.84,Critical
2024-04-26 21:00:00,522.0,72.76,957.05,113.52,106.87,Critical
2024-04-26 22:00:00,396.26,50.42,873.32,61.08,55.05,Safe
2024-04-26 23:00:00,449.17,56.8,858.3,67.8,59.22,Safe
2024-04-27 00:00:00,391.27,50.45,854.27,60.24,57.77,Safe
2024-04-27 01:00:00,428.7,56.42,893.53,80.25,76.74,Safe
2024-04-27 02:00:00,438.68,56.97,894.59,83.78,82.28,Warning
2024-04-27 03:00:00,440.04,60.04,908.31,67.34,90.37,Warning
2024-04-27 04:00:00,388.75,48.23,854.33,59.82,64.85,Safe
2024-04-27 05:00:00,431.53,55.34,880.68,60.19,71.6,Safe
2024-04-27 06:00:00,474.0,61.88,877.22,89.18,106.47,Critical
2024-04-27 07:00:00,474.49,67.57,949.0,94.69,95.16,Warning
2024-04-27 08:00:00,464.98,68.05,946.51,83.06,79.19,Safe
2024-04-27 09:00:00,572.3,93.74,1036.81,142.84,137.02,Critical
2024-04-27 10:00:00,561.2,81.48,1037.75,121.55,116.56,Critical
2024-04-27 11:00:00,579.37,94.37,1083.59,136.56,130.2,Critical
2024-04-27 12:00:00,591.68,100.0,1069.63,138.75,151.9,Critical
2024-04-27 13:00:00,510.45,81.62,990.12,109.97,109.75,Critical
2024-04-27 14:00:00,531.24,89.2,1033.59,118.53,109.27,Critical
2024-04-27 15:00:00,600.0,100.0,1087.58,136.33,138.94,Critical
2024-04-27 16:00:00,533.36,81.05,1011.7,123.43,122.26,Critical
2024-04-27 17:00:00,539.61,86.29,1009.97,114.76,116.31,Critical
2024-04-27 18:00:00,500.19,75.1,1000.32,99.67,99.85,Warning
2024-04-27 19:00:00,465.01,70.35,974.76,93.05,97.04,Warning
2024-04-27 20:00:00,456.98,63.78,932.52,96.4,90.49,Warning
2024-04-27 21:00:00,518.66,77.98,990.87,117.02,112.96,Critical
2024-04-27 22:00:00,445.63,63.28,937.02,80.33,85.05,Warning
2024-04-27 23:00:00,457.75,58.52,886.53,87.68,83.81,Warning
2024-04-28 00:00:00,364.96,44.17,804.91,50.5,59.58,Safe
2024-04-28 01:00:00,378.25,43.57,844.03,46.32,47.79,Safe
2024-04-28 02:00:00,449.92,59.51,904.54,75.04,72.96,Safe
2024-04-28 03:00:00,424.56,56.41,867.0,81.9,85.35,Warning
2024-04-28 04:00:00,437.64,60.07,891.16,93.71,95.17,Warning
2024-04-28 05:00:00,397.16,54.29,855.25,67.68,70.65,Safe
2024-04-28 06:00:00,484.08,66.27,975.84,88.44,93.18,Warning
2024-04-28 07:00:00,448.58,62.74,913.79,80.99,92.76,Warning
2024-04-28 08:00:00,496.68,72.29,964.92,92.84,91.66,Warning
2024-04-28 09:00:00,570.42,90.25,1067.12,124.26,135.9,Critical
2024-04-28 10:00:00,591.2,100.0,1073.26,134.62,128.83,Critical
2024-04-28 11:00:00,562.79,91.39,1081.07,129.45,132.78,Critical
2024-04-28 12:00:00,600.0,100.0,1086.63,143.16,149.8,Critical
2024-04-28 13:00:00,507.56,80.8,1044.26,111.06,117.79,Critical
2024-04-28 14:00:00,598.71,92.23,1054.27,131.73,125.7,Critical
2024-04-28 15:00:00,531.65,85.52,1050.43,125.6,125.89,Critical
2024-04-28 16:00:00,519.69,84.05,965.32,109.89,106.92,Critical
2024-04-28 17:00:00,536.89,83.76,992.95,113.88,113.23,Critical
2024-04-28 18:00:00,545.8,78.72,987.14,110.22,113.03,Critical
2024-04-28 19:00:00,428.97,63.93,874.97,90.66,96.26,Warning
2024-04-28 20:00:00,526.91,82.22,1024.32,110.65,114.62,Critical
2024-04-28 21:00:00,531.51,81.21,1012.94,118.36,118.45,Critical
2024-04-28 22:00:00,444.99,61.13,883.85,72.4,75.62,Safe
2024-04-28 23:00:00,426.35,55.25,875.9,73.48,71.54,Safe
2024-04-29 00:00:00,405.95,54.0,887.74,72.25,56.75,Safe
2024-04-29 01:00:00,394.36,50.69,807.18,67.51,63.37,Safe
2024-04-29 02:00:00,423.92,56.5,854.48,67.09,71.21,Safe
2024-04-29 03:00:00,387.7,50.88,847.03,51.68,54.4,Safe
2024-04-29 04:00:00,411.93,53.14,866.22,60.3,58.13,Safe
2024-04-29 05:00:00,404.48,52.48,861.11,72.53,76.15,Safe
2024-04-29 06:00:00,461.82,67.1,955.06,106.41,96.82,Warning
2024-04-29 07:00:00,446.45,60.49,912.95,86.44,82.04,Warning
2024-04-29 08:00:00,429.71,63.8,934.33,71.76,77.83,Safe
2024-04-29 09:00:00,514.63,79.46,966.72,113.71,114.11,Critical
2024-04-29 10:00:00,594.28,90.46,1055.49,123.98,128.9,Critical
2024-04-29 11:00:00,584.79,100.0,1093.24,137.98,130.53,Critical
2024-04-29 12:00:00,600.0,99.25,1100.0,143.86,154.03,Critical
2024-04-29 13:00:00,593.57,98.2,1094.84,143.23,145.68,Critical
2024-04-29 14:00:00,590.6,99.76,1084.08,141.24,151.9,Critical
2024-04-29 15:00:00,523.07,85.39,1045.71,113.28,116.94,Critical
2024-04-29 16:00:00,597.08,98.78,1100.0,150.0,148.52,Critical
2024-04-29 17:00:00,543.59,80.81,985.97,108.86,111.13,Critical
2024-04-29 18:00:00,504.23,77.42,979.43,115.12,117.27,Critical
2024-04-29 19:00:00,523.95,81.27,999.06,101.02,96.34,Warning
2024-04-29 20:00:00,516.47,75.58,1004.9,108.24,106.54,Critical
2024-04-29 21:00:00,515.33,77.64,992.67,97.58,104.98,Critical
2024-04-29 22:00:00,401.95,55.99,895.94,62.91,71.63,Safe
2024-04-29 23:00:00,457.82,64.11,909.7,79.91,72.51,Safe
2024-04-30 00:00:00,466.49,61.33,914.02,95.12,87.54,Warning
2024-04-30 01:00:00,367.64,42.04,838.87,60.65,62.69,Safe
2024-04-30 02:00:00,368.54,51.73,850.71,66.23,60.8,Safe
2024-04-30 03:00:00,413.36,51.98,862.43,65.8,63.84,Safe
2024-04-30 04:00:00,417.7,55.12,845.61,69.22,70.81,Safe
2024-04-30 05:00:00,356.19,45.45,810.41,60.13,48.8,Safe
2024-04-30 06:00:00,460.05,70.89,947.09,97.9,90.42,Warning
2024-04-30 07:00:00,475.85,65.55,904.41,87.23,86.03,Warning
2024-04-30 08:00:00,472.07,70.58,981.98,107.45,95.84,Warning
2024-04-30 09:00:00,551.5,91.05,1036.81,132.3,126.87,Critical
2024-04-30 10:00:00,531.78,83.07,1032.66,118.32,121.21,Critical
2024-04-30 11:00:00,549.74,89.69,1052.56,121.69,131.2,Critical
2024-04-30 12:00:00,561.12,89.93,1050.33,122.4,139.2,Critical
2024-04-30 13:00:00,485.84,72.17,993.55,96.57,83.98,Warning
2024-04-30 14:00:00,499.68,79.12,945.87,107.62,108.86,Critical
2024-04-30 15:00:00,528.96,84.03,1015.83,122.54,119.68,Critical
2024-04-30 16:00:00,559.64,88.36,1018.03,111.79,122.53,Critical
2024-04-30 17:00:00,600.0,100.0,1056.85,124.84,116.6,Critical
2024-04-30 18:00:00,510.13,77.82,962.82,97.52,98.13,Warning
2024-04-30 19:00:00,507.68,70.14,951.08,94.34,95.73,Warning
2024-04-30 20:00:00,498.31,72.02,944.14,107.23,108.81,Critical
2024-04-30 21:00:00,501.17,72.31,981.28,98.24,89.59,Warning
2024-04-30 22:00:00,430.68,58.25,886.55,76.43,69.98,Safe
2024-04-30 23:00:00,431.28,57.05,878.11,76.28,88.18,Warning
2024-05-01 00:00:00,380.52,46.64,826.15,46.69,65.92,Safe
2024-05-01 01:00:00,427.53,54.16,868.63,81.14,75.85,Safe
2024-05-01 02:00:00,399.17,50.18,841.69,55.74,72.73,Safe
2024-05-01 03:00:00,447.07,60.99,886.22,91.14,79.79,Safe
2024-05-01 04:00:00,421.73,54.87,896.11,70.0,59.93,Safe
2024-05-01 05:00:00,398.43,49.67,834.62,57.41,57.2,Safe
2024-05-01 06:00:00,531.61,72.62,954.66,93.91,97.45,Warning
2024-05-01 07:00:00,447.19,64.13,930.1,85.56,81.74,Warning
2024-05-01 08:00:00,437.5,61.74,915.71,97.96,100.28,Critical
2024-05-01 09:00:00,560.44,87.68,1018.74,126.21,121.87,Critical
2024-05-01 10:00:00,547.27,88.9,1061.11,127.07,123.22,Critical
2024-05-01 11:00:00,548.12,88.05,1052.08,118.41,119.4,Critical
2024-05-01 12:00:00,553.67,92.22,1065.02,133.46,127.83,Critical
2024-05-01 13:00:00,531.48,81.15,996.26,113.79,116.18,Critical
2024-05-01 14:00:00,600.0,99.68,1089.45,141.59,152.09,Critical
2024-05-01 15:00:00,592.63,99.26,1091.86,144.96,135.28,Critical
2024-05-01 16:00:00,563.33,88.33,1014.55,109.03,109.39,Critical
2024-05-01 17:00:00,529.79,88.95,1043.89,121.01,137.49,Critical
2024-05-01 18:00:00,497.54,76.86,1003.93,95.7,113.95,Critical
2024-05-01 19:00:00,493.74,74.03,989.43,101.77,97.72,Warning
2024-05-01 20:00:00,458.39,68.7,935.12,83.72,82.39,Warning
2024-05-01 21:00:00,486.24,77.68,1011.81,99.84,110.48,Critical
2024-05-01 22:00:00,428.97,58.32,933.53,66.39,77.06,Safe
2024-05-01 23:00:00,444.8,58.77,886.89,85.47,88.12,Warning
2024-05-02 00:00:00,461.11,60.79,919.16,76.73,71.94,Safe
2024-05-02 01:00:00,435.46,60.78,854.12,70.17,67.36,Safe
2024-05-02 02:00:00,389.47,44.8,796.32,64.84,69.03,Safe
2024-05-02 03:00:00,404.27,48.84,846.2,65.34,65.74,Safe
2024-05-02 04:00:00,398.06,45.25,804.1,38.2,56.18,Safe
2024-05-02 05:00:00,390.14,48.76,888.66,72.67,73.1,Safe
2024-05-02 06:00:00,435.26,65.11,938.7,97.08,92.95,Warning
2024-05-02 07:00:00,459.9,64.73,944.9,99.34,94.17,Warning
2024-05-02 08:00:00,456.93,67.78,938.26,94.09,94.92,Warning
2024-05-02 09:00:00,580.95,97.77,1066.78,128.01,129.51,Critical
2024-05-02 10:00:00,531.7,83.98,1008.49,115.3,126.7,Critical
2024-05-02 11:00:00,517.54,80.57,1008.45,99.51,94.18,Warning
2024-05-02 12:00:00,539.86,84.47,1008.32,110.15,113.74,Critical
2024-05-02 13:00:00,526.8,79.24,1010.97,102.34,105.24,Critical
2024-05-02 14:00:00,516.49,80.41,1017.7,106.37,108.82,Critical
2024-05-02 15:00:00,545.66,85.03,1025.26,120.58,122.55,Critical
2024-05-02 16:00:00,583.33,95.78,1038.74,130.18,140.71,Critical
2024-05-02 17:00:00,546.22,83.28,1054.13,115.68,126.7,Critical
2024-05-02 18:00:00,524.52,81.79,1004.27,110.39,113.26,Critical
2024-05-02 19:00:00,447.3,62.1,970.1,96.66,90.91,Warning
2024-05-02 20:00:00,482.48,71.93,974.01,114.79,102.75,Critical
2024-05-02 21:00:00,442.33,61.15,901.13,75.52,73.9,Safe
2024-05-02 22:00:00,446.71,64.42,931.95,86.97,91.69,Warning
2024-05-02 23:00:00,432.0,61.09,861.03,68.7,77.89,Safe
2024-05-03 00:00:00,433.9,55.76,901.38,79.69,79.5,Safe
2024-05-03 01:00:00,396.24,52.85,920.72,63.9,77.82,Safe
2024-05-03 02:00:00,434.57,59.76,852.84,68.43,70.0,Safe
2024-05-03 03:00:00,430.09,53.97,863.53,85.31,88.22,Warning
2024-05-03 04:00:00,395.26,50.05,847.93,50.0,59.93,Safe
2024-05-03 05:00:00,431.56,54.99,894.21,52.56,70.33,Safe
2024-05-03 06:00:00,507.93,79.05,1041.58,116.52,123.82,Critical
2024-05-03 07:00:00,488.36,75.77,987.27,99.3,97.21,Warning
2024-05-03 08:00:00,437.31,64.91,971.67,80.78,82.48,Warning
2024-05-03 09:00:00,600.0,97.1,1089.25,150.0,153.84,Critical
2024-05-03 10:00:00,577.48,98.35,1100.0,144.74,146.22,Critical
2024-05-03 11:00:00,562.14,87.92,1046.82,124.53,119.88,Critical
2024-05-03 12:00:00,523.64,84.41,1048.9,111.86,109.56,Critical
2024-05-03 13:00:00,524.92,76.62,973.81,110.11,108.3,Critical
2024-05-03 14:00:00,600.0,100.0,1100.0,129.14,141.79,Critical
2024-05-03 15:00:00,478.95,75.64,951.12,94.71,98.14,Warning
2024-05-03 16:00:00,525.17,85.09,1019.19,116.2,118.89,Critical
2024-05-03 17:00:00,550.82,85.0,1010.99,120.72,122.9,Critical
2024-05-03 18:00:00,522.5,78.83,996.09,108.33,106.33,Critical
2024-05-03 19:00:00,503.8,73.23,959.2,94.71,87.35,Warning
2024-05-03 20:00:00,517.33,81.34,1031.61,120.48,123.3,Critical
2024-05-03 21:00:00,538.15,77.58,968.57,95.42,95.67,Warning
2024-05-03 22:00:00,423.49,55.46,839.21,66.09,69.04,Safe
2024-05-03 23:00:00,416.64,58.42,862.24,67.24,63.26,Safe
2024-05-04 00:00:00,404.18,51.93,881.52,73.63,72.56,Safe
2024-05-04 01:00:00,398.87,53.93,848.32,60.93,55.66,Safe
2024-05-04 02:00:00,462.15,59.97,908.6,84.45,88.64,Warning
2024-05-04 03:00:00,370.44,44.92,818.11,54.39,55.94,Safe
2024-05-04 04:00:00,402.01,48.78,862.03,46.75,45.46,Safe
2024-05-04 05:00:00,429.29,58.97,889.77,74.5,84.2,Warning
2024-05-04 06:00:00,497.46,76.52,1043.42,93.4,106.33,Critical
2024-05-04 07:00:00,437.18,65.98,971.66,89.65,91.9,Warning
2024-05-04 08:00:00,465.37,64.25,914.32,79.47,91.11,Warning
2024-05-04 09:00:00,547.95,82.44,1002.25,125.46,111.41,Critical
2024-05-04 10:00:00,547.3,90.03,1100.0,126.76,125.54,Critical
2024-05-04 11:00:00,525.97,86.9,1010.77,111.47,105.53,Critical
2024-05-04 12:00:00,600.0,100.0,1098.79,150.0,156.39,Critical
2024-05-04 13:00:00,531.03,88.52,1043.09,114.58,116.15,Critical
2024-05-04 14:00:00,586.51,92.36,1061.75,139.75,134.54,Critical
2024-05-04 15:00:00,582.02,98.67,1055.1,140.76,140.88,Critical
2024-05-04 16:00:00,584.55,100.0,1100.0,138.22,130.82,Critical
2024-05-04 17:00:00,572.0,92.13,1039.3,118.62,139.56,Critical
2024-05-04 18:00:00,494.31,77.21,1017.64,115.94,109.05,Critical
2024-05-04 19:00:00,456.06,66.49,900.42,89.27,92.68,Warning
2024-05-04 20:00:00,489.6,71.16,957.11,90.49,88.88,Warning
2024-05-04 21:00:00,457.59,72.9,915.75,93.78,88.31,Warning
2024-05-04 22:00:00,432.31,52.33,814.25,73.26,76.94,Safe
2024-05-04 23:00:00,432.01,57.85,870.78,74.16,77.42,Safe
2024-05-05 00:00:00,394.22,53.08,850.04,65.33,48.44,Safe
2024-05-05 01:00:00,398.88,53.28,898.65,75.33,84.25,Warning
2024-05-05 02:00:00,422.48,52.15,859.86,78.91,78.7,Safe
2024-05-05 03:00:00,382.41,43.5,845.93,52.66,54.86,Safe
2024-05-05 04:00:00,395.45,44.01,811.69,42.86,42.28,Safe
2024-05-05 05:00:00,387.4,49.24,859.53,49.49,55.7,Safe
2024-05-05 06:00:00,464.07,64.98,908.94,79.93,78.88,Safe
2024-05-05 07:00:00,497.93,72.99,947.49,91.16,97.84,Warning
2024-05-05 08:00:00,508.13,74.6,932.94,86.9,109.91,Critical
2024-05-05 09:00:00,548.02,83.06,1022.69,132.51,124.76,Critical
2024-05-05 10:00:00,575.16,96.3,1087.27,140.34,145.27,Critical
2024-05-05 11:00:00,511.16,78.19,1008.05,104.09,99.47,Warning
2024-05-05 12:00:00,549.54,89.52,1052.33,124.92,123.25,Critical
2024-05-05 13:00:00,564.38,91.28,1100.0,117.02,119.08,Critical
2024-05-05 14:00:00,528.78,79.75,1002.62,120.66,116.24,Critical
2024-05-05 15:00:00,520.72,85.97,1051.67,103.06,103.2,Critical
2024-05-05 16:00:00,595.37,94.96,1067.67,140.3,145.02,Critical
2024-05-05 17:00:00,507.05,80.75,983.76,93.8,97.93,Warning
2024-05-05 18:00:00,512.14,79.11,1011.34,106.07,110.92,Critical
2024-05-05 19:00:00,540.46,80.76,1001.84,123.55,126.86,Critical
2024-05-05 20:00:00,530.03,81.36,1025.1,101.19,104.77,Critical
2024-05-05 21:00:00,476.11,67.84,946.96,90.43,82.67,Warning
2024-05-05 22:00:00,415.91,58.11,873.1,76.71,83.47,Warning
2024-05-05 23:00:00,436.98,62.9,938.14,85.9,87.69,Warning
2024-05-06 00:00:00,427.06,53.47,848.18,68.15,73.74,Safe
2024-05-06 01:00:00,386.47,48.68,857.16,63.15,68.9,Safe
2024-05-06 02:00:00,420.03,56.74,911.9,68.46,68.92,Safe
2024-05-06 03:00:00,400.98,46.87,825.89,72.97,55.58,Safe
2024-05-06 04:00:00,423.66,59.59,923.38,64.01,71.96,Safe
2024-05-06 05:00:00,388.45,46.17,839.6,65.53,52.58,Safe
2024-05-06 06:00:00,472.08,67.87,958.09,93.34,92.79,Warning
2024-05-06 07:00:00,499.72,74.94,956.29,105.98,102.75,Critical
2024-05-06 08:00:00,444.5,62.94,919.41,88.36,87.43,Warning
2024-05-06 09:00:00,549.84,89.49,1016.47,127.48,126.29,Critical
2024-05-06 10:00:00,539.1,88.55,1080.4,118.3,119.26,Critical
2024-05-06 11:00:00,591.88,96.28,1037.09,132.8,128.01,Critical
2024-05-06 12:00:00,573.33,95.67,1070.55,122.74,114.49,Critical
2024-05-06 13:00:00,536.52,80.74,983.2,109.62,112.17,Critical
2024-05-06 14:00:00,494.58,74.43,986.99,104.41,101.33,Critical
2024-05-06 15:00:00,501.38,79.05,1037.58,114.47,110.46,Critical
2024-05-06 16:00:00,529.87,83.3,1030.91,119.38,115.49,Critical
2024-05-06 17:00:00,555.21,90.24,1100.0,115.29,130.1,Critical
2024-05-06 18:00:00,494.49,70.09,920.14,89.63,89.38,Warning
2024-05-06 19:00:00,455.63,65.2,897.37,78.64,85.21,Warning
2024-05-06 20:00:00,481.17,71.26,936.65,84.03,91.22,Warning
2024-05-06 21:00:00,511.56,72.95,967.42,94.75,99.23,Warning
2024-05-06 22:00:00,483.44,69.08,922.81,92.11,95.22,Warning
2024-05-06 23:00:00,442.6,54.83,857.61,82.48,75.03,Safe
2024-05-07 00:00:00,433.35,53.93,883.3,63.22,71.96,Safe
2024-05-07 01:00:00,417.58,57.5,860.24,61.57,85.12,Warning
2024-05-07 02:00:00,411.7,49.46,822.37,55.99,58.44,Safe
2024-05-07 03:00:00,399.75,44.6,814.23,57.43,53.15,Safe
2024-05-07 04:00:00,449.86,57.1,878.8,85.04,78.56,Safe
2024-05-07 05:00:00,442.87,57.26,908.52,75.63,82.43,Warning
2024-05-07 06:00:00,497.11,70.89,934.64,84.42,78.07,Safe
2024-05-07 07:00:00,487.64,72.97,949.0,87.62,97.72,Warning
2024-05-07 08:00:00,474.64,71.59,970.75,97.56,95.35,Warning
2024-05-07 09:00:00,579.87,96.2,1098.63,145.23,152.65,Critical
2024-05-07 10:00:00,499.29,80.65,1034.68,125.07,115.66,Critical
2024-05-07 11:00:00,522.72,75.98,990.22,97.26,108.29,Critical
2024-05-07 12:00:00,563.39,91.84,1062.07,130.51,119.57,Critical
2024-05-07 13:00:00,512.56,73.62,980.75,94.69,96.11,Warning
2024-05-07 14:00:00,582.76,100.0,1094.12,133.39,130.63,Critical
2024-05-07 15:00:00,577.96,90.7,1047.46,121.43,128.74,Critical
2024-05-07 16:00:00,576.11,95.76,1039.77,130.24,130.48,Critical
2024-05-07 17:00:00,535.58,88.39,1061.61,116.04,103.38,Critical
2024-05-07 18:00:00,536.46,78.42,996.75,130.67,128.78,Critical
2024-05-07 19:00:00,488.34,68.21,958.14,90.39,91.48,Warning
2024-05-07 20:00:00,530.89,81.98,947.95,118.17,117.07,Critical
2024-05-07 21:00:00,480.72,70.06,949.26,88.92,88.17,Warning
2024-05-07 22:00:00,420.27,53.53,848.82,84.73,72.19,Safe
2024-05-07 23:00:00,435.04,58.08,923.43,79.69,75.11,Safe
2024-05-08 00:00:00,416.91,57.0,898.51,79.09,80.35,Warning
2024-05-08 01:00:00,426.59,58.09,895.6,69.57,75.42,Safe
2024-05-08 02:00:00,464.85,59.35,887.25,87.28,86.96,Warning
2024-05-08 03:00:00,474.01,59.15,904.49,84.11,81.18,Warning
2024-05-08 04:00:00,453.52,57.91,869.13,72.76,70.62,Safe
2024-05-08 05:00:00,402.54,48.96,842.61,51.84,67.49,Safe
2024-05-08 06:00:00,445.79,62.63,900.43,78.86,86.08,Warning
2024-05-08 07:00:00,435.23,61.6,957.86,79.47,89.14,Warning
2024-05-08 08:00:00,504.15,78.6,1025.34,115.78,112.05,Critical
2024-05-08 09:00:00,592.25,100.0,1100.0,140.21,152.91,Critical
2024-05-08 10:00:00,569.48,84.84,991.41,104.56,114.67,Critical
2024-05-08 11:00:00,551.09,81.45,1026.26,122.11,116.64,Critical
2024-05-08 12:00:00,600.0,97.9,1093.63,150.0,152.87,Critical
2024-05-08 13:00:00,542.55,89.0,1071.92,111.74,125.54,Critical
2024-05-08 14:00:00,570.9,89.6,1055.09,142.41,136.79,Critical
2024-05-08 15:00:00,584.66,97.0,1084.85,148.87,155.88,Critical
2024-05-08 16:00:00,505.34,83.87,1024.49,108.35,111.25,Critical
2024-05-08 17:00:00,593.86,97.46,1047.58,128.02,138.97,Critical
2024-05-08 18:00:00,459.85,67.91,922.67,96.69,90.84,Warning
2024-05-08 19:00:00,493.37,76.17,989.06,92.34,91.87,Warning
2024-05-08 20:00:00,495.85,74.84,999.27,97.73,96.14,Warning
2024-05-08 21:00:00,494.94,75.48,965.29,90.95,91.9,Warning
2024-05-08 22:00:00,409.52,52.5,861.6,65.51,70.95,Safe
2024-05-08 23:00:00,416.33,54.37,836.63,78.09,69.76,Safe
2024-05-09 00:00:00,402.94,57.3,918.6,75.17,73.42,Safe
2024-05-09 01:00:00,426.52,51.31,881.05,75.8,74.04,Safe
2024-05-09 02:00:00,390.23,51.0,869.35,59.52,91.65,Warning
2024-05-09 03:00:00,400.79,53.53,876.6,66.97,61.84,Safe
2024-05-09 04:00:00,419.12,55.93,913.81,62.85,68.84,Safe
2024-05-09 05:00:00,408.08,52.4,844.29,63.39,63.59,Safe
2024-05-09 06:00:00,516.23,73.95,949.66,95.82,101.06,Critical
2024-05-09 07:00:00,447.01,60.81,927.4,79.69,81.89,Warning
2024-05-09 08:00:00,475.85,66.98,956.77,89.61,91.66,Warning
2024-05-09 09:00:00,566.6,90.69,1027.19,124.19,137.81,Critical
2024-05-09 10:00:00,596.68,98.36,1080.11,150.0,147.75,Critical
2024-05-09 11:00:00,496.78,73.11,1002.71,116.06,115.13,Critical
2024-05-09 12:00:00,570.02,99.27,1100.0,150.0,149.83,Critical
2024-05-09 13:00:00,596.5,100.0,1100.0,150.0,148.03,Critical
2024-05-09 14:00:00,600.0,100.0,1074.5,150.0,145.81,Critical
2024-05-09 15:00:00,600.0,98.26,1100.0,141.34,150.45,Critical
2024-05-09 16:00:00,498.38,78.81,962.82,103.56,105.4,Critical
2024-05-09 17:00:00,566.4,90.12,1007.04,126.88,135.5,Critical
2024-05-09 18:00:00,455.33,65.83,945.14,85.62,86.63,Warning
2024-05-09 19:00:00,506.83,69.54,979.26,90.36,92.06,Warning
2024-05-09 20:00:00,481.97,75.23,970.57,102.39,100.49,Critical
2024-05-09 21:00:00,471.47,65.68,916.38,74.86,78.74,Safe
2024-05-09 22:00:00,427.18,61.72,946.24,81.6,87.55,Warning
2024-05-09 23:00:00,461.18,66.41,927.76,79.5,88.25,Warning
2024-05-10 00:00:00,396.64,49.28,844.95,59.53,67.67,Safe
2024-05-10 01:00:00,437.9,55.73,915.92,76.4,74.59,Safe
2024-05-10 02:00:00,395.44,52.63,855.37,60.69,56.21,Safe
2024-05-10 03:00:00,399.05,47.44,822.81,44.45,42.39,Safe
2024-05-10 04:00:00,384.62,46.09,848.39,46.73,44.9,Safe
2024-05-10 05:00:00,392.98,47.29,820.79,60.27,58.75,Safe
2024-05-10 06:00:00,490.66,69.31,943.37,89.94,90.13,Warning
2024-05-10 07:00:00,435.04,63.25,887.23,83.69,82.04,Warning
2024-05-10 08:00:00,461.07,62.43,916.23,83.45,98.46,Warning
2024-05-10 09:00:00,509.04,79.25,997.75,106.73,99.33,Warning
2024-05-10 10:00:00,526.38,77.76,1010.1,112.65,110.26,Critical
2024-05-10 11:00:00,552.64,86.99,1053.81,118.09,115.73,Critical
2024-05-10 12:00:00,580.39,95.83,1091.28,139.78,129.17,Critical
2024-05-10 13:00:00,523.3,82.89,1023.12,111.28,103.26,Critical
2024-05-10 14:00:00,574.93,90.85,1052.64,149.66,141.91,Critical
2024-05-10 15:00:00,582.37,91.18,1069.31,122.47,116.62,Critical
2024-05-10 16:00:00,592.54,100.0,1075.53,137.78,136.35,Critical
2024-05-10 17:00:00,578.26,98.53,1040.97,133.06,131.24,Critical
2024-05-10 18:00:00,489.04,69.83,974.71,85.71,94.18,Warning
2024-05-10 19:00:00,455.48,68.94,959.53,96.63,109.62,Critical
2024-05-10 20:00:00,460.4,69.67,945.56,87.77,81.31,Warning
2024-05-10 21:00:00,475.68,72.64,986.84,79.0,90.56,Warning
2024-05-10 22:00:00,439.38,61.3,890.41,83.82,87.55,Warning
2024-05-10 23:00:00,420.65,59.84,883.68,69.27,63.33,Safe
2024-05-11 00:00:00,423.18,62.58,894.33,76.8,73.87,Safe
2024-05-11 01:00:00,378.1,48.5,854.99,63.31,57.27,Safe
2024-05-11 02:00:00,455.91,61.73,873.82,76.69,74.42,Safe
2024-05-11 03:00:00,373.52,47.83,822.28,51.83,61.08,Safe
2024-05-11 04:00:00,446.08,62.71,919.92,101.75,103.62,Critical
2024-05-11 05:00:00,425.65,49.6,821.51,45.3,64.73,Safe
2024-05-11 06:00:00,482.79,70.87,939.82,84.28,81.08,Warning
2024-05-11 07:00:00,463.28,64.62,874.45,74.25,85.99,Warning
2024-05-11 08:00:00,486.08,74.83,987.48,115.5,110.28,Critical
2024-05-11 09:00:00,600.0,100.0,1084.87,136.94,136.04,Critical
2024-05-11 10:00:00,539.02,86.65,1009.07,120.8,123.65,Critical
2024-05-11 11:00:00,562.69,91.47,1028.86,123.21,128.99,Critical
2024-05-11 12:00:00,600.0,99.98,1090.7,147.25,148.95,Critical
2024-05-11 13:00:00,570.02,93.14,1030.94,129.33,122.69,Critical
2024-05-11 14:00:00,570.87,92.55,1100.0,135.2,134.81,Critical
2024-05-11 15:00:00,524.78,82.18,958.44,120.63,121.62,Critical
2024-05-11 16:00:00,552.07,88.98,1034.99,127.5,126.61,Critical
2024-05-11 17:00:00,600.0,98.74,1096.05,135.81,135.28,Critical
2024-05-11 18:00:00,472.7,66.24,914.14,90.37,87.68,Warning
2024-05-11 19:00:00,502.35,77.84,993.87,125.43,129.41,Critical
2024-05-11 20:00:00,447.75,64.62,905.51,87.51,80.14,Warning
2024-05-11 21:00:00,477.03,71.39,990.61,98.58,94.14,Warning
2024-05-11 22:00:00,426.26,61.47,882.73,65.4,56.59,Safe
2024-05-11 23:00:00,443.17,66.36,880.07,88.19,83.49,Warning
2024-05-12 00:00:00,423.12,54.74,845.13,74.99,71.64,Safe
2024-05-12 01:00:00,413.58,50.11,859.05,66.27,64.57,Safe
2024-05-12 02:00:00,438.79,56.65,880.66,74.56,77.06,Safe
2024-05-12 03:00:00,327.05,40.1,817.05,65.01,60.8,Safe
2024-05-12 04:00:00,422.41,56.46,893.34,79.12,78.18,Safe
2024-05-12 05:00:00,416.73,58.04,876.2,81.83,91.36,Warning
2024-05-12 06:00:00,501.05,74.76,963.04,101.99,91.41,Warning
2024-05-12 07:00:00,453.79,64.91,916.07,83.54,90.92,Warning
2024-05-12 08:00:00,480.69,68.1,981.96,99.54,94.05,Warning
2024-05-12 09:00:00,543.37,85.91,1044.75,119.85,123.87,Critical
2024-05-12 10:00:00,518.7,86.31,1073.17,119.59,116.92,Critical
2024-05-12 11:00:00,520.98,83.63,1036.65,119.51,115.17,Critical
2024-05-12 12:00:00,524.56,81.12,1004.2,108.05,113.36,Critical
2024-05-12 13:00:00,574.02,93.19,1043.52,132.47,127.11,Critical
2024-05-12 14:00:00,549.96,92.41,1066.48,129.17,124.42,Critical
2024-05-12 15:00:00,578.49,100.0,1098.66,148.07,142.67,Critical
2024-05-12 16:00:00,600.0,100.0,1097.94,137.99,147.36,Critical
2024-05-12 17:00:00,515.19,83.71,1013.95,97.81,129.34,Critical
2024-05-12 18:00:00,495.8,79.79,953.8,102.06,99.31,Warning
2024-05-12 19:00:00,481.41,71.91,987.29,101.31,102.46,Critical
2024-05-12 20:00:00,436.32,60.79,902.84,85.91,86.14,Warning
2024-05-12 21:00:00,482.18,73.62,936.99,91.12,97.43,Warning
2024-05-12 22:00:00,435.47,61.33,917.25,83.76,83.76,Warning
2024-05-12 23:00:00,439.31,59.78,880.07,85.42,76.56,Safe
2024-05-13 00:00:00,410.48,55.14,888.07,75.42,72.3,Safe
2024-05-13 01:00:00,382.51,45.38,846.3,48.93,38.73,Safe
2024-05-13 02:00:00,417.75,55.77,901.28,66.15,76.27,Safe
2024-05-13 03:00:00,437.99,58.91,891.01,79.57,75.79,Safe
2024-05-13 04:00:00,448.01,58.93,885.55,89.99,89.46,Warning
2024-05-13 05:00:00,455.91,61.04,891.44,80.19,107.59,Critical
2024-05-13 06:00:00,478.95,65.23,910.25,86.21,84.37,Warning
2024-05-13 07:00:00,462.77,62.76,913.42,72.73,66.64,Safe
2024-05-13 08:00:00,478.7,68.84,939.59,89.42,81.17,Warning
2024-05-13 09:00:00,516.29,80.59,984.79,103.82,108.0,Critical
2024-05-13 10:00:00,571.05,94.12,1045.44,131.47,125.78,Critical
2024-05-13 11:00:00,512.23,81.13,1003.26,98.52,103.37,Critical
2024-05-13 12:00:00,540.78,85.18,1016.35,115.65,113.13,Critical
2024-05-13 13:00:00,519.04,77.32,961.49,97.62,86.19,Warning
2024-05-13 14:00:00,539.0,87.29,1054.72,129.68,125.68,Critical
2024-05-13 15:00:00,519.8,80.08,1039.39,105.93,119.75,Critical
2024-05-13 16:00:00,589.8,99.82,1100.0,137.04,128.63,Critical
2024-05-13 17:00:00,528.53,81.4,991.16,114.34,130.41,Critical
2024-05-13 18:00:00,448.47,64.04,919.09,79.77,84.53,Warning
2024-05-13 19:00:00,486.13,74.12,1004.49,120.48,107.47,Critical
2024-05-13 20:00:00,486.64,74.04,944.38,105.44,100.36,Critical
2024-05-13 21:00:00,523.25,79.05,1012.47,110.87,105.41,Critical
2024-05-13 22:00:00,437.13,59.62,866.24,78.05,75.99,Safe
2024-05-13 23:00:00,456.56,65.64,965.25,69.65,66.31,Safe
2024-05-14 00:00:00,372.9,42.31,802.08,58.69,55.07,Safe
2024-05-14 01:00:00,414.56,55.09,924.49,76.14,77.86,Safe
2024-05-14 02:00:00,387.81,43.01,853.07,53.69,52.88,Safe
2024-05-14 03:00:00,422.17,58.95,892.41,78.84,75.17,Safe
2024-05-14 04:00:00,384.02,46.66,817.47,60.29,54.72,Safe
2024-05-14 05:00:00,353.17,43.21,820.34,45.0,49.02,Safe
2024-05-14 06:00:00,482.06,71.73,954.69,99.14,105.96,Critical
2024-05-14 07:00:00,446.85,67.59,929.12,95.21,90.49,Warning
2024-05-14 08:00:00,456.33,61.47,870.87,82.9,86.03,Warning
2024-05-14 09:00:00,600.0,100.0,1088.68,140.3,140.12,Critical
2024-05-14 10:00:00,530.06,79.77,974.42,112.25,106.26,Critical
2024-05-14 11:00:00,600.0,100.0,1100.0,150.0,148.0,Critical
2024-05-14 12:00:00,494.68,76.75,1005.55,111.2,124.69,Critical
2024-05-14 13:00:00,570.52,95.43,1093.45,125.88,127.63,Critical
2024-05-14 14:00:00,535.3,78.47,999.88,115.62,113.55,Critical
2024-05-14 15:00:00,600.0,100.0,1081.24,145.51,149.28,Critical
2024-05-14 16:00:00,593.76,98.01,1094.57,149.55,147.34,Critical
2024-05-14 17:00:00,525.18,83.1,1032.94,115.9,121.95,Critical
2024-05-14 18:00:00,485.52,66.59,920.05,87.11,83.42,Warning
2024-05-14 19:00:00,474.52,71.06,957.92,83.87,88.63,Warning
2024-05-14 20:00:00,539.96,84.19,1017.75,111.86,110.92,Critical
2024-05-14 21:00:00,503.33,71.1,992.07,110.02,98.23,Warning
2024-05-14 22:00:00,422.37,58.52,911.33,76.69,78.53,Safe
2024-05-14 23:00:00,432.37,55.19,889.35,71.36,77.05,Safe
2024-05-15 00:00:00,432.81,56.38,844.13,80.87,72.06,Safe
2024-05-15 01:00:00,382.05,45.65,832.05,63.29,62.79,Safe
2024-05-15 02:00:00,387.77,50.42,848.69,54.42,61.77,Safe
2024-05-15 03:00:00,421.98,58.03,886.55,82.76,77.23,Safe
2024-05-15 04:00:00,454.01,62.49,878.05,67.01,69.35,Safe
2024-05-15 05:00:00,394.31,53.56,843.87,67.15,69.82,Safe
2024-05-15 06:00:00,479.55,69.43,945.65,96.03,96.53,Warning
2024-05-15 07:00:00,486.01,69.61,972.57,105.04,105.17,Critical
2024-05-15 08:00:00,479.07,66.32,918.61,92.03,102.49,Critical
2024-05-15 09:00:00,580.42,100.0,1091.2,138.17,125.44,Critical
2024-05-15 10:00:00,591.71,93.32,1100.0,135.0,137.75,Critical
2024-05-15 11:00:00,597.5,93.44,1060.67,150.0,141.17,Critical
2024-05-15 12:00:00,523.7,79.49,994.62,110.75,106.18,Critical
2024-05-15 13:00:00,528.03,85.64,1025.66,122.47,117.03,Critical
2024-05-15 14:00:00,564.21,92.2,1031.4,111.79,117.77,Critical
2024-05-15 15:00:00,516.17,79.21,1008.63,103.17,115.99,Critical
2024-05-15 16:00:00,600.0,100.0,1085.64,146.29,131.71,Critical
2024-05-15 17:00:00,545.55,86.31,1030.89,107.77,99.54,Warning
2024-05-15 18:00:00,481.66,69.43,956.93,98.63,103.42,Critical
2024-05-15 19:00:00,448.93,62.55,955.49,78.57,76.57,Safe
2024-05-15 20:00:00,503.95,75.06,946.31,92.78,98.85,Warning
2024-05-15 21:00:00,456.31,65.69,947.48,81.61,91.08,Warning
2024-05-15 22:00:00,414.87,54.9,893.61,82.29,83.4,Warning
2024-05-15 23:00:00,419.26,56.83,870.11,73.49,77.84,Safe
2024-05-16 00:00:00,412.96,46.53,845.84,52.57,50.09,Safe
2024-05-16 01:00:00,439.77,54.82,910.26,80.19,78.98,Safe
2024-05-16 02:00:00,415.25,51.87,842.52,71.11,73.35,Safe
2024-05-16 03:00:00,455.59,59.26,901.61,76.09,74.75,Safe
2024-05-16 04:00:00,388.18,44.25,830.16,61.68,63.86,Safe
2024-05-16 05:00:00,425.62,55.77,890.6,79.97,80.1,Warning
2024-05-16 06:00:00,440.68,65.44,944.12,91.96,87.25,Warning
2024-05-16 07:00:00,485.25,72.23,964.81,92.12,99.35,Warning
2024-05-16 08:00:00,453.27,64.49,933.75,75.8,81.75,Warning
2024-05-16 09:00:00,570.46,96.58,1062.85,120.78,127.41,Critical
2024-05-16 10:00:00,519.71,85.13,1029.26,111.24,104.68,Critical
2024-05-16 11:00:00,532.38,81.37,996.37,109.89,128.45,Critical
2024-05-16 12:00:00,528.46,80.98,977.84,108.63,104.2,Critical
2024-05-16 13:00:00,552.18,92.13,1049.45,127.16,134.74,Critical
2024-05-16 14:00:00,514.6,81.26,1012.23,125.42,116.77,Critical
2024-05-16 15:00:00,542.38,81.53,1017.24,112.7,113.15,Critical
2024-05-16 16:00:00,493.03,76.33,953.74,100.88,95.95,Warning
2024-05-16 17:00:00,533.63,82.81,993.42,99.49,107.37,Critical
2024-05-16 18:00:00,476.14,69.7,964.44,112.07,117.24,Critical
2024-05-16 19:00:00,461.33,63.56,928.98,74.6,74.26,Safe
2024-05-16 20:00:00,442.81,63.7,938.02,77.91,83.98,Warning
2024-05-16 21:00:00,518.06,79.2,1026.09,116.62,114.95,Critical
2024-05-16 22:00:00,447.84,61.37,918.68,83.0,80.54,Warning
2024-05-16 23:00:00,407.58,51.09,846.32,76.26,73.03,Safe
2024-05-17 00:00:00,402.51,50.35,854.28,68.12,66.49,Safe
2024-05-17 01:00:00,420.74,53.98,906.42,70.11,66.18,Safe
2024-05-17 02:00:00,458.28,56.9,945.32,88.43,89.9,Warning
2024-05-17 03:00:00,426.5,47.66,848.49,71.89,78.77,Safe
2024-05-17 04:00:00,407.29,54.06,882.08,62.47,58.05,Safe
2024-05-17 05:00:00,368.22,50.17,866.82,66.54,67.65,Safe
2024-05-17 06:00:00,486.06,69.43,947.67,92.42,85.68,Warning
2024-05-17 07:00:00,484.01,70.35,977.35,95.69,94.45,Warning
2024-05-17 08:00:00,505.41,72.64,985.38,102.66,107.33,Critical
2024-05-17 09:00:00,508.03,76.01,987.85,101.8,123.74,Critical
2024-05-17 10:00:00,582.38,95.39,1069.95,131.69,129.76,Critical
2024-05-17 11:00:00,578.0,90.55,1019.29,135.36,140.98,Critical
2024-05-17 12:00:00,580.6,90.71,1069.66,118.72,119.7,Critical
2024-05-17 13:00:00,494.67,78.52,997.28,97.45,105.1,Critical
2024-05-17 14:00:00,521.29,83.18,999.67,118.64,116.58,Critical
2024-05-17 15:00:00,577.76,94.81,1049.19,132.29,133.87,Critical
2024-05-17 16:00:00,553.34,87.99,1054.5,132.39,126.01,Critical
2024-05-17 17:00:00,595.04,99.55,1062.52,142.64,139.79,Critical
2024-05-17 18:00:00,456.72,62.66,919.89,72.59,80.01,Warning
2024-05-17 19:00:00,502.63,72.17,979.41,100.93,98.61,Warning
2024-05-17 20:00:00,538.92,78.7,1005.6,116.18,110.91,Critical
2024-05-17 21:00:00,516.14,77.01,976.45,107.85,103.95,Critical
2024-05-17 22:00:00,427.79,59.93,872.16,70.86,69.46,Safe
2024-05-17 23:00:00,450.42,63.12,928.51,81.22,84.11,Warning
2024-05-18 00:00:00,412.79,53.46,893.71,64.12,75.76,Safe
2024-05-18 01:00:00,437.28,57.52,875.0,63.26,59.0,Safe
2024-05-18 02:00:00,443.71,59.57,909.0,66.72,83.0,Warning
2024-05-18 03:00:00,456.63,56.98,919.69,81.53,78.5,Safe
2024-05-18 04:00:00,396.06,50.63,860.6,55.23,48.2,Safe
2024-05-18 05:00:00,380.03,43.66,809.57,55.89,62.91,Safe
2024-05-18 06:00:00,524.77,72.95,987.65,99.48,99.63,Warning
2024-05-18 07:00:00,482.85,72.76,947.57,86.14,89.81,Warning
2024-05-18 08:00:00,480.75,69.68,919.84,88.84,92.93,Warning
2024-05-18 09:00:00,566.45,94.92,1092.47,150.0,143.23,Critical
2024-05-18 10:00:00,574.07,93.23,1057.21,130.8,121.29,Critical
2024-05-18 11:00:00,504.8,78.93,987.69,112.09,137.48,Critical
2024-05-18 12:00:00,553.74,84.77,1010.06,120.46,118.52,Critical
2024-05-18 13:00:00,584.62,95.64,1067.8,124.27,134.82,Critical
2024-05-18 14:00:00,570.5,95.9,1100.0,147.57,138.21,Critical
2024-05-18 15:00:00,546.13,83.59,1054.52,117.88,124.45,Critical
2024-05-18 16:00:00,529.08,81.64,1047.69,105.26,117.28,Critical
2024-05-18 17:00:00,600.0,100.0,1100.0,138.9,136.66,Critical
2024-05-18 18:00:00,457.57,68.41,952.31,88.55,90.88,Warning
2024-05-18 19:00:00,507.64,75.62,946.59,107.99,107.18,Critical
2024-05-18 20:00:00,548.79,84.49,1018.32,113.32,112.39,Critical
2024-05-18 21:00:00,475.75,70.42,999.55,117.88,119.95,Critical
2024-05-18 22:00:00,414.97,58.15,881.17,64.6,68.25,Safe
2024-05-18 23:00:00,434.14,58.68,926.71,82.47,73.16,Safe
2024-05-19 00:00:00,436.07,54.72,874.81,55.54,55.06,Safe
2024-05-19 01:00:00,445.92,57.54,828.78,71.16,69.46,Safe
2024-05-19 02:00:00,378.2,46.05,844.34,58.12,54.78,Safe
2024-05-19 03:00:00,436.88,63.71,946.41,74.41,78.37,Safe
2024-05-19 04:00:00,435.32,60.34,900.62,89.56,75.96,Safe
2024-05-19 05:00:00,405.44,53.0,892.13,70.71,72.76,Safe
2024-05-19 06:00:00,464.89,64.66,886.61,81.4,76.11,Safe
2024-05-19 07:00:00,476.93,69.6,917.52,94.83,89.72,Warning
2024-05-19 08:00:00,496.89,76.86,988.81,99.54,108.62,Critical
2024-05-19 09:00:00,573.34,89.47,1057.85,138.33,143.64,Critical
2024-05-19 10:00:00,506.85,76.22,1010.94,114.39,104.84,Critical
2024-05-19 11:00:00,577.42,92.83,1078.21,135.88,129.67,Critical
2024-05-19 12:00:00,527.93,88.02,1013.84,123.89,127.45,Critical
2024-05-19 13:00:00,492.34,81.57,1012.54,97.35,101.75,Critical
2024-05-19 14:00:00,509.35,82.37,1025.07,124.38,113.71,Critical
2024-05-19 15:00:00,593.27,100.0,1058.77,138.92,137.86,Critical
2024-05-19 16:00:00,532.75,81.17,1004.89,121.42,111.2,Critical
2024-05-19 17:00:00,481.21,78.5,985.12,109.58,103.93,Critical
2024-05-19 18:00:00,517.78,73.87,954.95,110.3,96.43,Warning
2024-05-19 19:00:00,511.75,77.34,997.67,98.63,89.19,Warning
2024-05-19 20:00:00,476.6,64.39,896.66,78.36,82.37,Warning
2024-05-19 21:00:00,467.96,70.09,959.62,111.3,103.77,Critical
2024-05-19 22:00:00,421.09,53.51,879.86,56.65,73.98,Safe
2024-05-19 23:00:00,429.67,57.12,909.44,65.9,69.51,Safe
2024-05-20 00:00:00,419.33,51.97,835.13,64.95,67.29,Safe
2024-05-20 01:00:00,411.97,53.81,835.93,65.69,75.37,Safe
2024-05-20 02:00:00,395.07,47.11,841.69,53.63,45.36,Safe
2024-05-20 03:00:00,453.91,59.62,891.8,83.58,88.84,Warning
2024-05-20 04:00:00,438.16,61.82,972.96,90.72,83.76,Warning
2024-05-20 05:00:00,432.35,57.24,896.29,74.17,74.14,Safe
2024-05-20 06:00:00,435.85,65.57,929.13,81.64,73.87,Safe
2024-05-20 07:00:00,520.68,77.71,984.75,107.44,105.35,Critical
2024-05-20 08:00:00,511.85,71.12,928.8,93.62,83.45,Warning
2024-05-20 09:00:00,554.06,92.87,1076.76,116.45,120.61,Critical
2024-05-20 10:00:00,508.68,77.49,985.71,108.46,111.13,Critical
2024-05-20 11:00:00,550.29,84.49,1020.73,125.22,124.28,Critical
2024-05-20 12:00:00,547.72,86.82,1036.18,120.46,120.35,Critical
2024-05-20 13:00:00,579.39,94.27,1076.22,116.11,118.29,Critical
2024-05-20 14:00:00,551.25,89.18,1007.64,117.84,111.47,Critical
2024-05-20 15:00:00,556.09,90.52,1071.01,135.18,127.86,Critical
2024-05-20 16:00:00,515.59,79.2,977.38,96.33,97.79,Warning
2024-05-20 17:00:00,594.78,98.55,1089.71,146.09,132.26,Critical
2024-05-20 18:00:00,488.82,76.34,1009.99,100.58,104.82,Critical
2024-05-20 19:00:00,517.76,79.67,1037.5,111.95,112.96,Critical
2024-05-20 20:00:00,491.08,67.28,898.99,84.57,91.22,Warning
2024-05-20 21:00:00,490.69,74.14,971.37,91.1,80.75,Warning
2024-05-20 22:00:00,417.6,58.73,899.65,85.49,81.16,Warning
2024-05-20 23:00:00,433.92,59.01,861.88,80.47,69.13,Safe
2024-05-21 00:00:00,438.2,62.05,927.91,86.16,85.69,Warning
2024-05-21 01:00:00,392.14,52.72,866.16,71.11,71.86,Safe
2024-05-21 02:00:00,455.63,63.42,921.37,87.89,71.3,Safe
2024-05-21 03:00:00,429.94,59.97,879.66,82.9,81.92,Warning
2024-05-21 04:00:00,439.77,62.13,919.73,75.46,79.68,Safe
2024-05-21 05:00:00,417.71,53.89,887.89,80.23,84.21,Warning
2024-05-21 06:00:00,437.86,64.83,926.95,93.57,85.43,Warning
2024-05-21 07:00:00,447.7,68.02,928.79,90.31,84.17,Warning
2024-05-21 08:00:00,471.79,65.6,918.41,85.18,76.61,Safe
2024-05-21 09:00:00,547.65,93.67,1073.2,119.94,124.11,Critical
2024-05-21 10:00:00,586.33,100.0,1100.0,143.19,140.12,Critical
2024-05-21 11:00:00,569.92,98.78,1100.0,150.0,146.93,Critical
2024-05-21 12:00:00,541.63,87.11,1024.98,111.25,113.92,Critical
2024-05-21 13:00:00,560.03,88.51,1015.75,131.53,134.06,Critical
2024-05-21 14:00:00,511.53,77.49,995.36,103.2,102.64,Critical
2024-05-21 15:00:00,600.0,96.38,1071.39,135.12,138.72,Critical
2024-05-21 16:00:00,569.02,88.45,1059.49,117.63,127.68,Critical
2024-05-21 17:00:00,535.8,87.21,1036.22,114.58,117.62,Critical
2024-05-21 18:00:00,443.36,65.03,939.56,90.03,84.11,Warning
2024-05-21 19:00:00,571.01,83.28,994.09,125.12,128.87,Critical
2024-05-21 20:00:00,513.96,74.77,977.0,105.74,108.39,Critical
2024-05-21 21:00:00,476.29,67.01,919.67,85.29,78.61,Safe
2024-05-21 22:00:00,420.05,54.75,846.9,58.93,69.21,Safe
2024-05-21 23:00:00,441.23,59.35,877.81,76.56,85.69,Warning
2024-05-22 00:00:00,398.89,54.91,862.57,63.37,76.1,Safe
2024-05-22 01:00:00,395.04,48.21,868.43,62.18,62.13,Safe
2024-05-22 02:00:00,426.36,56.34,869.14,68.63,73.48,Safe
2024-05-22 03:00:00,369.3,45.49,799.48,48.59,40.26,Safe
2024-05-22 04:00:00,418.7,56.56,885.69,72.73,74.55,Safe
2024-05-22 05:00:00,425.41,51.05,855.89,68.61,70.1,Safe
2024-05-22 06:00:00,448.89,62.66,902.47,91.07,91.85,Warning
2024-05-22 07:00:00,522.6,73.4,963.45,100.21,97.71,Warning
2024-05-22 08:00:00,426.39,62.69,934.93,84.91,84.37,Warning
2024-05-22 09:00:00,547.41,88.68,1058.16,138.99,139.61,Critical
2024-05-22 10:00:00,503.26,81.23,1019.0,115.15,113.52,Critical
2024-05-22 11:00:00,583.07,100.0,1073.96,148.72,160.0,Critical
2024-05-22 12:00:00,588.41,100.0,1100.0,136.64,143.12,Critical
2024-05-22 13:00:00,508.37,75.99,1003.08,100.02,99.31,Warning
2024-05-22 14:00:00,559.18,88.86,1055.67,124.7,144.61,Critical
2024-05-22 15:00:00,574.61,96.03,1054.54,133.43,134.05,Critical
2024-05-22 16:00:00,497.85,82.26,1032.15,120.16,120.0,Critical
2024-05-22 17:00:00,600.0,95.63,1067.13,131.48,140.4,Critical
2024-05-22 18:00:00,480.24,71.06,951.03,94.38,89.84,Warning
2024-05-22 19:00:00,470.41,71.51,920.57,101.07,100.78,Critical
2024-05-22 20:00:00,484.13,70.07,923.04,94.76,96.34,Warning
2024-05-22 21:00:00,496.34,73.37,976.5,100.43,91.17,Warning
2024-05-22 22:00:00,411.88,54.1,892.64,70.88,78.36,Safe
2024-05-22 23:00:00,460.68,64.65,938.32,77.51,68.57,Safe
2024-05-23 00:00:00,372.19,47.09,849.77,46.53,60.01,Safe
2024-05-23 01:00:00,420.12,52.37,860.43,53.85,82.74,Warning
2024-05-23 02:00:00,403.24,54.3,862.55,67.95,72.54,Safe
2024-05-23 03:00:00,374.48,45.74,835.06,61.27,56.6,Safe
2024-05-23 04:00:00,448.64,59.89,917.52,85.92,103.36,Critical
2024-05-23 05:00:00,406.9,47.51,837.66,68.62,67.5,Safe
2024-05-23 06:00:00,466.56,61.09,932.08,95.47,99.77,Warning
2024-05-23 07:00:00,466.02,62.81,909.32,85.03,84.61,Warning
2024-05-23 08:00:00,480.22,71.19,934.38,93.68,91.51,Warning
2024-05-23 09:00:00,489.91,77.87,989.12,116.13,126.36,Critical
2024-05-23 10:00:00,536.79,79.28,998.73,106.12,108.15,Critical
2024-05-23 11:00:00,577.95,89.69,1046.65,118.96,149.06,Critical
2024-05-23 12:00:00,507.47,79.22,1024.27,106.98,109.06,Critical
2024-05-23 13:00:00,566.7,88.45,1059.97,123.14,115.71,Critical
2024-05-23 14:00:00,542.55,86.8,1002.52,119.42,115.62,Critical
2024-05-23 15:00:00,600.0,100.0,1100.0,136.2,148.61,Critical
2024-05-23 16:00:00,592.79,100.0,1039.69,141.47,147.48,Critical
2024-05-23 17:00:00,526.98,74.82,1021.42,103.57,103.77,Critical
2024-05-23 18:00:00,470.69,64.92,918.28,96.59,87.46,Warning
2024-05-23 19:00:00,541.13,78.99,990.78,101.97,105.33,Critical
2024-05-23 20:00:00,478.83,71.33,955.33,94.29,112.79,Critical
2024-05-23 21:00:00,503.99,74.58,981.37,100.07,100.98,Critical
2024-05-23 22:00:00,417.43,57.75,888.74,74.35,77.54,Safe
2024-05-23 23:00:00,452.86,60.26,898.37,86.88,88.82,Warning
2024-05-24 00:00:00,403.95,47.84,868.0,63.35,59.08,Safe
2024-05-24 01:00:00,452.64,54.77,886.29,73.02,95.28,Warning
2024-05-24 02:00:00,434.35,56.9,863.41,77.82,78.07,Safe
2024-05-24 03:00:00,386.98,44.21,837.34,61.0,56.13,Safe
2024-05-24 04:00:00,399.09,51.42,868.63,65.87,68.01,Safe
2024-05-24 05:00:00,410.22,50.66,841.3,65.87,62.03,Safe
2024-05-24 06:00:00,456.08,65.35,944.18,92.1,79.91,Safe
2024-05-24 07:00:00,449.9,62.07,906.88,68.01,81.67,Warning
2024-05-24 08:00:00,446.28,60.96,899.92,76.56,74.88,Safe
2024-05-24 09:00:00,595.07,100.0,1094.52,145.09,141.7,Critical
2024-05-24 10:00:00,516.48,78.9,941.08,103.17,108.8,Critical
2024-05-24 11:00:00,488.75,73.5,955.91,96.17,105.22,Critical
2024-05-24 12:00:00,593.36,99.67,1100.0,144.92,140.73,Critical
2024-05-24 13:00:00,587.75,93.17,1065.36,136.83,137.03,Critical
2024-05-24 14:00:00,592.34,97.47,1059.08,141.21,139.03,Critical
2024-05-24 15:00:00,504.18,74.83,995.37,97.49,99.54,Warning
2024-05-24 16:00:00,506.92,81.83,1002.58,99.2,99.72,Warning
2024-05-24 17:00:00,594.49,97.14,1058.83,143.87,148.18,Critical
2024-05-24 18:00:00,466.95,64.88,972.93,83.62,87.83,Warning
2024-05-24 19:00:00,483.26,72.21,937.88,89.15,88.38,Warning
2024-05-24 20:00:00,499.31,67.53,957.0,87.52,97.18,Warning
2024-05-24 21:00:00,457.71,72.44,945.28,102.42,95.47,Warning
2024-05-24 22:00:00,460.18,62.3,914.49,84.74,85.84,Warning
2024-05-24 23:00:00,442.42,58.11,870.7,77.47,73.44,Safe
2024-05-25 00:00:00,420.82,53.31,839.29,71.69,69.47,Safe
2024-05-25 01:00:00,441.63,59.79,910.44,78.1,79.98,Safe
2024-05-25 02:00:00,419.47,52.94,873.62,75.85,76.24,Safe
2024-05-25 03:00:00,438.99,56.71,908.73,65.83,65.9,Safe
2024-05-25 04:00:00,365.36,43.88,818.64,41.57,37.99,Safe
2024-05-25 05:00:00,425.91,55.43,926.0,64.66,74.44,Safe
2024-05-25 06:00:00,502.91,76.37,987.75,107.9,108.85,Critical
2024-05-25 07:00:00,416.49,57.95,902.22,77.42,71.46,Safe
2024-05-25 08:00:00,464.52,63.62,888.21,79.33,93.65,Warning
2024-05-25 09:00:00,500.74,77.16,972.29,102.15,105.09,Critical
2024-05-25 10:00:00,509.91,82.72,1025.03,123.15,114.61,Critical
2024-05-25 11:00:00,567.69,93.81,1067.2,126.34,119.02,Critical
2024-05-25 12:00:00,518.06,82.31,1015.68,115.43,114.1,Critical
2024-05-25 13:00:00,600.0,99.29,1078.49,135.62,136.59,Critical
2024-05-25 14:00:00,595.82,98.42,1094.78,149.61,146.35,Critical
2024-05-25 15:00:00,600.0,96.73,1086.26,144.42,145.57,Critical
2024-05-25 16:00:00,551.71,90.26,1025.33,113.25,116.05,Critical
2024-05-25 17:00:00,523.16,77.73,1002.79,106.93,95.57,Warning
2024-05-25 18:00:00,518.03,69.57,910.45,79.29,78.49,Safe
2024-05-25 19:00:00,503.94,74.74,977.75,109.87,118.48,Critical
2024-05-25 20:00:00,500.3,72.06,999.14,117.61,115.06,Critical
2024-05-25 21:00:00,479.63,67.48,952.37,74.61,102.72,Critical
2024-05-25 22:00:00,412.21,58.03,904.98,61.67,64.13,Safe
2024-05-25 23:00:00,449.12,60.23,881.41,79.31,82.04,Warning
2024-05-26 00:00:00,448.61,61.08,944.32,82.26,97.48,Warning
2024-05-26 01:00:00,371.36,43.75,849.04,49.41,44.62,Safe
2024-05-26 02:00:00,444.26,64.16,902.24,68.08,81.47,Warning
2024-05-26 03:00:00,448.44,59.68,887.96,80.41,73.63,Safe
2024-05-26 04:00:00,367.03,45.16,853.4,60.73,48.26,Safe
2024-05-26 05:00:00,436.51,51.66,897.82,92.94,82.17,Warning
2024-05-26 06:00:00,482.48,70.22,923.28,103.44,106.02,Critical
2024-05-26 07:00:00,477.35,73.62,946.02,86.23,93.34,Warning
2024-05-26 08:00:00,487.52,73.68,965.24,98.95,102.39,Critical
2024-05-26 09:00:00,596.11,100.0,1052.24,144.4,145.2,Critical
2024-05-26 10:00:00,600.0,92.08,1060.82,128.41,127.58,Critical
2024-05-26 11:00:00,578.26,97.66,1100.0,144.64,146.28,Critical
2024-05-26 12:00:00,530.13,82.94,983.05,118.72,110.63,Critical
2024-05-26 13:00:00,512.91,80.11,1003.35,119.74,112.46,Critical
2024-05-26 14:00:00,565.47,89.62,1035.3,132.57,135.88,Critical
2024-05-26 15:00:00,552.77,90.02,1086.18,130.3,132.89,Critical
2024-05-26 16:00:00,580.37,99.08,1082.86,133.73,139.99,Critical
2024-05-26 17:00:00,534.75,84.37,1055.27,108.86,134.3,Critical
2024-05-26 18:00:00,465.77,67.49,924.31,90.47,96.2,Warning
2024-05-26 19:00:00,464.59,68.22,958.07,87.99,88.54,Warning
2024-05-26 20:00:00,470.58,69.53,953.19,90.3,106.24,Critical
2024-05-26 21:00:00,479.35,65.69,925.41,97.86,99.54,Warning
2024-05-26 22:00:00,438.92,60.85,886.86,88.56,91.36,Warning
2024-05-26 23:00:00,446.08,65.49,934.56,75.39,74.5,Safe
2024-05-27 00:00:00,420.89,56.84,874.51,69.61,72.85,Safe
2024-05-27 01:00:00,389.76,47.25,821.08,52.73,48.67,Safe
2024-05-27 02:00:00,423.81,60.63,935.55,81.04,85.15,Warning
2024-05-27 03:00:00,408.4,46.41,844.1,40.97,49.6,Safe
2024-05-27 04:00:00,435.67,55.88,893.56,61.71,48.94,Safe
2024-05-27 05:00:00,452.86,58.21,882.43,75.83,69.64,Safe
2024-05-27 06:00:00,479.01,68.38,937.81,98.16,103.32,Critical
2024-05-27 07:00:00,473.65,75.74,973.23,100.21,112.34,Critical
2024-05-27 08:00:00,502.97,70.37,959.27,103.1,100.33,Critical
2024-05-27 09:00:00,533.59,86.42,1046.22,121.84,117.74,Critical
2024-05-27 10:00:00,586.69,99.41,1096.38,150.0,144.05,Critical
2024-05-27 11:00:00,584.11,95.48,1059.96,146.74,141.35,Critical
2024-05-27 12:00:00,552.62,83.33,1033.38,113.06,109.55,Critical
2024-05-27 13:00:00,536.71,80.49,1003.18,120.08,122.79,Critical
2024-05-27 14:00:00,600.0,97.68,1056.7,142.49,153.25,Critical
2024-05-27 15:00:00,591.47,98.96,1047.82,150.0,157.82,Critical
2024-05-27 16:00:00,534.77,84.84,1030.75,111.75,105.16,Critical
2024-05-27 17:00:00,534.6,82.44,993.95,112.93,118.47,Critical
2024-05-27 18:00:00,512.9,78.68,1002.88,100.34,92.09,Warning
2024-05-27 19:00:00,502.09,72.41,944.99,90.72,96.06,Warning
2024-05-27 20:00:00,490.9,69.82,952.03,98.46,93.69,Warning
2024-05-27 21:00:00,491.36,70.77,945.53,97.49,100.03,Critical
2024-05-27 22:00:00,407.92,60.82,942.64,81.54,82.23,Warning
2024-05-27 23:00:00,425.71,55.98,900.81,76.87,84.71,Warning
2024-05-28 00:00:00,392.96,48.62,872.74,58.96,64.29,Safe
2024-05-28 01:00:00,423.43,55.27,876.88,68.46,70.52,Safe
2024-05-28 02:00:00,425.48,59.01,913.14,68.24,77.09,Safe
2024-05-28 03:00:00,379.49,49.51,849.57,52.99,53.29,Safe
2024-05-28 04:00:00,411.92,51.36,889.13,65.98,68.54,Safe
2024-05-28 05:00:00,415.45,55.11,873.95,70.71,62.51,Safe
2024-05-28 06:00:00,470.69,65.66,897.56,91.83,87.78,Warning
2024-05-28 07:00:00,440.85,62.56,868.83,83.08,87.77,Warning
2024-05-28 08:00:00,509.22,72.35,998.45,114.97,115.73,Critical
2024-05-28 09:00:00,600.0,96.71,1094.08,132.07,139.68,Critical
2024-05-28 10:00:00,530.76,81.65,1020.22,112.45,108.7,Critical
2024-05-28 11:00:00,597.01,100.0,1100.0,135.56,135.78,Critical
2024-05-28 12:00:00,573.49,90.39,1015.61,136.81,130.09,Critical
2024-05-28 13:00:00,564.3,89.7,1040.61,122.38,120.3,Critical
2024-05-28 14:00:00,588.62,96.32,1076.41,146.33,152.03,Critical
2024-05-28 15:00:00,577.52,90.73,1069.98,142.24,127.55,Critical
2024-05-28 16:00:00,600.0,96.78,1068.66,141.69,147.82,Critical
2024-05-28 17:00:00,533.19,87.68,1011.97,121.57,121.25,Critical
2024-05-28 18:00:00,503.65,79.59,971.32,106.68,103.32,Critical
2024-05-28 19:00:00,479.08,72.5,987.79,95.85,94.7,Warning
2024-05-28 20:00:00,482.25,75.82,962.76,96.58,106.33,Critical
2024-05-28 21:00:00,489.08,72.49,950.31,96.15,89.79,Warning
2024-05-28 22:00:00,425.6,54.3,885.46,84.95,78.98,Safe
2024-05-28 23:00:00,446.74,61.76,893.42,71.38,69.56,Safe
2024-05-29 00:00:00,394.8,50.57,815.34,60.92,51.98,Safe
2024-05-29 01:00:00,429.93,53.54,832.9,72.77,72.68,Safe
2024-05-29 02:00:00,459.73,64.44,920.95,82.92,79.55,Safe
2024-05-29 03:00:00,377.12,43.08,826.34,54.78,54.9,Safe
2024-05-29 04:00:00,421.04,51.22,851.65,53.12,54.41,Safe
2024-05-29 05:00:00,399.27,50.25,860.72,72.87,79.46,Safe
2024-05-29 06:00:00,491.32,65.62,892.62,97.34,101.89,Critical
2024-05-29 07:00:00,473.53,69.95,915.75,90.44,101.07,Critical
2024-05-29 08:00:00,527.37,74.85,1023.84,101.3,96.06,Warning
2024-05-29 09:00:00,522.99,84.16,1047.92,123.51,126.49,Critical
2024-05-29 10:00:00,575.64,92.1,1077.42,122.82,126.63,Critical
2024-05-29 11:00:00,531.24,85.06,1010.79,108.66,99.83,Warning
2024-05-29 12:00:00,562.99,86.83,1028.91,122.67,122.19,Critical
2024-05-29 13:00:00,543.02,87.43,1037.11,133.85,130.53,Critical
2024-05-29 14:00:00,546.31,85.56,1056.72,126.81,130.42,Critical
2024-05-29 15:00:00,570.49,94.9,1083.36,128.95,130.97,Critical
2024-05-29 16:00:00,570.12,89.25,1057.82,114.29,142.09,Critical
2024-05-29 17:00:00,580.7,97.47,1083.66,137.89,140.21,Critical
2024-05-29 18:00:00,522.25,74.67,990.79,107.6,109.27,Critical
2024-05-29 19:00:00,451.62,66.39,938.6,86.36,86.86,Warning
2024-05-29 20:00:00,450.64,67.37,937.82,102.06,93.74,Warning
2024-05-29 21:00:00,531.96,79.66,981.95,109.41,108.97,Critical
2024-05-29 22:00:00,436.08,61.09,902.95,60.18,59.48,Safe
2024-05-29 23:00:00,427.42,56.88,860.65,68.02,68.46,Safe
2024-05-30 00:00:00,391.45,48.99,844.07,62.9,63.73,Safe
2024-05-30 01:00:00,370.46,47.21,838.01,57.96,74.13,Safe
2024-05-30 02:00:00,428.64,57.43,834.25,68.89,66.76,Safe
2024-05-30 03:00:00,384.99,41.82,804.03,47.25,50.33,Safe
2024-05-30 04:00:00,409.08,48.76,817.93,43.61,42.8,Safe
2024-05-30 05:00:00,405.29,50.51,863.52,64.07,70.89,Safe
2024-05-30 06:00:00,496.25,70.17,964.87,94.38,98.73,Warning
2024-05-30 07:00:00,433.49,62.08,901.02,80.84,82.36,Warning
2024-05-30 08:00:00,457.92,65.62,940.18,91.07,86.45,Warning
2024-05-30 09:00:00,592.02,96.62,1096.1,148.86,160.0,Critical
2024-05-30 10:00:00,487.37,72.3,956.45,89.68,87.84,Warning
2024-05-30 11:00:00,565.22,92.17,1094.6,121.5,129.95,Critical
2024-05-30 12:00:00,541.15,89.49,1031.5,118.3,119.6,Critical
2024-05-30 13:00:00,548.74,94.47,1100.0,126.26,144.43,Critical
2024-05-30 14:00:00,600.0,99.83,1094.2,135.9,117.65,Critical
2024-05-30 15:00:00,575.17,92.94,1046.15,142.35,129.93,Critical
2024-05-30 16:00:00,558.79,86.54,1024.97,123.3,121.86,Critical
2024-05-30 17:00:00,548.72,88.71,1019.36,138.19,140.87,Critical
2024-05-30 18:00:00,471.9,70.47,969.61,94.68,99.97,Warning
2024-05-30 19:00:00,496.77,74.17,935.59,89.42,98.46,Warning
2024-05-30 20:00:00,489.52,69.39,977.52,89.91,98.54,Warning
2024-05-30 21:00:00,513.28,79.13,975.06,115.55,109.52,Critical
2024-05-30 22:00:00,458.22,61.75,927.16,74.03,70.38,Safe
2024-05-30 23:00:00,425.59,59.92,900.13,80.47,77.86,Safe
2024-05-31 00:00:00,361.54,40.95,810.71,43.98,37.51,Safe
2024-05-31 01:00:00,415.86,54.21,858.07,60.03,60.98,Safe
2024-05-31 02:00:00,415.13,49.49,855.21,74.29,89.22,Warning
2024-05-31 03:00:00,437.75,58.71,896.52,71.52,68.15,Safe
2024-05-31 04:00:00,456.65,58.05,858.18,69.01,71.43,Safe
2024-05-31 05:00:00,433.33,63.05,894.07,78.61,69.16,Safe
2024-05-31 06:00:00,464.3,65.62,916.2,82.4,84.09,Warning
2024-05-31 07:00:00,496.63,73.53,951.04,116.88,119.71,Critical
2024-05-31 08:00:00,466.0,64.33,949.21,96.04,87.91,Warning
2024-05-31 09:00:00,489.49,75.22,976.25,96.53,98.37,Warning
2024-05-31 10:00:00,600.0,100.0,1082.87,138.17,134.83,Critical
2024-05-31 11:00:00,569.5,92.33,1050.85,113.72,111.67,Critical
2024-05-31 12:00:00,531.86,86.77,1022.75,120.04,110.64,Critical
2024-05-31 13:00:00,599.78,100.0,1093.66,136.62,131.25,Critical
2024-05-31 14:00:00,541.86,86.56,1009.14,119.85,121.51,Critical
2024-05-31 15:00:00,534.61,73.91,951.64,88.34,88.63,Warning
2024-05-31 16:00:00,563.46,87.19,1052.82,124.68,124.53,Critical
2024-05-31 17:00:00,585.66,96.24,1085.28,150.0,136.3,Critical
2024-05-31 18:00:00,490.23,72.95,961.4,98.95,95.94,Warning
2024-05-31 19:00:00,519.31,76.5,982.56,100.1,103.19,Critical
2024-05-31 20:00:00,479.7,66.43,931.15,89.73,89.5,Warning
2024-05-31 21:00:00,470.52,77.82,984.5,101.17,103.39,Critical
2024-05-31 22:00:00,449.8,60.2,912.38,97.42,93.89,Warning
2024-05-31 23:00:00,455.35,63.74,928.45,81.87,94.23,Warning
2024-06-01 00:00:00,421.44,59.95,865.17,63.81,72.85,Safe
2024-06-01 01:00:00,395.68,45.84,826.31,56.2,54.15,Safe
2024-06-01 02:00:00,406.13,43.67,785.22,54.53,64.49,Safe
2024-06-01 03:00:00,404.2,49.1,859.48,66.31,72.58,Safe
2024-06-01 04:00:00,395.49,45.02,841.99,62.29,55.21,Safe
2024-06-01 05:00:00,430.3,51.26,842.86,81.42,76.65,Safe
2024-06-01 06:00:00,425.58,59.3,893.93,70.35,66.9,Safe
2024-06-01 07:00:00,451.23,69.31,900.1,81.57,76.61,Safe
2024-06-01 08:00:00,510.68,75.37,998.25,90.41,90.93,Warning
2024-06-01 09:00:00,559.37,90.71,1069.16,133.67,129.0,Critical
2024-06-01 10:00:00,491.6,77.71,1013.85,98.78,107.28,Critical
2024-06-01 11:00:00,557.55,89.66,1081.0,135.11,134.38,Critical
2024-06-01 12:00:00,520.35,77.54,960.77,102.06,94.85,Warning
2024-06-01 13:00:00,597.91,100.0,1100.0,150.0,138.62,Critical
2024-06-01 14:00:00,588.98,100.0,1100.0,130.21,136.85,Critical
2024-06-01 15:00:00,568.31,92.86,1031.42,137.2,144.38,Critical
2024-06-01 16:00:00,599.73,100.0,1096.23,149.97,145.7,Critical
2024-06-01 17:00:00,526.07,88.27,1033.36,124.37,121.99,Critical
2024-06-01 18:00:00,497.84,74.96,993.62,94.14,93.08,Warning
2024-06-01 19:00:00,484.98,75.95,927.08,102.63,98.78,Warning
2024-06-01 20:00:00,514.03,76.2,1020.95,108.73,106.27,Critical
2024-06-01 21:00:00,469.59,72.86,961.82,81.35,84.62,Warning
2024-06-01 22:00:00,482.22,67.01,955.2,104.6,116.64,Critical
2024-06-01 23:00:00,408.83,53.64,866.87,63.9,68.29,Safe
2024-06-02 00:00:00,410.44,54.51,883.38,80.44,76.02,Safe
2024-06-02 01:00:00,387.36,45.81,777.98,51.56,46.88,Safe
2024-06-02 02:00:00,414.2,56.58,874.43,78.12,73.13,Safe
2024-06-02 03:00:00,404.5,50.15,869.4,56.46,57.92,Safe
2024-06-02 04:00:00,380.83,47.77,845.2,58.73,70.74,Safe
2024-06-02 05:00:00,379.97,46.94,798.69,54.57,79.27,Safe
2024-06-02 06:00:00,496.27,72.65,964.6,96.59,93.38,Warning
2024-06-02 07:00:00,453.42,67.34,918.69,79.82,91.96,Warning
2024-06-02 08:00:00,456.78,68.62,923.18,64.0,72.12,Safe
2024-06-02 09:00:00,600.0,100.0,1066.54,134.23,146.91,Critical
2024-06-02 10:00:00,556.62,89.25,1059.86,131.85,117.61,Critical
2024-06-02 11:00:00,579.68,94.33,1096.14,124.35,138.99,Critical
2024-06-02 12:00:00,564.51,89.98,1096.54,120.51,125.14,Critical
2024-06-02 13:00:00,527.12,81.58,975.47,99.65,110.22,Critical
2024-06-02 14:00:00,581.15,93.16,1082.68,135.56,136.28,Critical
2024-06-02 15:00:00,503.08,75.43,995.48,97.07,105.91,Critical
2024-06-02 16:00:00,546.58,93.67,1055.58,138.31,143.95,Critical
2024-06-02 17:00:00,539.81,91.07,1035.16,130.17,123.78,Critical
2024-06-02 18:00:00,560.99,83.5,993.61,119.51,137.25,Critical
2024-06-02 19:00:00,448.88,62.22,899.5,83.15,92.51,Warning
2024-06-02 20:00:00,520.26,76.74,988.16,100.85,98.1,Warning
2024-06-02 21:00:00,507.36,78.05,1020.17,102.33,116.83,Critical
2024-06-02 22:00:00,449.23,62.51,936.87,88.94,84.1,Warning
2024-06-02 23:00:00,453.97,65.08,889.86,90.49,82.37,Warning
2024-06-03 00:00:00,447.56,53.26,848.95,75.53,75.69,Safe
2024-06-03 01:00:00,423.95,55.1,904.09,68.19,62.96,Safe
2024-06-03 02:00:00,401.71,52.3,845.42,60.25,67.67,Safe
2024-06-03 03:00:00,367.24,47.59,836.7,47.27,53.87,Safe
2024-06-03 04:00:00,427.19,49.89,811.93,68.53,62.38,Safe
2024-06-03 05:00:00,376.03,44.58,848.27,38.22,44.62,Safe
2024-06-03 06:00:00,513.98,75.89,937.37,84.79,89.67,Warning
2024-06-03 07:00:00,471.66,64.92,888.46,69.05,75.02,Safe
2024-06-03 08:00:00,466.96,68.36,964.92,74.89,79.63,Safe
2024-06-03 09:00:00,508.73,74.83,1016.39,116.49,109.22,Critical
2024-06-03 10:00:00,504.5,78.24,984.81,112.43,109.48,Critical
2024-06-03 11:00:00,586.13,100.0,1098.97,131.69,127.06,Critical
2024-06-03 12:00:00,552.66,84.09,1040.43,119.37,114.98,Critical
2024-06-03 13:00:00,564.91,91.78,1065.27,141.44,139.85,Critical
2024-06-03 14:00:00,515.9,77.16,977.59,110.15,98.52,Warning
2024-06-03 15:00:00,499.47,73.43,956.47,116.66,109.68,Critical
2024-06-03 16:00:00,572.05,90.78,1019.43,126.06,125.19,Critical
2024-06-03 17:00:00,500.65,80.61,1008.17,103.85,95.16,Warning
2024-06-03 18:00:00,484.97,73.29,964.43,89.71,88.35,Warning
2024-06-03 19:00:00,498.46,75.75,969.12,102.54,102.86,Critical
2024-06-03 20:00:00,490.32,75.49,955.41,107.82,113.92,Critical
2024-06-03 21:00:00,478.97,68.24,921.39,91.56,106.48,Critical
2024-06-03 22:00:00,468.74,63.03,928.75,82.68,81.68,Warning
2024-06-03 23:00:00,434.07,53.81,888.45,81.19,83.45,Warning
2024-06-04 00:00:00,421.25,56.5,875.3,75.32,76.02,Safe
2024-06-04 01:00:00,402.89,49.7,838.99,60.02,55.23,Safe
2024-06-04 02:00:00,449.28,60.76,885.02,72.53,70.56,Safe
2024-06-04 03:00:00,446.42,59.43,917.76,77.12,86.07,Warning
2024-06-04 04:00:00,432.15,61.11,906.23,81.96,81.1,Warning
2024-06-04 05:00:00,426.25,50.19,859.04,59.11,60.53,Safe
2024-06-04 06:00:00,473.89,65.23,934.04,78.49,86.05,Warning
2024-06-04 07:00:00,457.1,60.94,897.93,76.69,75.4,Safe
2024-06-04 08:00:00,509.77,73.23,940.51,99.45,108.37,Critical
2024-06-04 09:00:00,586.28,94.7,1051.59,144.85,153.2,Critical
2024-06-04 10:00:00,563.98,94.59,1097.76,124.66,130.61,Critical
2024-06-04 11:00:00,598.05,100.0,1084.03,143.62,154.15,Critical
2024-06-04 12:00:00,559.45,95.64,1069.17,130.36,146.57,Critical
2024-06-04 13:00:00,568.77,90.74,1028.74,125.28,131.77,Critical
2024-06-04 14:00:00,531.39,83.44,990.45,126.43,134.91,Critical
2024-06-04 15:00:00,514.63,78.8,977.08,108.01,112.78,Critical
2024-06-04 16:00:00,563.34,86.62,1070.24,118.13,130.11,Critical
2024-06-04 17:00:00,534.68,85.27,1040.83,126.2,125.56,Critical
2024-06-04 18:00:00,474.15,69.42,935.51,98.56,98.55,Warning
2024-06-04 19:00:00,518.59,79.57,1021.67,103.16,105.6,Critical
2024-06-04 20:00:00,447.48,68.31,938.2,78.51,82.43,Warning
2024-06-04 21:00:00,474.44,69.54,977.5,97.98,102.43,Critical
2024-06-04 22:00:00,394.08,57.22,934.76,71.75,67.95,Safe
2024-06-04 23:00:00,445.8,63.5,940.12,80.11,81.12,Warning
2024-06-05 00:00:00,410.33,49.59,850.03,70.84,65.26,Safe
2024-06-05 01:00:00,449.58,60.83,919.53,76.09,78.38,Safe
2024-06-05 02:00:00,390.95,49.82,849.43,63.6,58.98,Safe
2024-06-05 03:00:00,405.21,51.16,815.41,70.43,65.09,Safe
2024-06-05 04:00:00,399.27,53.58,853.5,61.95,59.78,Safe
2024-06-05 05:00:00,429.09,57.28,865.46,57.47,54.9,Safe
2024-06-05 06:00:00,532.94,72.98,950.01,99.76,93.01,Warning
2024-06-05 07:00:00,476.76,62.73,953.11,89.23,88.01,Warning
2024-06-05 08:00:00,481.62,70.22,975.79,104.05,103.54,Critical
2024-06-05 09:00:00,554.2,87.99,1049.65,120.11,121.16,Critical
2024-06-05 10:00:00,504.93,79.66,1016.17,123.06,110.8,Critical
2024-06-05 11:00:00,588.77,100.0,1058.37,128.76,131.65,Critical
2024-06-05 12:00:00,582.95,94.47,1088.37,136.87,134.71,Critical
2024-06-05 13:00:00,575.21,95.64,1098.87,134.34,132.32,Critical
2024-06-05 14:00:00,572.54,89.97,1000.58,135.99,128.61,Critical
2024-06-05 15:00:00,568.34,86.59,1049.79,113.0,118.93,Critical
2024-06-05 16:00:00,554.18,87.38,1005.57,124.51,133.74,Critical
2024-06-05 17:00:00,546.1,86.17,987.51,116.07,105.87,Critical
2024-06-05 18:00:00,457.91,70.36,980.98,105.85,110.17,Critical
2024-06-05 19:00:00,510.79,75.08,953.24,95.68,94.34,Warning
2024-06-05 20:00:00,492.51,77.13,969.9,106.18,111.42,Critical
2024-06-05 21:00:00,517.79,80.91,1026.32,105.78,96.97,Warning
2024-06-05 22:00:00,457.87,61.11,898.83,82.32,94.6,Warning
2024-06-05 23:00:00,461.06,61.66,904.34,79.04,68.17,Safe
2024-06-06 00:00:00,434.67,60.3,897.05,74.16,70.25,Safe
2024-06-06 01:00:00,397.4,50.78,861.55,46.64,40.06,Safe
2024-06-06 02:00:00,382.41,48.05,835.27,60.16,60.8,Safe
2024-06-06 03:00:00,372.19,47.24,838.71,46.48,46.46,Safe
2024-06-06 04:00:00,430.75,59.91,888.47,66.99,59.59,Safe
2024-06-06 05:00:00,361.9,46.12,838.34,40.49,40.72,Safe
2024-06-06 06:00:00,476.12,66.64,940.1,81.74,86.67,Warning
2024-06-06 07:00:00,495.16,72.41,1003.8,105.2,96.61,Warning
2024-06-06 08:00:00,503.85,74.0,961.61,104.67,109.95,Critical
2024-06-06 09:00:00,531.28,86.16,1026.75,123.9,125.89,Critical
2024-06-06 10:00:00,583.27,100.0,1100.0,132.78,136.09,Critical
2024-06-06 11:00:00,592.67,97.98,1100.0,142.12,145.44,Critical
2024-06-06 12:00:00,599.78,99.72,1074.59,136.29,133.53,Critical
2024-06-06 13:00:00,597.94,100.0,1100.0,150.0,143.45,Critical
2024-06-06 14:00:00,595.95,100.0,1044.83,142.61,138.99,Critical
2024-06-06 15:00:00,586.67,90.68,1047.43,125.07,132.68,Critical
2024-06-06 16:00:00,560.64,88.67,1066.95,134.99,140.34,Critical
2024-06-06 17:00:00,600.0,99.62,1082.12,145.66,148.47,Critical
2024-06-06 18:00:00,534.45,79.17,999.74,100.32,94.47,Warning
2024-06-06 19:00:00,499.73,68.97,933.21,81.21,99.35,Warning
2024-06-06 20:00:00,496.28,77.83,970.24,93.14,93.68,Warning
2024-06-06 21:00:00,517.06,77.19,1007.32,121.29,102.47,Critical
2024-06-06 22:00:00,423.36,57.35,863.75,63.25,57.42,Safe
2024-06-06 23:00:00,434.99,64.57,929.3,97.85,97.47,Warning
2024-06-07 00:00:00,466.02,61.27,913.13,74.25,79.79,Safe
2024-06-07 01:00:00,422.29,56.6,864.26,61.25,69.45,Safe
2024-06-07 02:00:00,350.51,41.32,810.03,52.82,46.91,Safe
2024-06-07 03:00:00,438.0,60.95,884.18,84.82,77.76,Safe
2024-06-07 04:00:00,394.21,51.34,868.18,67.48,66.35,Safe
2024-06-07 05:00:00,391.81,50.38,822.97,64.63,73.03,Safe
2024-06-07 06:00:00,433.9,59.25,888.78,69.34,71.18,Safe
2024-06-07 07:00:00,511.95,71.93,954.09,106.48,112.86,Critical
2024-06-07 08:00:00,501.47,77.7,1012.99,108.92,104.08,Critical
2024-06-07 09:00:00,587.63,91.1,1058.58,128.54,133.34,Critical
2024-06-07 10:00:00,595.4,95.88,1100.0,139.7,139.4,Critical
2024-06-07 11:00:00,534.87,82.33,1023.85,124.08,115.54,Critical
2024-06-07 12:00:00,557.95,86.87,1046.41,126.71,127.7,Critical
2024-06-07 13:00:00,500.31,75.03,967.85,84.62,92.44,Warning
2024-06-07 14:00:00,597.52,94.88,1096.86,145.29,145.37,Critical
2024-06-07 15:00:00,553.5,86.39,1024.11,127.82,124.6,Critical
2024-06-07 16:00:00,491.65,78.74,955.64,100.23,102.85,Critical
2024-06-07 17:00:00,567.91,90.94,1049.97,129.38,124.86,Critical
2024-06-07 18:00:00,501.9,72.73,973.63,101.37,98.65,Warning
2024-06-07 19:00:00,512.11,79.04,959.85,90.39,106.84,Critical
2024-06-07 20:00:00,485.25,70.87,934.88,91.35,97.52,Warning
2024-06-07 21:00:00,482.58,72.79,936.88,93.09,78.59,Safe
2024-06-07 22:00:00,433.87,63.29,933.76,80.62,81.18,Warning
2024-06-07 23:00:00,400.25,55.49,914.25,65.84,68.14,Safe
2024-06-08 00:00:00,372.6,48.53,838.04,61.55,65.46,Safe
2024-06-08 01:00:00,391.77,45.6,839.69,49.68,58.99,Safe
2024-06-08 02:00:00,338.54,43.35,827.87,54.43,54.39,Safe
2024-06-08 03:00:00,414.39,55.93,913.83,77.02,74.46,Safe
2024-06-08 04:00:00,399.84,52.64,848.84,74.54,69.52,Safe
2024-06-08 05:00:00,419.37,55.83,874.31,84.11,85.31,Warning
2024-06-08 06:00:00,427.09,63.27,908.85,93.48,95.73,Warning
2024-06-08 07:00:00,464.89,64.81,925.71,76.93,72.65,Safe
2024-06-08 08:00:00,440.26,64.52,977.69,89.09,90.85,Warning
2024-06-08 09:00:00,583.17,91.83,1059.83,125.88,122.02,Critical
2024-06-08 10:00:00,524.94,83.41,998.25,140.03,129.25,Critical
2024-06-08 11:00:00,568.06,92.35,1036.35,133.76,153.98,Critical
2024-06-08 12:00:00,600.0,100.0,1100.0,150.0,144.19,Critical
2024-06-08 13:00:00,591.34,96.98,1066.0,140.84,138.56,Critical
2024-06-08 14:00:00,600.0,100.0,1100.0,121.92,136.0,Critical
2024-06-08 15:00:00,532.22,84.55,1007.8,109.93,109.58,Critical
2024-06-08 16:00:00,551.76,86.74,1005.83,114.81,116.09,Critical
2024-06-08 17:00:00,567.13,90.15,1064.06,125.41,131.15,Critical
2024-06-08 18:00:00,456.97,66.92,920.72,89.84,110.45,Critical
2024-06-08 19:00:00,487.77,70.45,961.61,100.12,108.27,Critical
2024-06-08 20:00:00,528.08,77.85,1000.23,88.54,100.35,Critical
2024-06-08 21:00:00,525.32,78.86,1006.32,108.55,109.68,Critical
2024-06-08 22:00:00,456.09,60.76,897.9,76.36,76.89,Safe
2024-06-08 23:00:00,440.97,59.64,913.3,89.46,84.21,Warning
2024-06-09 00:00:00,379.17,48.07,820.05,60.3,53.49,Safe
2024-06-09 01:00:00,398.34,52.42,808.11,59.38,55.87,Safe
2024-06-09 02:00:00,437.48,58.25,906.8,78.21,82.36,Warning
2024-06-09 03:00:00,417.12,50.98,858.54,51.4,54.76,Safe
2024-06-09 04:00:00,433.96,48.74,830.28,68.61,61.88,Safe
2024-06-09 05:00:00,438.83,56.27,848.98,68.26,75.38,Safe
2024-06-09 06:00:00,428.13,61.13,860.85,68.53,75.92,Safe
2024-06-09 07:00:00,485.18,73.98,971.04,109.88,102.48,Critical
2024-06-09 08:00:00,515.34,70.86,990.57,103.69,102.31,Critical
2024-06-09 09:00:00,560.28,90.82,1051.05,122.17,129.12,Critical
2024-06-09 10:00:00,553.23,88.14,1032.75,118.44,126.64,Critical
2024-06-09 11:00:00,541.71,88.79,1043.41,126.01,116.27,Critical
2024-06-09 12:00:00,544.51,80.65,1051.19,119.27,123.85,Critical
2024-06-09 13:00:00,526.28,79.82,1015.64,112.17,106.84,Critical
2024-06-09 14:00:00,518.04,82.22,990.56,101.86,92.51,Warning
2024-06-09 15:00:00,531.09,86.25,1031.87,110.51,108.26,Critical
2024-06-09 16:00:00,528.62,81.08,1012.71,107.13,107.73,Critical
2024-06-09 17:00:00,579.74,94.78,1050.66,131.6,124.63,Critical
2024-06-09 18:00:00,509.89,74.56,989.5,103.6,98.84,Warning
2024-06-09 19:00:00,477.58,67.48,919.41,88.55,97.84,Warning
2024-06-09 20:00:00,476.78,70.12,917.36,90.94,88.92,Warning
2024-06-09 21:00:00,461.67,67.32,938.27,103.97,104.94,Critical
2024-06-09 22:00:00,441.64,60.97,903.04,85.8,83.55,Warning
2024-06-09 23:00:00,406.41,53.53,867.63,75.83,83.21,Warning
2024-06-10 00:00:00,450.14,62.99,898.13,85.16,78.97,Safe
2024-06-10 01:00:00,394.83,48.65,829.5,59.08,59.1,Safe
2024-06-10 02:00:00,370.27,45.71,853.38,57.77,54.39,Safe
2024-06-10 03:00:00,438.71,57.47,897.05,77.12,83.11,Warning
2024-06-10 04:00:00,407.65,53.21,845.0,71.31,66.26,Safe
2024-06-10 05:00:00,390.17,50.49,809.53,50.51,47.51,Safe
2024-06-10 06:00:00,453.72,64.66,903.18,89.4,87.9,Warning
2024-06-10 07:00:00,457.07,63.42,920.56,85.33,79.46,Safe
2024-06-10 08:00:00,453.08,62.98,901.0,67.51,77.66,Safe
2024-06-10 09:00:00,568.83,90.73,1038.04,128.35,127.25,Critical
2024-06-10 10:00:00,523.3,77.68,975.44,96.9,109.23,Critical
2024-06-10 11:00:00,575.79,89.38,1045.3,123.51,117.98,Critical
2024-06-10 12:00:00,592.44,97.11,1100.0,138.36,140.17,Critical
2024-06-10 13:00:00,585.03,100.0,1099.99,129.15,128.87,Critical
2024-06-10 14:00:00,574.83,94.65,1074.61,133.48,137.34,Critical
2024-06-10 15:00:00,585.14,99.8,1094.05,141.24,152.76,Critical
2024-06-10 16:00:00,530.28,76.63,972.16,113.14,109.36,Critical
2024-06-10 17:00:00,574.3,86.62,1052.77,122.08,124.82,Critical
2024-06-10 18:00:00,536.34,81.81,1025.38,117.62,120.57,Critical
2024-06-10 19:00:00,508.82,74.2,1016.0,104.33,100.28,Critical
2024-06-10 20:00:00,509.79,76.57,996.28,102.69,111.5,Critical
2024-06-10 21:00:00,470.84,66.43,921.18,74.87,77.14,Safe
2024-06-10 22:00:00,398.4,55.19,856.05,65.19,56.43,Safe
2024-06-10 23:00:00,414.72,53.94,890.66,75.01,81.1,Warning
2024-06-11 00:00:00,385.22,49.39,829.02,50.48,59.33,Safe
2024-06-11 01:00:00,399.5,48.89,862.26,59.49,67.22,Safe
2024-06-11 02:00:00,432.57,58.35,875.03,73.44,67.95,Safe
2024-06-11 03:00:00,406.42,44.79,831.63,65.56,60.62,Safe
2024-06-11 04:00:00,431.23,54.6,849.69,69.38,65.15,Safe
2024-06-11 05:00:00,384.74,45.19,843.11,57.47,58.87,Safe
2024-06-11 06:00:00,472.94,69.17,918.71,90.6,97.3,Warning
2024-06-11 07:00:00,525.26,75.45,983.26,102.22,102.19,Critical
2024-06-11 08:00:00,450.5,62.73,909.3,72.86,85.62,Warning
2024-06-11 09:00:00,583.24,94.65,1075.49,132.69,138.64,Critical
2024-06-11 10:00:00,549.91,87.33,1027.94,125.04,117.36,Critical
2024-06-11 11:00:00,575.34,95.25,1067.03,135.01,130.98,Critical
2024-06-11 12:00:00,556.15,88.91,1047.96,137.03,132.99,Critical
2024-06-11 13:00:00,480.69,77.04,963.15,108.52,104.04,Critical
2024-06-11 14:00:00,547.53,92.3,1039.32,136.44,135.02,Critical
2024-06-11 15:00:00,600.0,100.0,1092.11,126.27,129.75,Critical
2024-06-11 16:00:00,600.0,98.67,1084.61,150.0,150.48,Critical
2024-06-11 17:00:00,585.88,95.25,1054.13,136.65,139.26,Critical
2024-06-11 18:00:00,497.87,76.99,1005.28,108.77,100.36,Critical
2024-06-11 19:00:00,443.56,65.94,922.34,91.78,91.46,Warning
2024-06-11 20:00:00,506.3,73.83,964.16,101.53,104.04,Critical
2024-06-11 21:00:00,451.58,64.88,895.19,74.49,79.96,Safe
2024-06-11 22:00:00,445.77,59.19,941.53,91.87,73.72,Safe
2024-06-11 23:00:00,430.86,56.35,935.15,69.56,56.53,Safe
2024-06-12 00:00:00,449.94,60.81,886.88,71.01,69.72,Safe
2024-06-12 01:00:00,434.23,58.44,919.17,75.06,68.23,Safe
2024-06-12 02:00:00,401.49,49.03,843.13,57.35,62.5,Safe
2024-06-12 03:00:00,430.21,57.97,925.13,76.44,92.22,Warning
2024-06-12 04:00:00,435.47,61.09,912.85,78.17,83.59,Warning
2024-06-12 05:00:00,372.55,46.51,834.74,65.1,72.87,Safe
2024-06-12 06:00:00,426.65,65.01,870.07,82.34,81.74,Warning
2024-06-12 07:00:00,499.38,75.48,958.07,94.71,94.18,Warning
2024-06-12 08:00:00,490.15,67.22,936.55,86.38,86.48,Warning
2024-06-12 09:00:00,599.46,97.31,1090.92,137.0,141.21,Critical
2024-06-12 10:00:00,586.83,95.91,1052.82,132.04,132.01,Critical
2024-06-12 11:00:00,574.88,96.29,1065.42,130.64,139.68,Critical
2024-06-12 12:00:00,583.48,92.38,1074.08,124.17,131.31,Critical
2024-06-12 13:00:00,529.09,82.69,983.02,115.08,112.92,Critical
2024-06-12 14:00:00,553.37,82.83,1017.09,114.19,107.94,Critical
2024-06-12 15:00:00,561.34,93.77,1096.08,125.22,128.88,Critical
2024-06-12 16:00:00,551.06,90.39,1060.43,130.47,129.8,Critical
2024-06-12 17:00:00,516.94,82.2,1018.38,119.79,112.97,Critical
2024-06-12 18:00:00,476.89,74.41,927.61,94.17,88.91,Warning
2024-06-12 19:00:00,488.2,75.33,958.57,114.38,108.87,Critical
2024-06-12 20:00:00,499.73,74.57,1018.04,122.16,119.15,Critical
2024-06-12 21:00:00,464.43,68.6,929.82,93.81,93.81,Warning
2024-06-12 22:00:00,371.97,56.49,910.27,63.52,67.74,Safe
2024-06-12 23:00:00,471.88,64.21,907.61,87.81,96.26,Warning
2024-06-13 00:00:00,356.82,45.1,819.39,40.52,41.55,Safe
2024-06-13 01:00:00,413.73,51.37,868.19,58.43,56.7,Safe
2024-06-13 02:00:00,417.76,54.33,873.87,55.28,62.49,Safe
2024-06-13 03:00:00,470.12,60.12,908.99,77.03,70.6,Safe
2024-06-13 04:00:00,414.64,50.17,832.85,52.51,51.7,Safe
2024-06-13 05:00:00,439.62,61.67,883.35,83.17,108.47,Critical
2024-06-13 06:00:00,438.89,62.18,891.41,73.01,87.4,Warning
2024-06-13 07:00:00,519.64,74.65,961.54,105.71,115.3,Critical
2024-06-13 08:00:00,412.38,58.26,886.26,78.17,76.6,Safe
2024-06-13 09:00:00,548.95,86.57,1055.67,132.17,134.83,Critical
2024-06-13 10:00:00,577.0,94.71,1075.47,131.44,131.42,Critical
2024-06-13 11:00:00,595.19,100.0,1100.0,144.91,145.45,Critical
2024-06-13 12:00:00,516.31,77.84,992.32,110.4,108.88,Critical
2024-06-13 13:00:00,516.73,78.52,968.06,117.01,108.24,Critical
2024-06-13 14:00:00,580.64,93.56,1068.18,139.56,133.46,Critical
2024-06-13 15:00:00,600.0,100.0,1100.0,150.0,146.24,Critical
2024-06-13 16:00:00,561.41,88.89,1061.17,113.28,116.26,Critical
2024-06-13 17:00:00,519.55,79.56,974.29,103.12,111.99,Critical
2024-06-13 18:00:00,462.29,67.88,894.51,95.1,99.84,Warning
2024-06-13 19:00:00,512.82,78.19,994.83,112.34,116.06,Critical
2024-06-13 20:00:00,501.76,77.94,997.48,105.31,108.97,Critical
2024-06-13 21:00:00,485.59,74.13,966.7,95.49,92.63,Warning
2024-06-13 22:00:00,436.89,60.4,902.62,84.23,80.02,Warning
2024-06-13 23:00:00,445.57,61.81,928.38,65.87,75.49,Safe
2024-06-14 00:00:00,391.49,47.75,828.66,63.62,56.64,Safe
2024-06-14 01:00:00,407.79,48.74,837.57,61.34,59.75,Safe
2024-06-14 02:00:00,378.54,46.38,833.64,50.96,47.4,Safe
2024-06-14 03:00:00,414.12,52.84,837.36,68.87,69.87,Safe
2024-06-14 04:00:00,403.73,50.52,849.26,59.26,56.82,Safe
2024-06-14 05:00:00,400.48,52.25,859.85,64.29,55.13,Safe
2024-06-14 06:00:00,474.07,68.26,977.31,93.18,94.12,Warning
2024-06-14 07:00:00,486.2,68.04,933.64,98.15,99.24,Warning
2024-06-14 08:00:00,465.21,65.65,932.65,88.86,83.13,Warning
2024-06-14 09:00:00,553.21,87.51,1057.76,108.96,113.48,Critical
2024-06-14 10:00:00,493.45,75.83,960.73,90.18,89.78,Warning
2024-06-14 11:00:00,600.0,100.0,1100.0,134.33,134.9,Critical
2024-06-14 12:00:00,550.64,89.93,1088.46,131.48,125.49,Critical
2024-06-14 13:00:00,507.97,82.83,1013.51,116.63,120.39,Critical
2024-06-14 14:00:00,564.28,88.06,1028.43,137.63,135.22,Critical
2024-06-14 15:00:00,574.59,94.05,1100.0,126.78,124.59,Critical
2024-06-14 16:00:00,539.16,85.85,1046.75,130.95,132.15,Critical
2024-06-14 17:00:00,586.92,98.64,1095.0,124.47,128.85,Critical
2024-06-14 18:00:00,493.72,66.88,965.79,94.18,102.67,Critical
2024-06-14 19:00:00,481.76,69.2,975.06,97.1,85.8,Warning
2024-06-14 20:00:00,471.78,66.02,922.7,90.03,95.44,Warning
2024-06-14 21:00:00,447.24,61.24,911.67,77.95,94.85,Warning
2024-06-14 22:00:00,438.66,58.72,906.29,77.87,79.25,Safe
2024-06-14 23:00:00,457.26,59.42,897.73,69.36,66.24,Safe
2024-06-15 00:00:00,426.97,57.62,857.5,78.58,87.02,Warning
2024-06-15 01:00:00,378.76,49.79,828.31,59.47,60.5,Safe
2024-06-15 02:00:00,423.87,52.93,834.77,68.84,73.9,Safe
2024-06-15 03:00:00,391.87,46.23,841.99,54.61,46.99,Safe
2024-06-15 04:00:00,447.23,61.43,881.09,76.12,81.88,Warning
2024-06-15 05:00:00,415.07,52.12,864.83,70.2,70.91,Safe
2024-06-15 06:00:00,457.85,65.76,969.1,101.7,98.75,Warning
2024-06-15 07:00:00,474.65,68.59,974.36,82.57,82.17,Warning
2024-06-15 08:00:00,444.12,61.49,867.03,66.03,67.45,Safe
2024-06-15 09:00:00,565.88,93.54,1039.57,131.92,133.88,Critical
2024-06-15 10:00:00,568.73,88.02,1023.02,121.79,115.27,Critical
2024-06-15 11:00:00,575.35,98.78,1068.18,138.09,145.91,Critical
2024-06-15 12:00:00,600.0,95.03,1038.77,134.91,125.39,Critical
2024-06-15 13:00:00,560.08,86.95,1034.51,128.16,123.98,Critical
2024-06-15 14:00:00,509.95,83.71,1034.06,112.1,110.94,Critical
2024-06-15 15:00:00,525.62,82.19,1031.94,105.19,115.96,Critical
2024-06-15 16:00:00,536.84,84.8,1013.56,111.0,114.76,Critical
2024-06-15 17:00:00,533.37,81.97,1003.87,112.63,115.9,Critical
2024-06-15 18:00:00,478.27,73.03,972.97,87.81,86.79,Warning
2024-06-15 19:00:00,534.41,83.49,1015.06,115.7,114.0,Critical
2024-06-15 20:00:00,484.58,71.57,975.68,98.01,98.85,Warning
2024-06-15 21:00:00,487.55,74.47,981.82,97.85,96.75,Warning
2024-06-15 22:00:00,408.29,55.14,867.42,69.58,70.39,Safe
2024-06-15 23:00:00,440.5,56.91,843.7,58.94,63.91,Safe
2024-06-16 00:00:00,358.13,45.47,860.33,45.62,51.95,Safe
2024-06-16 01:00:00,439.45,58.19,875.86,65.61,65.74,Safe
2024-06-16 02:00:00,475.13,65.99,937.82,96.42,91.81,Warning
2024-06-16 03:00:00,420.06,55.78,836.73,86.47,83.23,Warning
2024-06-16 04:00:00,419.61,54.72,873.35,62.22,66.5,Safe
2024-06-16 05:00:00,458.69,60.6,905.21,78.98,68.44,Safe
2024-06-16 06:00:00,507.33,79.3,999.77,102.72,108.34,Critical
2024-06-16 07:00:00,486.3,73.68,1034.7,104.84,103.04,Critical
2024-06-16 08:00:00,462.34,67.32,922.72,83.2,83.56,Warning
2024-06-16 09:00:00,591.59,93.82,1087.15,138.23,139.43,Critical
2024-06-16 10:00:00,600.0,96.16,1092.31,144.59,145.56,Critical
2024-06-16 11:00:00,527.94,86.87,1019.42,108.57,107.99,Critical
2024-06-16 12:00:00,600.0,100.0,1100.0,145.17,153.03,Critical
2024-06-16 13:00:00,556.78,86.33,1028.03,107.52,104.99,Critical
2024-06-16 14:00:00,568.63,86.72,1052.86,123.07,119.23,Critical
2024-06-16 15:00:00,545.19,84.95,1067.89,119.11,120.18,Critical
2024-06-16 16:00:00,599.38,100.0,1100.0,141.09,136.9,Critical
2024-06-16 17:00:00,566.75,87.68,1032.22,121.97,117.96,Critical
2024-06-16 18:00:00,478.34,67.14,958.83,88.04,75.7,Safe
2024-06-16 19:00:00,513.35,70.48,983.13,98.37,102.02,Critical
2024-06-16 20:00:00,499.58,71.54,938.27,98.96,119.72,Critical
2024-06-16 21:00:00,493.79,72.91,954.58,100.63,94.44,Warning
2024-06-16 22:00:00,414.16,57.65,903.11,73.81,75.37,Safe
2024-06-16 23:00:00,430.99,59.78,896.0,71.7,73.08,Safe
2024-06-17 00:00:00,431.46,62.89,893.45,87.48,87.25,Warning
2024-06-17 01:00:00,404.71,51.93,871.55,77.2,80.33,Warning
2024-06-17 02:00:00,460.64,61.92,924.37,73.06,76.87,Safe
2024-06-17 03:00:00,390.67,47.68,831.04,58.58,60.74,Safe
2024-06-17 04:00:00,401.82,46.88,835.75,54.47,48.78,Safe
2024-06-17 05:00:00,434.85,57.53,874.97,80.99,70.71,Safe
2024-06-17 06:00:00,442.64,62.07,886.25,78.95,83.61,Warning
2024-06-17 07:00:00,457.59,64.09,909.51,84.38,89.67,Warning
2024-06-17 08:00:00,469.93,65.83,930.78,92.15,102.51,Critical
2024-06-17 09:00:00,517.63,78.92,962.15,104.55,106.32,Critical
2024-06-17 10:00:00,546.71,86.15,1021.42,133.54,127.85,Critical
2024-06-17 11:00:00,567.19,94.49,1074.38,136.92,136.46,Critical
2024-06-17 12:00:00,584.3,97.59,1100.0,146.52,141.03,Critical
2024-06-17 13:00:00,543.1,77.87,982.47,108.55,113.59,Critical
2024-06-17 14:00:00,600.0,100.0,1072.59,140.37,145.44,Critical
2024-06-17 15:00:00,497.01,79.41,992.44,113.18,115.51,Critical
2024-06-17 16:00:00,554.26,96.85,1071.79,138.83,142.28,Critical
2024-06-17 17:00:00,570.71,92.41,1074.2,121.5,130.25,Critical
2024-06-17 18:00:00,553.43,85.23,1018.72,121.0,116.12,Critical
2024-06-17 19:00:00,473.32,70.15,891.12,93.68,91.62,Warning
2024-06-17 20:00:00,537.5,80.8,1085.22,117.25,123.93,Critical
2024-06-17 21:00:00,499.8,74.74,976.83,105.15,100.52,Critical
2024-06-17 22:00:00,456.72,64.75,925.71,84.68,86.88,Warning
2024-06-17 23:00:00,472.71,65.53,893.74,68.08,70.12,Safe
2024-06-18 00:00:00,370.59,44.51,790.33,39.24,39.72,Safe
2024-06-18 01:00:00,395.19,49.8,846.98,68.37,61.57,Safe
2024-06-18 02:00:00,431.02,55.41,884.45,69.93,65.85,Safe
2024-06-18 03:00:00,414.16,53.65,883.7,69.84,76.58,Safe
2024-06-18 04:00:00,466.2,59.87,904.57,81.08,82.49,Warning
2024-06-18 05:00:00,455.47,61.44,881.11,73.14,72.83,Safe
2024-06-18 06:00:00,476.92,67.03,880.05,83.27,82.95,Warning
2024-06-18 07:00:00,467.87,67.14,933.5,91.85,87.79,Warning
2024-06-18 08:00:00,525.69,78.36,980.05,111.94,118.96,Critical
2024-06-18 09:00:00,537.96,85.62,1000.32,134.86,127.7,Critical
2024-06-18 10:00:00,509.99,76.51,1000.77,102.46,114.66,Critical
2024-06-18 11:00:00,560.85,93.42,1032.44,142.02,140.24,Critical
2024-06-18 12:00:00,564.75,87.55,1051.32,118.38,116.13,Critical
2024-06-18 13:00:00,595.51,97.86,1058.28,142.05,144.37,Critical
2024-06-18 14:00:00,586.76,89.75,1051.7,131.22,138.07,Critical
2024-06-18 15:00:00,594.81,90.33,1072.2,131.48,132.57,Critical
2024-06-18 16:00:00,535.77,81.27,998.92,113.26,109.01,Critical
2024-06-18 17:00:00,575.4,93.61,1100.0,129.64,129.48,Critical
2024-06-18 18:00:00,468.88,70.53,994.84,103.14,88.18,Warning
2024-06-18 19:00:00,486.27,68.4,947.22,86.58,82.71,Warning
2024-06-18 20:00:00,480.34,69.35,958.66,96.65,95.07,Warning
2024-06-18 21:00:00,468.09,65.14,949.04,94.53,87.65,Warning
2024-06-18 22:00:00,473.46,62.31,923.53,96.26,92.7,Warning
2024-06-18 23:00:00,432.5,61.01,914.67,86.41,96.54,Warning
2024-06-19 00:00:00,421.1,58.51,881.02,77.71,69.09,Safe
2024-06-19 01:00:00,392.13,48.86,807.18,51.92,61.28,Safe
2024-06-19 02:00:00,389.94,44.61,792.47,45.97,55.49,Safe
2024-06-19 03:00:00,412.41,51.16,908.21,58.36,55.99,Safe
2024-06-19 04:00:00,422.98,58.88,901.49,65.02,72.56,Safe
2024-06-19 05:00:00,404.43,48.46,836.89,59.92,52.49,Safe
2024-06-19 06:00:00,444.06,65.22,953.89,80.14,87.34,Warning
2024-06-19 07:00:00,441.03,63.19,899.46,90.2,80.39,Warning
2024-06-19 08:00:00,470.5,68.03,952.98,86.83,87.66,Warning
2024-06-19 09:00:00,507.53,78.82,995.8,108.4,106.52,Critical
2024-06-19 10:00:00,600.0,100.0,1100.0,140.88,136.56,Critical
2024-06-19 11:00:00,600.0,100.0,1092.6,131.33,134.96,Critical
2024-06-19 12:00:00,574.52,87.45,1016.03,132.95,126.4,Critical
2024-06-19 13:00:00,549.78,88.31,1023.45,128.01,125.18,Critical
2024-06-19 14:00:00,567.53,92.31,1044.3,135.71,123.48,Critical
2024-06-19 15:00:00,600.0,100.0,1099.93,147.76,151.94,Critical
2024-06-19 16:00:00,598.65,99.98,1065.67,134.69,143.5,Critical
2024-06-19 17:00:00,576.64,88.93,1017.21,119.9,115.89,Critical
2024-06-19 18:00:00,537.93,82.59,1015.93,119.32,111.17,Critical
2024-06-19 19:00:00,433.34,66.57,930.04,96.73,96.07,Warning
2024-06-19 20:00:00,484.73,67.06,939.49,94.63,88.29,Warning
2024-06-19 21:00:00,498.18,71.35,955.76,105.6,104.45,Critical
2024-06-19 22:00:00,446.76,58.36,947.22,75.84,78.08,Safe
2024-06-19 23:00:00,394.21,55.24,878.99,75.78,82.8,Warning
2024-06-20 00:00:00,418.28,56.89,876.11,67.76,76.76,Safe
2024-06-20 01:00:00,409.84,54.52,874.82,69.93,75.67,Safe
2024-06-20 02:00:00,381.46,48.31,863.99,55.75,52.23,Safe
2024-06-20 03:00:00,438.43,53.51,866.46,77.2,87.95,Warning
2024-06-20 04:00:00,384.04,46.05,845.31,63.17,61.02,Safe
2024-06-20 05:00:00,424.89,56.35,890.46,60.5,52.52,Safe
2024-06-20 06:00:00,492.01,71.07,948.96,106.99,106.57,Critical
2024-06-20 07:00:00,508.29,75.08,977.84,122.49,115.22,Critical
2024-06-20 08:00:00,427.47,68.54,977.88,85.39,89.2,Warning
2024-06-20 09:00:00,590.95,100.0,1100.0,140.9,129.46,Critical
2024-06-20 10:00:00,534.86,88.66,1021.61,130.76,123.6,Critical
2024-06-20 11:00:00,566.68,90.27,1044.32,127.92,126.8,Critical
2024-06-20 12:00:00,595.96,100.0,1053.49,139.69,149.59,Critical
2024-06-20 13:00:00,600.0,100.0,1100.0,150.0,146.73,Critical
2024-06-20 14:00:00,494.26,80.84,1033.07,99.18,109.14,Critical
2024-06-20 15:00:00,519.5,80.96,975.29,103.36,96.91,Warning
2024-06-20 16:00:00,532.61,79.25,999.54,114.59,112.58,Critical
2024-06-20 17:00:00,545.61,81.47,1029.03,103.51,108.3,Critical
2024-06-20 18:00:00,529.26,79.8,1023.01,109.74,109.99,Critical
2024-06-20 19:00:00,512.82,82.88,1042.56,111.48,107.57,Critical
2024-06-20 20:00:00,498.87,70.31,910.45,101.95,96.79,Warning
2024-06-20 21:00:00,495.46,71.33,967.76,103.69,107.64,Critical
2024-06-20 22:00:00,440.64,60.57,869.73,63.08,87.39,Warning
2024-06-20 23:00:00,416.97,61.33,884.69,69.7,68.41,Safe
2024-06-21 00:00:00,452.11,59.69,916.51,74.46,78.59,Safe
2024-06-21 01:00:00,388.71,49.25,849.73,57.76,66.92,Safe
2024-06-21 02:00:00,449.33,61.12,921.58,72.39,75.24,Safe
2024-06-21 03:00:00,390.32,47.34,816.26,59.67,64.35,Safe
2024-06-21 04:00:00,433.86,53.08,897.82,65.5,79.61,Safe
2024-06-21 05:00:00,400.12,50.47,867.49,67.67,59.44,Safe
2024-06-21 06:00:00,494.79,73.75,988.31,101.34,99.74,Warning
2024-06-21 07:00:00,482.02,64.98,901.14,79.36,82.61,Warning
2024-06-21 08:00:00,432.14,60.34,927.47,89.9,79.27,Safe
2024-06-21 09:00:00,493.68,70.57,945.89,107.32,102.02,Critical
2024-06-21 10:00:00,582.26,96.26,1067.85,138.09,138.2,Critical
2024-06-21 11:00:00,509.52,80.89,1018.21,109.08,108.32,Critical
2024-06-21 12:00:00,511.34,77.83,1001.98,99.18,96.89,Warning
2024-06-21 13:00:00,569.64,89.99,1031.32,135.3,129.87,Critical
2024-06-21 14:00:00,535.39,79.11,1040.79,120.52,111.29,Critical
2024-06-21 15:00:00,600.0,94.85,1100.0,132.11,139.21,Critical
2024-06-21 16:00:00,583.67,96.95,1098.06,132.84,131.94,Critical
2024-06-21 17:00:00,490.22,76.01,989.52,106.46,96.47,Warning
2024-06-21 18:00:00,496.22,75.17,983.11,93.02,91.26,Warning
2024-06-21 19:00:00,462.98,69.88,915.3,84.87,79.76,Safe
2024-06-21 20:00:00,537.2,85.06,1027.78,110.11,118.29,Critical
2024-06-21 21:00:00,490.58,73.84,971.39,91.85,92.91,Warning
2024-06-21 22:00:00,465.5,63.83,906.48,78.74,89.29,Warning
2024-06-21 23:00:00,431.92,65.7,921.69,90.22,101.83,Critical
2024-06-22 00:00:00,400.05,52.58,810.51,47.29,50.51,Safe
2024-06-22 01:00:00,382.72,48.22,816.96,59.4,65.09,Safe
2024-06-22 02:00:00,434.94,54.58,893.18,74.24,75.42,Safe
2024-06-22 03:00:00,373.29,47.22,874.19,65.13,66.95,Safe
2024-06-22 04:00:00,424.85,55.42,856.35,71.53,68.16,Safe
2024-06-22 05:00:00,386.05,46.96,838.82,53.54,53.67,Safe
2024-06-22 06:00:00,472.16,64.39,946.11,81.63,93.89,Warning
2024-06-22 07:00:00,440.22,57.97,878.41,82.73,78.01,Safe
2024-06-22 08:00:00,496.3,73.65,983.13,105.12,96.66,Warning
2024-06-22 09:00:00,541.39,87.29,1035.71,117.36,122.37,Critical
2024-06-22 10:00:00,520.23,86.54,1058.89,126.79,115.93,Critical
2024-06-22 11:00:00,531.5,82.01,981.84,108.83,114.74,Critical
2024-06-22 12:00:00,600.0,98.69,1069.15,140.03,138.66,Critical
2024-06-22 13:00:00,568.31,97.59,1094.1,131.96,131.48,Critical
2024-06-22 14:00:00,571.33,97.15,1087.87,140.68,128.11,Critical
2024-06-22 15:00:00,500.85,74.33,970.41,93.55,104.0,Critical
2024-06-22 16:00:00,600.0,99.33,1100.0,140.04,140.95,Critical
2024-06-22 17:00:00,586.13,100.0,1079.53,134.87,142.44,Critical
2024-06-22 18:00:00,514.84,80.72,973.47,110.91,107.2,Critical
2024-06-22 19:00:00,463.37,72.27,950.35,97.16,101.14,Critical
2024-06-22 20:00:00,514.4,73.78,960.36,93.23,102.56,Critical
2024-06-22 21:00:00,455.48,68.42,935.86,92.22,93.28,Warning
2024-06-22 22:00:00,464.11,64.13,948.57,75.3,99.64,Warning
2024-06-22 23:00:00,418.43,54.73,890.6,87.7,92.0,Warning
2024-06-23 00:00:00,408.73,47.67,850.08,56.48,53.17,Safe
2024-06-23 01:00:00,410.71,55.45,882.13,77.74,74.77,Safe
2024-06-23 02:00:00,441.78,60.23,891.6,79.31,76.54,Safe
2024-06-23 03:00:00,337.14,40.23,782.36,43.53,65.52,Safe
2024-06-23 04:00:00,377.9,51.26,829.96,49.39,57.64,Safe
2024-06-23 05:00:00,409.19,50.21,835.77,68.68,59.92,Safe
2024-06-23 06:00:00,455.21,70.05,949.31,91.52,89.41,Warning
2024-06-23 07:00:00,456.12,64.83,898.74,87.53,92.61,Warning
2024-06-23 08:00:00,494.28,70.03,953.88,95.35,92.53,Warning
2024-06-23 09:00:00,600.0,100.0,1095.72,143.78,148.87,Critical
2024-06-23 10:00:00,530.06,84.84,1015.46,109.55,101.12,Critical
2024-06-23 11:00:00,549.36,92.9,1090.05,129.07,125.13,Critical
2024-06-23 12:00:00,544.69,84.39,967.82,111.8,132.59,Critical
2024-06-23 13:00:00,572.67,88.47,1033.91,120.31,128.23,Critical
2024-06-23 14:00:00,510.61,79.97,948.1,107.21,103.85,Critical
2024-06-23 15:00:00,525.75,84.25,1026.5,119.2,127.4,Critical
2024-06-23 16:00:00,551.13,89.62,1064.87,128.21,117.95,Critical
2024-06-23 17:00:00,570.56,90.64,1023.48,126.1,112.1,Critical
2024-06-23 18:00:00,501.28,71.02,928.19,99.5,90.88,Warning
2024-06-23 19:00:00,488.25,76.4,944.64,102.15,116.27,Critical
2024-06-23 20:00:00,448.22,67.3,937.9,88.05,92.32,Warning
2024-06-23 21:00:00,494.76,65.5,920.0,91.58,91.15,Warning
2024-06-23 22:00:00,459.4,65.47,921.22,95.51,85.99,Warning
2024-06-23 23:00:00,463.54,65.0,916.9,76.25,79.12,Safe
2024-06-24 00:00:00,412.63,55.58,856.48,65.6,78.93,Safe
2024-06-24 01:00:00,431.46,56.15,905.65,76.55,80.36,Warning
2024-06-24 02:00:00,381.88,42.11,816.54,37.95,53.43,Safe
2024-06-24 03:00:00,408.08,50.97,828.79,73.08,63.47,Safe
2024-06-24 04:00:00,409.05,46.17,815.44,59.3,57.33,Safe
2024-06-24 05:00:00,376.11,45.17,806.66,59.58,61.88,Safe
2024-06-24 06:00:00,452.2,63.97,950.78,94.64,101.24,Critical
2024-06-24 07:00:00,500.56,74.33,987.3,105.79,109.4,Critical
2024-06-24 08:00:00,472.11,66.4,929.22,70.99,71.53,Safe
2024-06-24 09:00:00,600.0,100.0,1100.0,144.18,138.44,Critical
2024-06-24 10:00:00,513.42,82.85,1046.19,116.5,117.79,Critical
2024-06-24 11:00:00,574.46,92.52,1057.52,122.33,103.98,Critical
2024-06-24 12:00:00,593.68,99.73,1089.62,127.07,132.47,Critical
2024-06-24 13:00:00,551.95,90.02,1042.13,128.97,139.65,Critical
2024-06-24 14:00:00,556.13,88.92,1023.64,113.74,123.58,Critical
2024-06-24 15:00:00,578.14,97.9,1100.0,150.0,144.37,Critical
2024-06-24 16:00:00,540.78,89.17,1023.71,124.22,133.41,Critical
2024-06-24 17:00:00,488.38,81.25,1025.35,120.0,123.6,Critical
2024-06-24 18:00:00,483.78,64.83,939.34,89.77,92.94,Warning
2024-06-24 19:00:00,483.86,69.02,938.39,99.05,107.28,Critical
2024-06-24 20:00:00,500.25,75.47,1017.17,105.64,112.34,Critical
2024-06-24 21:00:00,478.94,72.07,926.05,102.34,108.39,Critical
2024-06-24 22:00:00,371.74,53.0,863.25,45.15,55.94,Safe
2024-06-24 23:00:00,424.48,58.67,882.59,80.87,60.93,Safe
2024-06-25 00:00:00,412.02,50.5,873.63,70.14,71.96,Safe
2024-06-25 01:00:00,410.15,49.24,853.98,61.08,56.22,Safe
2024-06-25 02:00:00,426.27,54.32,833.6,64.07,60.73,Safe
2024-06-25 03:00:00,400.06,49.46,874.57,60.13,49.93,Safe
2024-06-25 04:00:00,420.37,50.53,863.33,67.46,64.36,Safe
2024-06-25 05:00:00,394.2,49.7,825.72,68.8,64.11,Safe
2024-06-25 06:00:00,459.39,61.05,897.56,76.6,92.42,Warning
2024-06-25 07:00:00,449.14,63.63,889.55,67.74,77.0,Safe
2024-06-25 08:00:00,477.42,72.44,958.44,116.25,112.56,Critical
2024-06-25 09:00:00,549.68,90.94,1058.0,132.11,133.48,Critical
2024-06-25 10:00:00,519.22,83.53,1010.29,110.79,108.2,Critical
2024-06-25 11:00:00,549.27,85.01,1015.14,128.59,122.52,Critical
2024-06-25 12:00:00,589.6,100.0,1064.52,147.09,158.81,Critical
2024-06-25 13:00:00,585.54,100.0,1100.0,145.2,148.87,Critical
2024-06-25 14:00:00,592.91,95.73,1036.31,130.88,127.82,Critical
2024-06-25 15:00:00,505.91,75.33,977.33,108.72,104.84,Critical
2024-06-25 16:00:00,555.72,85.56,988.22,127.42,127.68,Critical
2024-06-25 17:00:00,559.66,88.12,1041.71,110.8,117.87,Critical
2024-06-25 18:00:00,479.66,72.55,962.62,98.78,91.45,Warning
2024-06-25 19:00:00,504.23,75.79,987.82,106.58,110.31,Critical
2024-06-25 20:00:00,455.43,63.42,936.07,86.85,88.34,Warning
2024-06-25 21:00:00,465.13,69.5,970.55,93.49,87.0,Warning
2024-06-25 22:00:00,444.62,65.02,889.68,91.49,93.67,Warning
2024-06-25 23:00:00,396.95,51.62,856.82,61.23,53.66,Safe
2024-06-26 00:00:00,423.07,48.64,887.44,65.34,46.92,Safe
2024-06-26 01:00:00,379.82,46.4,834.62,57.62,62.82,Safe
2024-06-26 02:00:00,429.14,52.97,846.56,65.89,62.54,Safe
2024-06-26 03:00:00,413.0,54.89,872.7,57.49,68.33,Safe
2024-06-26 04:00:00,425.76,53.33,858.21,69.63,75.64,Safe
2024-06-26 05:00:00,393.03,45.1,799.62,55.28,58.07,Safe
2024-06-26 06:00:00,476.18,65.71,947.67,86.93,84.53,Warning
2024-06-26 07:00:00,472.63,66.8,946.86,89.25,91.89,Warning
2024-06-26 08:00:00,524.44,76.29,952.09,79.47,88.43,Warning
2024-06-26 09:00:00,591.66,96.59,1080.9,147.62,141.96,Critical
2024-06-26 10:00:00,583.87,89.97,1037.39,135.99,133.01,Critical
2024-06-26 11:00:00,478.6,75.32,941.36,87.23,86.95,Warning
2024-06-26 12:00:00,548.8,85.98,998.77,113.46,110.02,Critical
2024-06-26 13:00:00,587.89,95.98,1052.05,146.84,155.06,Critical
2024-06-26 14:00:00,534.89,87.0,1033.71,110.92,111.41,Critical
2024-06-26 15:00:00,542.39,83.57,1007.78,120.42,121.71,Critical
2024-06-26 16:00:00,532.58,88.36,1020.7,116.32,120.64,Critical
2024-06-26 17:00:00,503.4,78.14,982.08,109.03,110.59,Critical
2024-06-26 18:00:00,465.33,73.33,983.1,97.56,92.22,Warning
2024-06-26 19:00:00,463.02,60.3,909.35,79.11,75.64,Safe
2024-06-26 20:00:00,477.04,70.07,972.39,98.26,97.47,Warning
2024-06-26 21:00:00,529.14,74.7,968.48,101.16,107.52,Critical
2024-06-26 22:00:00,428.24,54.25,906.51,57.62,78.1,Safe
2024-06-26 23:00:00,448.99,60.68,911.06,72.7,71.67,Safe
2024-06-27 00:00:00,420.99,57.3,875.74,63.39,52.76,Safe
2024-06-27 01:00:00,412.87,56.88,886.44,58.25,61.41,Safe
2024-06-27 02:00:00,401.88,48.64,815.74,61.47,62.08,Safe
2024-06-27 03:00:00,430.88,57.97,883.11,72.58,72.45,Safe
2024-06-27 04:00:00,400.13,54.72,883.06,70.34,74.97,Safe
2024-06-27 05:00:00,375.28,49.13,859.11,62.51,59.9,Safe
2024-06-27 06:00:00,470.06,70.87,945.33,99.42,102.27,Critical
2024-06-27 07:00:00,492.09,66.65,993.4,98.56,90.12,Warning
2024-06-27 08:00:00,462.75,57.94,885.91,70.1,73.93,Safe
2024-06-27 09:00:00,563.55,90.17,1013.93,129.74,120.53,Critical
2024-06-27 10:00:00,523.77,80.42,1028.79,114.71,114.71,Critical
2024-06-27 11:00:00,529.65,83.59,1031.31,134.01,122.84,Critical
2024-06-27 12:00:00,532.76,86.46,1037.4,119.73,126.27,Critical
2024-06-27 13:00:00,553.65,83.6,1007.77,121.03,126.76,Critical
2024-06-27 14:00:00,556.75,82.63,1021.8,117.59,120.77,Critical
2024-06-27 15:00:00,549.33,90.46,1087.92,128.48,120.29,Critical
2024-06-27 16:00:00,577.68,94.71,1077.99,134.36,154.13,Critical
2024-06-27 17:00:00,593.7,100.0,1067.66,136.83,152.2,Critical
2024-06-27 18:00:00,504.76,77.66,912.33,102.74,96.94,Warning
2024-06-27 19:00:00,477.44,65.21,934.51,93.77,97.94,Warning
2024-06-27 20:00:00,445.99,66.09,908.76,80.86,83.88,Warning
2024-06-27 21:00:00,532.13,81.4,1004.81,120.02,117.79,Critical
2024-06-27 22:00:00,472.84,65.66,910.5,92.9,82.07,Warning
2024-06-27 23:00:00,414.25,54.06,850.92,59.67,61.52,Safe
2024-06-28 00:00:00,401.9,47.35,819.91,49.96,62.37,Safe
2024-06-28 01:00:00,434.71,58.16,875.95,77.74,57.49,Safe
2024-06-28 02:00:00,448.52,57.87,906.43,72.7,70.68,Safe
2024-06-28 03:00:00,366.73,47.01,847.67,46.46,52.07,Safe
2024-06-28 04:00:00,400.68,51.39,830.37,75.32,77.52,Safe
2024-06-28 05:00:00,400.03,50.26,827.72,52.66,60.74,Safe
2024-06-28 06:00:00,430.19,66.9,942.84,72.87,79.81,Safe
2024-06-28 07:00:00,442.08,64.32,944.76,78.14,78.15,Safe
2024-06-28 08:00:00,495.61,76.75,1006.57,106.96,106.28,Critical
2024-06-28 09:00:00,592.67,94.85,1052.19,135.46,137.79,Critical
2024-06-28 10:00:00,590.1,100.0,1100.0,150.0,148.27,Critical
2024-06-28 11:00:00,525.23,84.17,981.77,107.33,101.66,Critical
2024-06-28 12:00:00,546.0,83.64,1013.74,119.33,128.31,Critical
2024-06-28 13:00:00,530.51,88.29,1052.16,130.87,120.64,Critical
2024-06-28 14:00:00,522.84,87.96,994.07,111.88,108.06,Critical
2024-06-28 15:00:00,553.54,89.65,1094.29,133.91,129.94,Critical
2024-06-28 16:00:00,562.21,95.62,1100.0,120.08,122.79,Critical
2024-06-28 17:00:00,576.02,98.94,1100.0,150.0,151.07,Critical
2024-06-28 18:00:00,470.55,65.63,906.92,94.62,100.95,Critical
2024-06-28 19:00:00,457.86,61.4,905.5,76.02,70.42,Safe
2024-06-28 20:00:00,482.48,67.86,956.69,99.62,110.35,Critical
2024-06-28 21:00:00,490.68,68.79,919.25,103.01,101.79,Critical
2024-06-28 22:00:00,460.18,60.7,899.53,70.48,66.51,Safe
2024-06-28 23:00:00,415.36,61.29,926.48,72.73,70.24,Safe
2024-06-29 00:00:00,409.39,50.77,820.97,72.31,72.99,Safe
2024-06-29 01:00:00,414.99,55.6,885.31,70.72,71.53,Safe
2024-06-29 02:00:00,411.3,55.44,838.6,70.29,67.18,Safe
2024-06-29 03:00:00,435.49,56.91,863.79,73.02,68.7,Safe
2024-06-29 04:00:00,414.78,59.75,887.65,80.95,80.16,Warning
2024-06-29 05:00:00,411.8,59.08,906.7,78.14,68.1,Safe
2024-06-29 06:00:00,477.35,67.12,920.18,90.39,91.92,Warning
2024-06-29 07:00:00,493.67,71.71,961.31,81.06,82.28,Warning
2024-06-29 08:00:00,480.71,69.7,933.38,98.05,94.63,Warning
2024-06-29 09:00:00,564.6,94.23,1059.48,137.25,135.48,Critical
2024-06-29 10:00:00,590.17,94.94,1100.0,127.6,120.8,Critical
2024-06-29 11:00:00,590.8,95.32,1051.29,125.62,133.38,Critical
2024-06-29 12:00:00,570.79,92.4,1078.7,135.9,139.34,Critical
2024-06-29 13:00:00,563.24,94.93,1074.63,134.31,122.17,Critical
2024-06-29 14:00:00,550.45,89.1,1032.84,107.96,101.42,Critical
2024-06-29 15:00:00,599.29,96.89,1057.66,131.15,127.42,Critical
2024-06-29 16:00:00,600.0,98.78,1068.68,142.59,151.04,Critical
2024-06-29 17:00:00,547.79,88.09,1024.2,127.48,133.67,Critical
2024-06-29 18:00:00,523.22,81.68,1005.1,107.85,108.34,Critical
2024-06-29 19:00:00,475.98,69.56,961.08,92.73,88.15,Warning
2024-06-29 20:00:00,514.93,77.77,982.24,99.8,105.59,Critical
2024-06-29 21:00:00,484.27,73.1,960.37,108.46,100.52,Critical
2024-06-29 22:00:00,356.6,49.28,844.55,56.75,54.51,Safe
2024-06-29 23:00:00,438.9,55.55,888.24,67.84,78.72,Safe
2024-06-30 00:00:00,468.29,60.79,918.14,73.7,69.56,Safe
2024-06-30 01:00:00,425.75,58.58,862.39,62.49,61.68,Safe
2024-06-30 02:00:00,406.59,55.38,870.69,82.6,88.93,Warning
2024-06-30 03:00:00,404.6,51.63,885.15,64.16,81.42,Warning
2024-06-30 04:00:00,395.93,49.64,819.25,55.66,49.59,Safe
2024-06-30 05:00:00,385.74,42.95,816.38,50.07,43.63,Safe
2024-06-30 06:00:00,463.4,65.66,924.54,81.85,85.24,Warning
2024-06-30 07:00:00,461.38,68.12,928.13,88.1,79.91,Safe
2024-06-30 08:00:00,437.42,63.97,954.85,84.44,76.41,Safe
2024-06-30 09:00:00,600.0,100.0,1100.0,143.12,147.42,Critical
2024-06-30 10:00:00,524.31,78.98,1028.15,101.64,108.33,Critical
2024-06-30 11:00:00,600.0,99.15,1095.87,149.17,140.31,Critical
2024-06-30 12:00:00,519.45,83.25,1026.38,110.26,106.45,Critical
2024-06-30 13:00:00,531.3,76.39,969.25,101.57,106.21,Critical
2024-06-30 14:00:00,575.59,100.0,1087.55,133.69,136.18,Critical
2024-06-30 15:00:00,532.61,80.67,1012.36,104.8,99.06,Warning
2024-06-30 16:00:00,565.15,97.97,1099.26,139.19,154.74,Critical
2024-06-30 17:00:00,501.66,78.18,1004.06,114.06,113.04,Critical
2024-06-30 18:00:00,471.37,62.38,920.19,79.01,83.74,Warning
2024-06-30 19:00:00,504.92,73.32,937.2,84.4,90.41,Warning
2024-06-30 20:00:00,523.07,82.68,995.66,104.57,104.27,Critical
2024-06-30 21:00:00,446.02,63.32,935.3,79.88,84.31,Warning
2024-06-30 22:00:00,410.85,52.36,818.71,53.08,56.12,Safe
2024-06-30 23:00:00,485.32,69.53,954.09,89.79,88.86,Warning
2024-07-01 00:00:00,388.88,42.84,811.74,47.37,55.86,Safe
2024-07-01 01:00:00,428.25,58.66,911.99,75.85,69.07,Safe
2024-07-01 02:00:00,402.16,56.18,890.07,57.78,51.89,Safe
2024-07-01 03:00:00,403.32,50.28,836.79,65.98,73.65,Safe
2024-07-01 04:00:00,399.88,51.57,842.24,75.64,84.83,Warning
2024-07-01 05:00:00,355.47,43.42,805.6,59.33,48.29,Safe
2024-07-01 06:00:00,468.61,66.11,943.31,84.35,92.44,Warning
2024-07-01 07:00:00,475.06,69.51,896.9,95.25,84.95,Warning
2024-07-01 08:00:00,491.17,71.72,962.06,102.03,109.77,Critical
2024-07-01 09:00:00,527.6,85.03,1005.72,115.58,124.0,Critical
2024-07-01 10:00:00,548.57,85.44,1031.4,121.75,130.0,Critical
2024-07-01 11:00:00,520.8,84.81,1031.63,121.95,119.3,Critical
2024-07-01 12:00:00,541.57,88.29,1004.88,127.39,117.71,Critical
2024-07-01 13:00:00,541.36,86.19,1025.96,113.29,104.63,Critical
2024-07-01 14:00:00,557.19,83.2,1019.42,124.73,132.92,Critical
2024-07-01 15:00:00,593.39,95.6,1079.93,150.0,144.79,Critical
2024-07-01 16:00:00,597.6,95.63,1075.46,144.58,146.85,Critical
2024-07-01 17:00:00,576.2,89.09,1018.59,138.28,135.79,Critical
2024-07-01 18:00:00,537.4,71.74,935.19,80.91,81.92,Warning
2024-07-01 19:00:00,521.18,80.15,970.43,113.66,116.1,Critical
2024-07-01 20:00:00,529.77,77.47,999.54,111.51,122.75,Critical
2024-07-01 21:00:00,476.26,65.52,925.06,96.56,100.45,Critical
2024-07-01 22:00:00,424.94,52.75,862.61,58.58,57.2,Safe
2024-07-01 23:00:00,437.76,53.23,828.63,63.45,65.82,Safe
2024-07-02 00:00:00,393.73,49.9,848.76,67.79,71.04,Safe
2024-07-02 01:00:00,422.86,57.46,901.24,65.18,69.37,Safe
2024-07-02 02:00:00,387.8,45.83,788.63,54.75,47.72,Safe
2024-07-02 03:00:00,399.6,50.54,840.92,61.23,46.33,Safe
2024-07-02 04:00:00,381.22,44.19,786.4,48.92,46.73,Safe
2024-07-02 05:00:00,431.88,52.5,853.25,72.23,71.5,Safe
2024-07-02 06:00:00,466.19,68.22,921.28,80.28,94.66,Warning
2024-07-02 07:00:00,493.05,74.33,980.03,94.91,107.17,Critical
2024-07-02 08:00:00,499.64,74.3,975.22,100.51,96.21,Warning
2024-07-02 09:00:00,529.72,83.23,1044.56,107.38,110.41,Critical
2024-07-02 10:00:00,511.04,84.46,1021.11,124.23,117.61,Critical
2024-07-02 11:00:00,559.76,91.97,1067.3,122.99,108.08,Critical
2024-07-02 12:00:00,577.06,91.86,1047.03,136.44,149.96,Critical
2024-07-02 13:00:00,600.0,98.64,1068.93,132.98,136.21,Critical
2024-07-02 14:00:00,583.84,100.0,1100.0,146.69,142.5,Critical
2024-07-02 15:00:00,526.33,85.64,1055.55,106.42,102.29,Critical
2024-07-02 16:00:00,557.82,89.35,1062.27,137.89,131.42,Critical
2024-07-02 17:00:00,502.18,82.81,1016.94,120.75,115.24,Critical
2024-07-02 18:00:00,464.93,67.79,917.52,84.04,76.86,Safe
2024-07-02 19:00:00,486.26,77.64,1013.32,98.54,112.23,Critical
2024-07-02 20:00:00,477.93,64.69,936.2,92.17,94.63,Warning
2024-07-02 21:00:00,475.99,71.69,1003.0,86.03,94.15,Warning
2024-07-02 22:00:00,485.38,65.56,902.4,88.39,88.28,Warning
2024-07-02 23:00:00,415.19,49.9,868.48,57.89,58.9,Safe
2024-07-03 00:00:00,430.27,59.83,911.23,75.13,77.46,Safe
2024-07-03 01:00:00,397.15,53.04,857.68,59.05,68.4,Safe
2024-07-03 02:00:00,417.61,55.08,905.4,64.87,69.97,Safe
2024-07-03 03:00:00,379.37,45.21,834.9,67.69,53.74,Safe
2024-07-03 04:00:00,442.65,59.45,876.64,82.49,67.71,Safe
2024-07-03 05:00:00,393.93,51.2,853.4,50.16,61.67,Safe
2024-07-03 06:00:00,466.25,63.95,898.88,77.23,81.08,Warning
2024-07-03 07:00:00,485.71,70.5,942.19,101.6,100.34,Critical
2024-07-03 08:00:00,463.71,67.12,951.08,97.51,90.35,Warning
2024-07-03 09:00:00,491.43,75.35,998.51,91.85,97.82,Warning
2024-07-03 10:00:00,562.33,91.23,1061.02,134.28,127.69,Critical
2024-07-03 11:00:00,562.4,93.46,1050.8,132.1,134.26,Critical
2024-07-03 12:00:00,581.3,95.12,1084.0,120.11,121.35,Critical
2024-07-03 13:00:00,600.0,100.0,1100.0,139.77,142.45,Critical
2024-07-03 14:00:00,600.0,100.0,1056.61,139.31,136.99,Critical
2024-07-03 15:00:00,571.97,86.81,1036.61,125.01,120.07,Critical
2024-07-03 16:00:00,598.15,100.0,1095.82,131.96,136.36,Critical
2024-07-03 17:00:00,562.34,87.07,1056.33,118.77,115.55,Critical
2024-07-03 18:00:00,463.77,65.14,934.19,82.09,83.43,Warning
2024-07-03 19:00:00,495.34,74.67,984.01,97.67,102.31,Critical
2024-07-03 20:00:00,497.41,74.77,963.25,96.89,88.98,Warning
2024-07-03 21:00:00,499.26,75.02,975.14,101.13,108.49,Critical
2024-07-03 22:00:00,463.96,65.01,945.81,90.16,86.11,Warning
2024-07-03 23:00:00,403.41,54.21,869.62,80.86,79.0,Safe
2024-07-04 00:00:00,368.21,47.18,839.74,61.64,68.23,Safe
2024-07-04 01:00:00,437.64,57.12,851.81,82.71,83.39,Warning
2024-07-04 02:00:00,458.89,61.58,906.39,77.95,87.93,Warning
2024-07-04 03:00:00,424.24,53.45,822.99,57.69,65.9,Safe
2024-07-04 04:00:00,397.01,48.71,832.19,65.39,52.19,Safe
2024-07-04 05:00:00,411.42,50.17,852.25,63.02,55.95,Safe
2024-07-04 06:00:00,491.51,70.38,968.77,102.77,111.12,Critical
2024-07-04 07:00:00,480.91,67.47,915.37,82.92,80.35,Warning
2024-07-04 08:00:00,449.69,65.43,935.37,90.89,89.8,Warning
2024-07-04 09:00:00,486.8,75.54,1010.01,101.82,100.49,Critical
2024-07-04 10:00:00,570.16,93.9,1055.4,127.87,123.77,Critical
2024-07-04 11:00:00,522.84,80.77,969.81,106.65,109.72,Critical
2024-07-04 12:00:00,505.69,77.27,992.73,109.85,126.74,Critical
2024-07-04 13:00:00,563.97,97.56,1061.58,140.49,138.37,Critical
2024-07-04 14:00:00,534.06,77.49,969.43,105.19,124.32,Critical
2024-07-04 15:00:00,578.28,95.53,1097.96,139.23,132.83,Critical
2024-07-04 16:00:00,514.38,77.99,1031.24,112.62,122.27,Critical
2024-07-04 17:00:00,600.0,100.0,1077.98,147.59,149.04,Critical
2024-07-04 18:00:00,471.29,76.03,963.93,106.91,98.85,Warning
2024-07-04 19:00:00,471.44,69.65,938.57,106.58,110.1,Critical
2024-07-04 20:00:00,460.38,66.45,920.2,83.22,75.08,Safe
2024-07-04 21:00:00,506.57,77.82,1031.63,120.51,125.97,Critical
2024-07-04 22:00:00,413.77,54.05,858.58,68.05,80.09,Warning
2024-07-04 23:00:00,450.06,57.45,878.72,66.8,65.7,Safe
2024-07-05 00:00:00,435.83,56.6,918.56,70.32,77.11,Safe
2024-07-05 01:00:00,432.13,54.68,886.09,75.23,82.48,Warning
2024-07-05 02:00:00,445.58,61.23,927.84,86.98,94.57,Warning
2024-07-05 03:00:00,371.73,47.83,819.22,46.29,48.78,Safe
2024-07-05 04:00:00,355.52,46.16,819.14,44.94,45.14,Safe
2024-07-05 05:00:00,367.75,47.29,813.58,48.88,56.75,Safe
2024-07-05 06:00:00,505.12,75.02,992.73,97.04,106.13,Critical
2024-07-05 07:00:00,492.84,73.1,992.46,85.78,89.02,Warning
2024-07-05 08:00:00,477.66,70.15,937.55,75.45,87.87,Warning
2024-07-05 09:00:00,511.32,79.12,987.59,104.81,103.51,Critical
2024-07-05 10:00:00,578.84,87.67,1031.3,127.87,132.89,Critical
2024-07-05 11:00:00,526.44,84.49,988.41,119.54,121.36,Critical
2024-07-05 12:00:00,575.43,90.61,1038.23,117.47,111.94,Critical
2024-07-05 13:00:00,522.03,80.5,1019.51,101.48,103.63,Critical
2024-07-05 14:00:00,539.19,85.01,1005.79,113.09,112.5,Critical
2024-07-05 15:00:00,593.15,94.17,1072.9,135.62,134.98,Critical
2024-07-05 16:00:00,581.84,90.34,1022.92,136.06,136.95,Critical
2024-07-05 17:00:00,537.85,85.3,1023.33,124.19,141.92,Critical
2024-07-05 18:00:00,522.87,77.92,977.21,104.67,101.2,Critical
2024-07-05 19:00:00,523.93,79.71,971.67,111.81,103.28,Critical
2024-07-05 20:00:00,471.14,67.76,956.19,84.76,81.55,Warning
2024-07-05 21:00:00,472.9,67.51,956.18,92.1,91.58,Warning
2024-07-05 22:00:00,397.33,51.74,837.37,61.4,60.02,Safe
2024-07-05 23:00:00,458.71,65.75,923.99,97.61,98.52,Warning
2024-07-06 00:00:00,413.79,55.48,878.38,73.46,77.85,Safe
2024-07-06 01:00:00,410.54,49.48,807.48,53.61,54.56,Safe
2024-07-06 02:00:00,407.95,52.32,830.86,57.19,59.62,Safe
2024-07-06 03:00:00,373.83,48.0,868.3,55.09,55.12,Safe
2024-07-06 04:00:00,382.27,48.1,817.07,43.27,49.03,Safe
2024-07-06 05:00:00,338.25,45.76,856.48,49.03,56.55,Safe
2024-07-06 06:00:00,444.48,62.85,884.65,78.69,81.91,Warning
2024-07-06 07:00:00,467.57,66.76,948.29,93.48,98.49,Warning
2024-07-06 08:00:00,459.65,65.39,920.1,90.84,99.87,Warning
2024-07-06 09:00:00,600.0,98.25,1087.49,141.55,132.88,Critical
2024-07-06 10:00:00,585.25,94.3,1100.0,123.35,128.96,Critical
2024-07-06 11:00:00,506.27,74.71,945.96,91.25,91.13,Warning
2024-07-06 12:00:00,571.51,98.63,1100.0,133.58,153.96,Critical
2024-07-06 13:00:00,590.62,98.93,1100.0,146.18,142.04,Critical
2024-07-06 14:00:00,519.63,81.61,1081.85,121.58,116.52,Critical
2024-07-06 15:00:00,516.27,81.82,985.4,108.63,116.5,Critical
2024-07-06 16:00:00,588.8,100.0,1086.23,150.0,148.51,Critical
2024-07-06 17:00:00,542.73,92.01,1078.0,140.51,144.48,Critical
2024-07-06 18:00:00,501.58,79.86,994.89,117.68,109.73,Critical
2024-07-06 19:00:00,484.08,67.96,929.61,97.24,100.48,Critical
2024-07-06 20:00:00,492.32,73.58,988.97,104.63,101.27,Critical
2024-07-06 21:00:00,459.95,66.76,927.94,90.7,84.8,Warning
2024-07-06 22:00:00,428.12,57.05,865.63,57.36,65.91,Safe
2024-07-06 23:00:00,423.82,51.87,875.33,59.06,63.07,Safe
2024-07-07 00:00:00,427.02,56.74,891.96,71.21,67.24,Safe
2024-07-07 01:00:00,389.65,45.52,820.72,55.72,51.54,Safe
2024-07-07 02:00:00,422.43,58.57,884.92,72.58,63.91,Safe
2024-07-07 03:00:00,444.98,63.41,896.92,83.29,80.98,Warning
2024-07-07 04:00:00,439.92,58.74,909.65,60.47,65.11,Safe
2024-07-07 05:00:00,426.46,49.99,842.03,68.23,69.84,Safe
2024-07-07 06:00:00,468.06,62.01,893.11,82.96,85.08,Warning
2024-07-07 07:00:00,473.08,66.23,902.87,85.74,76.99,Safe
2024-07-07 08:00:00,523.56,80.36,1010.43,119.18,108.39,Critical
2024-07-07 09:00:00,600.0,98.5,1081.31,132.24,135.09,Critical
2024-07-07 10:00:00,540.09,82.24,966.92,110.83,111.29,Critical
2024-07-07 11:00:00,502.01,83.53,991.18,112.99,106.89,Critical
2024-07-07 12:00:00,585.24,100.0,1094.86,134.1,141.23,Critical
2024-07-07 13:00:00,512.29,76.89,979.93,89.6,90.12,Warning
2024-07-07 14:00:00,548.9,93.48,1062.04,119.82,127.44,Critical
2024-07-07 15:00:00,482.99,73.89,961.03,97.91,104.99,Critical
2024-07-07 16:00:00,528.2,84.5,990.03,112.62,114.35,Critical
2024-07-07 17:00:00,596.41,100.0,1080.76,141.27,130.64,Critical
2024-07-07 18:00:00,511.5,78.88,1020.44,104.38,102.14,Critical
2024-07-07 19:00:00,511.79,78.96,1017.6,99.09,113.16,Critical
2024-07-07 20:00:00,531.55,80.0,1012.71,113.64,112.41,Critical
2024-07-07 21:00:00,525.53,82.31,1022.32,113.03,127.41,Critical
2024-07-07 22:00:00,420.86,56.56,902.7,77.84,67.27,Safe
2024-07-07 23:00:00,404.35,55.81,854.39,61.24,53.75,Safe
2024-07-08 00:00:00,456.54,60.55,903.47,64.29,65.23,Safe
2024-07-08 01:00:00,403.2,53.15,841.1,43.19,48.74,Safe
2024-07-08 02:00:00,401.02,54.06,846.04,61.62,57.93,Safe
2024-07-08 03:00:00,384.9,45.48,835.5,56.0,49.62,Safe
2024-07-08 04:00:00,401.1,52.96,885.63,64.43,57.34,Safe
2024-07-08 05:00:00,373.56,45.23,821.89,48.06,48.07,Safe
2024-07-08 06:00:00,482.26,69.66,984.58,83.43,86.28,Warning
2024-07-08 07:00:00,481.35,71.48,962.06,81.13,92.09,Warning
2024-07-08 08:00:00,478.32,61.49,890.36,86.02,73.98,Safe
2024-07-08 09:00:00,595.11,99.04,1071.29,138.05,137.84,Critical
2024-07-08 10:00:00,526.17,79.38,1019.3,108.86,100.57,Critical
2024-07-08 11:00:00,564.98,98.04,1093.03,124.38,138.55,Critical
2024-07-08 12:00:00,497.27,77.33,1001.52,97.76,115.06,Critical
2024-07-08 13:00:00,569.34,96.14,1022.22,131.73,124.12,Critical
2024-07-08 14:00:00,586.64,100.0,1100.0,143.67,160.0,Critical
2024-07-08 15:00:00,591.34,96.38,1070.64,135.81,135.48,Critical
2024-07-08 16:00:00,598.3,95.95,1049.09,147.33,152.7,Critical
2024-07-08 17:00:00,582.62,94.45,1070.87,129.85,133.4,Critical
2024-07-08 18:00:00,458.47,65.41,951.07,97.97,98.05,Warning
2024-07-08 19:00:00,462.57,67.85,989.11,94.26,92.12,Warning
2024-07-08 20:00:00,521.71,76.53,987.98,107.8,112.69,Critical
2024-07-08 21:00:00,528.64,74.91,958.95,112.11,108.93,Critical
2024-07-08 22:00:00,468.45,66.64,916.27,82.84,90.19,Warning
2024-07-08 23:00:00,438.15,56.25,902.44,71.9,64.29,Safe
2024-07-09 00:00:00,411.13,51.58,835.97,53.55,64.56,Safe
2024-07-09 01:00:00,461.94,62.84,927.89,92.0,97.84,Warning
2024-07-09 02:00:00,396.74,53.26,872.76,67.93,68.23,Safe
2024-07-09 03:00:00,404.65,52.87,868.38,74.38,72.73,Safe
2024-07-09 04:00:00,405.26,49.93,815.15,61.62,57.52,Safe
2024-07-09 05:00:00,449.37,58.1,882.65,85.09,78.95,Safe
2024-07-09 06:00:00,472.59,71.01,922.97,86.47,94.1,Warning
2024-07-09 07:00:00,474.65,75.78,965.96,107.23,106.88,Critical
2024-07-09 08:00:00,488.54,73.88,989.58,97.62,104.53,Critical
2024-07-09 09:00:00,600.0,100.0,1100.0,143.02,150.82,Critical
2024-07-09 10:00:00,577.83,100.0,1100.0,146.17,141.38,Critical
2024-07-09 11:00:00,553.36,92.46,1049.75,146.6,138.18,Critical
2024-07-09 12:00:00,512.22,77.51,1022.49,115.26,111.37,Critical
2024-07-09 13:00:00,588.42,97.51,1074.71,145.29,142.17,Critical
2024-07-09 14:00:00,558.24,87.48,1012.41,117.73,109.7,Critical
2024-07-09 15:00:00,517.76,83.74,1034.02,116.61,114.2,Critical
2024-07-09 16:00:00,513.45,79.5,1007.57,108.88,103.42,Critical
2024-07-09 17:00:00,581.17,91.11,1043.61,141.06,147.98,Critical
2024-07-09 18:00:00,486.46,75.79,981.15,100.5,117.67,Critical
2024-07-09 19:00:00,529.4,77.18,995.63,119.5,111.34,Critical
2024-07-09 20:00:00,460.54,68.87,948.83,80.32,81.79,Warning
2024-07-09 21:00:00,526.17,78.57,1002.95,121.29,128.31,Critical
2024-07-09 22:00:00,440.62,61.46,896.17,71.99,105.8,Critical
2024-07-09 23:00:00,417.01,58.26,902.88,80.57,90.38,Warning
2024-07-10 00:00:00,399.88,51.71,858.94,56.56,47.97,Safe
2024-07-10 01:00:00,398.31,47.67,827.97,62.94,69.02,Safe
2024-07-10 02:00:00,428.34,57.11,880.14,65.05,67.89,Safe
2024-07-10 03:00:00,459.38,60.93,902.5,89.36,90.92,Warning
2024-07-10 04:00:00,401.5,45.35,794.95,61.19,58.44,Safe
2024-07-10 05:00:00,367.4,45.99,815.94,47.33,49.51,Safe
2024-07-10 06:00:00,473.53,72.78,965.33,101.23,104.23,Critical
2024-07-10 07:00:00,449.57,66.96,905.08,92.75,93.12,Warning
2024-07-10 08:00:00,426.57,59.79,885.31,67.74,71.8,Safe
2024-07-10 09:00:00,558.46,85.75,1081.21,116.5,112.43,Critical
2024-07-10 10:00:00,594.25,96.6,1058.16,128.34,128.7,Critical
2024-07-10 11:00:00,592.37,100.0,1091.56,131.87,138.3,Critical
2024-07-10 12:00:00,527.68,81.96,991.46,103.87,112.67,Critical
2024-07-10 13:00:00,600.0,98.03,1087.58,147.98,145.36,Critical
2024-07-10 14:00:00,570.95,86.06,1012.37,126.87,125.69,Critical
2024-07-10 15:00:00,546.95,85.83,1023.8,106.45,109.91,Critical
2024-07-10 16:00:00,474.77,78.0,974.19,97.64,91.8,Warning
2024-07-10 17:00:00,594.16,97.5,1100.0,130.91,132.61,Critical
2024-07-10 18:00:00,530.45,79.34,998.5,117.9,107.03,Critical
2024-07-10 19:00:00,469.98,66.71,911.48,84.19,74.81,Safe
2024-07-10 20:00:00,544.49,83.58,1036.4,106.21,112.83,Critical
2024-07-10 21:00:00,529.36,81.09,984.37,112.87,111.45,Critical
2024-07-10 22:00:00,439.07,64.09,886.04,85.18,84.55,Warning
2024-07-10 23:00:00,414.43,56.71,883.48,63.31,60.46,Safe
2024-07-11 00:00:00,392.58,49.27,888.31,60.17,60.23,Safe
2024-07-11 01:00:00,411.32,49.1,805.29,52.19,59.95,Safe
2024-07-11 02:00:00,391.68,50.6,823.72,69.39,63.73,Safe
2024-07-11 03:00:00,405.98,49.9,866.06,59.65,56.26,Safe
2024-07-11 04:00:00,385.17,45.23,812.02,47.61,35.47,Safe
2024-07-11 05:00:00,426.09,50.97,868.31,66.14,60.43,Safe
2024-07-11 06:00:00,463.7,66.07,911.93,84.86,88.0,Warning
2024-07-11 07:00:00,424.71,62.32,914.72,84.33,85.13,Warning
2024-07-11 08:00:00,473.46,66.1,968.88,100.86,91.87,Warning
2024-07-11 09:00:00,543.73,78.45,965.97,119.68,120.98,Critical
2024-07-11 10:00:00,526.37,79.1,1018.02,108.43,114.98,Critical
2024-07-11 11:00:00,536.29,86.83,1049.1,123.55,118.44,Critical
2024-07-11 12:00:00,554.33,92.37,1029.09,138.69,138.29,Critical
2024-07-11 13:00:00,522.18,83.88,1031.7,128.08,135.32,Critical
2024-07-11 14:00:00,530.37,75.58,979.5,99.65,102.31,Critical
2024-07-11 15:00:00,553.94,89.63,1050.15,130.41,127.61,Critical
2024-07-11 16:00:00,586.24,98.88,1100.0,143.78,142.27,Critical
2024-07-11 17:00:00,561.78,91.0,1047.29,135.01,139.09,Critical
2024-07-11 18:00:00,507.28,77.93,991.19,116.53,112.58,Critical
2024-07-11 19:00:00,541.59,79.91,1004.86,104.88,110.57,Critical
2024-07-11 20:00:00,489.16,75.84,995.61,97.37,96.32,Warning
2024-07-11 21:00:00,515.49,74.74,940.1,109.05,107.34,Critical
2024-07-11 22:00:00,443.35,60.41,930.45,81.56,81.82,Warning
2024-07-11 23:00:00,444.14,56.81,858.63,55.29,62.37,Safe
2024-07-12 00:00:00,423.0,50.21,867.81,52.18,62.89,Safe
2024-07-12 01:00:00,404.83,50.91,856.3,68.53,61.54,Safe
2024-07-12 02:00:00,390.71,48.78,815.71,64.0,69.71,Safe
2024-07-12 03:00:00,437.65,59.18,907.52,66.48,75.39,Safe
2024-07-12 04:00:00,444.27,61.4,886.2,87.47,86.51,Warning
2024-07-12 05:00:00,414.24,59.36,920.31,73.81,71.11,Safe
2024-07-12 06:00:00,484.53,65.7,912.86,80.58,88.63,Warning
2024-07-12 07:00:00,464.44,65.25,893.36,80.31,93.89,Warning
2024-07-12 08:00:00,476.12,73.1,999.24,89.44,87.47,Warning
2024-07-12 09:00:00,536.21,91.29,1060.44,120.64,122.59,Critical
2024-07-12 10:00:00,479.73,78.08,1009.48,89.55,96.51,Warning
2024-07-12 11:00:00,600.0,100.0,1081.27,141.29,140.21,Critical
2024-07-12 12:00:00,514.85,80.88,962.78,112.99,106.45,Critical
2024-07-12 13:00:00,549.95,89.08,1082.25,115.87,120.54,Critical
2024-07-12 14:00:00,600.0,100.0,1099.86,143.13,149.79,Critical
2024-07-12 15:00:00,592.78,100.0,1100.0,135.7,129.79,Critical
2024-07-12 16:00:00,550.69,85.76,1043.25,126.92,135.64,Critical
2024-07-12 17:00:00,600.0,100.0,1092.62,124.04,122.4,Critical
2024-07-12 18:00:00,522.42,80.9,1009.48,117.72,111.61,Critical
2024-07-12 19:00:00,515.02,84.26,1056.37,102.26,110.21,Critical
2024-07-12 20:00:00,489.72,75.3,975.79,99.64,93.27,Warning
2024-07-12 21:00:00,507.88,74.86,995.03,98.61,104.78,Critical
2024-07-12 22:00:00,403.25,53.2,822.19,60.06,67.92,Safe
2024-07-12 23:00:00,433.48,54.15,895.47,59.54,56.32,Safe
2024-07-13 00:00:00,454.65,55.45,843.77,85.6,79.14,Safe
2024-07-13 01:00:00,417.51,52.08,882.61,57.03,67.33,Safe
2024-07-13 02:00:00,462.3,60.35,910.34,71.73,70.64,Safe
2024-07-13 03:00:00,444.65,58.64,891.09,91.03,80.77,Warning
2024-07-13 04:00:00,363.96,42.86,812.11,51.41,44.64,Safe
2024-07-13 05:00:00,392.84,47.51,831.99,47.41,43.45,Safe
2024-07-13 06:00:00,511.71,70.88,936.35,96.8,104.24,Critical
2024-07-13 07:00:00,458.71,66.51,928.02,85.37,96.85,Warning
2024-07-13 08:00:00,472.77,71.83,1007.73,84.75,84.28,Warning
2024-07-13 09:00:00,584.12,100.0,1100.0,135.03,131.37,Critical
2024-07-13 10:00:00,556.31,89.84,1030.04,124.71,108.98,Critical
2024-07-13 11:00:00,532.27,86.58,1038.79,129.92,135.34,Critical
2024-07-13 12:00:00,577.32,88.47,1044.46,125.63,117.66,Critical
2024-07-13 13:00:00,600.0,100.0,1096.87,141.9,148.8,Critical
2024-07-13 14:00:00,528.96,78.84,972.14,102.3,104.2,Critical
2024-07-13 15:00:00,523.86,82.01,1019.86,122.53,126.17,Critical
2024-07-13 16:00:00,564.84,95.2,1094.61,141.6,128.27,Critical
2024-07-13 17:00:00,548.11,91.61,1039.7,132.34,132.66,Critical
2024-07-13 18:00:00,479.53,73.06,1008.32,101.04,117.66,Critical
2024-07-13 19:00:00,523.83,79.74,1032.18,99.78,107.83,Critical
2024-07-13 20:00:00,467.8,65.13,937.71,96.45,91.12,Warning
2024-07-13 21:00:00,522.56,78.53,965.55,107.85,113.68,Critical
2024-07-13 22:00:00,418.52,59.84,908.03,73.1,74.4,Safe
2024-07-13 23:00:00,429.47,57.37,893.05,77.47,75.66,Safe
2024-07-14 00:00:00,402.32,54.17,882.14,69.04,73.31,Safe
2024-07-14 01:00:00,457.42,62.95,949.74,76.83,78.32,Safe
2024-07-14 02:00:00,401.71,48.75,839.88,57.47,45.81,Safe
2024-07-14 03:00:00,420.59,59.25,941.3,62.08,70.38,Safe
2024-07-14 04:00:00,434.63,55.27,885.29,72.94,86.94,Warning
2024-07-14 05:00:00,485.26,63.13,909.26,97.09,94.22,Warning
2024-07-14 06:00:00,465.45,63.44,969.99,73.61,84.26,Warning
2024-07-14 07:00:00,490.64,73.23,984.41,101.22,90.4,Warning
2024-07-14 08:00:00,486.89,72.83,954.15,102.93,99.38,Warning
2024-07-14 09:00:00,506.07,77.25,988.1,112.21,114.49,Critical
2024-07-14 10:00:00,500.27,77.73,1002.63,100.29,95.3,Warning
2024-07-14 11:00:00,510.49,76.74,980.38,96.49,99.22,Warning
2024-07-14 12:00:00,584.06,100.0,1100.0,136.39,140.15,Critical
2024-07-14 13:00:00,492.94,79.85,981.27,115.43,113.71,Critical
2024-07-14 14:00:00,512.23,77.29,949.38,90.45,118.23,Critical
2024-07-14 15:00:00,575.7,93.85,1071.59,123.42,129.8,Critical
2024-07-14 16:00:00,515.44,80.86,1007.38,107.36,109.36,Critical
2024-07-14 17:00:00,578.36,99.08,1100.0,131.82,132.85,Critical
2024-07-14 18:00:00,474.38,67.58,925.22,89.55,86.12,Warning
2024-07-14 19:00:00,476.86,72.68,933.91,106.35,103.7,Critical
2024-07-14 20:00:00,493.41,73.84,947.96,89.22,87.05,Warning
2024-07-14 21:00:00,478.23,63.38,940.12,86.5,87.46,Warning
2024-07-14 22:00:00,472.32,65.8,914.33,87.4,80.4,Warning
2024-07-14 23:00:00,432.79,62.99,905.22,77.11,76.63,Safe
2024-07-15 00:00:00,441.91,64.94,917.83,70.67,80.12,Warning
2024-07-15 01:00:00,403.45,50.33,838.03,56.37,57.59,Safe
2024-07-15 02:00:00,360.19,44.86,809.05,44.82,40.97,Safe
2024-07-15 03:00:00,417.02,61.26,887.14,80.41,82.46,Warning
2024-07-15 04:00:00,404.53,49.27,877.16,66.41,62.16,Safe
2024-07-15 05:00:00,429.21,56.18,895.86,60.59,64.81,Safe
2024-07-15 06:00:00,492.55,71.56,985.25,95.95,93.58,Warning
2024-07-15 07:00:00,459.76,64.02,951.99,82.71,79.14,Safe
2024-07-15 08:00:00,505.97,76.72,931.9,117.48,122.39,Critical
2024-07-15 09:00:00,511.65,80.23,1008.71,112.45,107.81,Critical
2024-07-15 10:00:00,570.95,90.93,1041.75,119.69,122.08,Critical
2024-07-15 11:00:00,575.02,88.4,1066.57,121.92,124.81,Critical
2024-07-15 12:00:00,528.34,83.84,1002.89,111.81,107.02,Critical
2024-07-15 13:00:00,559.31,93.4,1043.81,132.03,131.96,Critical
2024-07-15 14:00:00,532.39,87.07,1003.8,122.0,119.37,Critical
2024-07-15 15:00:00,565.03,94.29,1064.79,133.44,130.4,Critical
2024-07-15 16:00:00,552.84,87.5,1057.63,122.5,117.79,Critical
2024-07-15 17:00:00,523.05,88.25,1046.89,119.5,138.5,Critical
2024-07-15 18:00:00,474.59,67.11,909.09,87.51,82.99,Warning
2024-07-15 19:00:00,517.57,77.14,1033.06,95.4,93.49,Warning
2024-07-15 20:00:00,426.51,62.92,928.89,79.91,85.5,Warning
2024-07-15 21:00:00,495.45,77.29,1003.55,100.75,95.69,Warning
2024-07-15 22:00:00,457.08,63.99,948.22,72.91,73.81,Safe
2024-07-15 23:00:00,415.51,54.38,835.82,85.58,84.82,Warning
2024-07-16 00:00:00,423.07,53.95,849.7,70.1,63.01,Safe
2024-07-16 01:00:00,437.66,59.91,917.66,78.61,91.98,Warning
2024-07-16 02:00:00,396.11,44.6,805.16,50.78,55.1,Safe
2024-07-16 03:00:00,429.54,58.51,886.5,80.31,74.02,Safe
2024-07-16 04:00:00,385.84,49.9,847.79,50.28,49.26,Safe
2024-07-16 05:00:00,390.83,51.43,829.05,57.86,60.95,Safe
2024-07-16 06:00:00,503.26,73.24,958.26,92.52,83.44,Warning
2024-07-16 07:00:00,478.65,69.56,967.92,100.41,103.65,Critical
2024-07-16 08:00:00,487.67,69.7,964.55,89.02,97.55,Warning
2024-07-16 09:00:00,561.94,88.34,1066.19,135.3,140.78,Critical
2024-07-16 10:00:00,523.88,88.04,1062.42,120.65,115.11,Critical
2024-07-16 11:00:00,524.88,85.21,1034.98,123.71,119.89,Critical
2024-07-16 12:00:00,519.91,83.55,1024.94,118.1,106.72,Critical
2024-07-16 13:00:00,520.54,82.99,1020.52,122.71,123.66,Critical
2024-07-16 14:00:00,594.12,100.0,1086.2,133.98,142.87,Critical
2024-07-16 15:00:00,597.19,95.8,1056.34,143.72,147.28,Critical
2024-07-16 16:00:00,600.0,98.53,1077.48,125.5,131.42,Critical
2024-07-16 17:00:00,532.86,84.24,1014.03,116.73,122.8,Critical
2024-07-16 18:00:00,510.2,78.43,977.72,102.19,99.47,Warning
2024-07-16 19:00:00,469.24,69.78,958.0,81.87,77.41,Safe
2024-07-16 20:00:00,496.45,73.8,973.44,93.56,96.09,Warning
2024-07-16 21:00:00,460.2,64.34,928.51,80.5,82.04,Warning
2024-07-16 22:00:00,436.89,56.4,889.73,72.18,66.6,Safe
2024-07-16 23:00:00,435.98,56.2,907.3,70.33,67.02,Safe
2024-07-17 00:00:00,413.37,61.4,906.81,76.84,77.12,Safe
2024-07-17 01:00:00,437.5,59.91,921.73,72.09,69.89,Safe
2024-07-17 02:00:00,408.02,47.16,847.16,56.06,58.85,Safe
2024-07-17 03:00:00,418.19,56.08,905.25,69.85,65.66,Safe
2024-07-17 04:00:00,448.39,58.11,926.07,80.22,73.44,Safe
2024-07-17 05:00:00,407.79,53.02,877.79,73.46,66.49,Safe
2024-07-17 06:00:00,481.25,69.7,950.78,100.87,106.84,Critical
2024-07-17 07:00:00,454.56,67.62,940.24,90.34,92.45,Warning
2024-07-17 08:00:00,421.61,59.25,885.91,77.55,74.93,Safe
2024-07-17 09:00:00,528.88,79.68,987.32,112.93,114.82,Critical
2024-07-17 10:00:00,557.43,86.27,1051.2,120.78,113.69,Critical
2024-07-17 11:00:00,599.09,99.68,1077.2,148.46,147.8,Critical
2024-07-17 12:00:00,553.65,92.71,1099.07,123.87,124.0,Critical
2024-07-17 13:00:00,564.13,90.88,1051.06,111.62,114.96,Critical
2024-07-17 14:00:00,600.0,100.0,1100.0,134.67,133.83,Critical
2024-07-17 15:00:00,560.36,83.99,1004.7,130.14,131.13,Critical
2024-07-17 16:00:00,516.13,80.14,1006.2,108.06,111.91,Critical
2024-07-17 17:00:00,576.76,100.0,1092.26,141.94,159.13,Critical
2024-07-17 18:00:00,535.29,80.88,986.95,110.01,110.11,Critical
2024-07-17 19:00:00,473.74,69.4,970.4,98.56,91.54,Warning
2024-07-17 20:00:00,508.92,73.93,945.33,101.2,112.84,Critical
2024-07-17 21:00:00,507.18,75.81,964.18,102.6,93.45,Warning
2024-07-17 22:00:00,437.31,62.42,925.0,85.94,90.49,Warning
2024-07-17 23:00:00,440.42,59.9,915.89,74.99,84.48,Warning
2024-07-18 00:00:00,456.64,59.58,867.28,80.45,73.25,Safe
2024-07-18 01:00:00,407.91,52.5,875.3,64.69,67.67,Safe
2024-07-18 02:00:00,368.99,45.87,832.19,52.34,61.37,Safe
2024-07-18 03:00:00,393.36,53.9,849.31,57.43,61.75,Safe
2024-07-18 04:00:00,379.99,47.7,821.14,53.68,47.36,Safe
2024-07-18 05:00:00,404.94,52.67,818.61,58.15,62.19,Safe
2024-07-18 06:00:00,506.68,73.8,1006.78,112.98,122.93,Critical
2024-07-18 07:00:00,448.03,65.93,951.99,73.45,78.4,Safe
2024-07-18 08:00:00,473.91,63.04,886.84,90.78,87.84,Warning
2024-07-18 09:00:00,499.32,79.51,1015.13,94.46,95.04,Warning
2024-07-18 10:00:00,582.76,87.53,1025.02,130.13,133.22,Critical
2024-07-18 11:00:00,600.0,100.0,1100.0,136.3,132.25,Critical
2024-07-18 12:00:00,518.98,79.25,985.34,113.29,112.28,Critical
2024-07-18 13:00:00,485.29,77.09,977.46,101.44,105.1,Critical
2024-07-18 14:00:00,599.22,100.0,1093.66,131.07,128.73,Critical
2024-07-18 15:00:00,503.06,77.12,971.14,115.06,134.72,Critical
2024-07-18 16:00:00,490.32,77.04,1015.98,111.49,119.14,Critical
2024-07-18 17:00:00,540.55,84.12,1040.37,122.82,120.91,Critical
2024-07-18 18:00:00,492.31,75.96,982.22,97.45,102.09,Critical
2024-07-18 19:00:00,496.55,76.64,1005.74,111.56,114.84,Critical
2024-07-18 20:00:00,491.07,73.48,931.6,87.02,80.87,Warning
2024-07-18 21:00:00,457.83,66.47,905.32,67.94,73.69,Safe
2024-07-18 22:00:00,475.17,61.52,918.04,71.9,81.12,Warning
2024-07-18 23:00:00,454.94,65.61,944.23,79.64,74.63,Safe
2024-07-19 00:00:00,463.73,64.39,928.1,80.03,82.81,Warning
2024-07-19 01:00:00,396.96,48.73,802.23,53.71,51.24,Safe
2024-07-19 02:00:00,419.06,53.53,844.28,63.32,63.93,Safe
2024-07-19 03:00:00,391.13,46.28,840.57,51.51,48.55,Safe
2024-07-19 04:00:00,446.7,58.59,946.33,63.25,64.48,Safe
2024-07-19 05:00:00,406.25,50.63,879.94,66.12,58.61,Safe
2024-07-19 06:00:00,473.63,67.62,972.8,90.56,93.54,Warning
2024-07-19 07:00:00,487.9,71.77,966.32,91.96,95.82,Warning
2024-07-19 08:00:00,470.7,68.16,948.11,102.49,113.32,Critical
2024-07-19 09:00:00,563.79,94.14,1047.96,128.61,132.36,Critical
2024-07-19 10:00:00,528.91,82.44,1033.14,116.0,122.16,Critical
2024-07-19 11:00:00,573.38,92.5,1060.89,137.45,142.47,Critical
2024-07-19 12:00:00,510.39,76.19,996.19,93.86,97.23,Warning
2024-07-19 13:00:00,521.24,79.68,999.08,110.04,105.02,Critical
2024-07-19 14:00:00,596.46,99.93,1100.0,148.86,137.55,Critical
2024-07-19 15:00:00,590.28,97.77,1086.92,138.42,135.41,Critical
2024-07-19 16:00:00,555.09,90.71,1058.49,116.8,113.54,Critical
2024-07-19 17:00:00,573.79,92.35,1083.75,128.52,126.13,Critical
2024-07-19 18:00:00,494.18,74.32,943.74,100.61,103.84,Critical
2024-07-19 19:00:00,468.09,66.39,899.11,69.69,81.69,Warning
2024-07-19 20:00:00,495.49,70.37,961.22,86.13,80.94,Warning
2024-07-19 21:00:00,467.27,69.3,978.19,109.46,89.25,Warning
2024-07-19 22:00:00,447.79,59.86,936.54,84.68,80.06,Warning
2024-07-19 23:00:00,440.26,59.95,872.81,88.03,84.85,Warning
2024-07-20 00:00:00,469.42,60.28,892.54,88.05,77.03,Safe
2024-07-20 01:00:00,427.45,57.62,855.56,74.76,85.49,Warning
2024-07-20 02:00:00,443.37,58.41,879.94,73.18,87.41,Warning
2024-07-20 03:00:00,403.81,50.9,879.2,67.52,63.35,Safe
2024-07-20 04:00:00,387.32,51.69,858.17,73.5,57.46,Safe
2024-07-20 05:00:00,423.15,57.61,879.82,79.14,74.76,Safe
2024-07-20 06:00:00,516.61,76.07,992.34,107.53,106.76,Critical
2024-07-20 07:00:00,461.62,66.92,917.11,85.92,88.17,Warning
2024-07-20 08:00:00,460.36,72.86,999.35,101.12,91.86,Warning
2024-07-20 09:00:00,573.64,93.52,1067.76,128.14,131.53,Critical
2024-07-20 10:00:00,550.51,91.45,1048.41,130.69,128.12,Critical
2024-07-20 11:00:00,532.73,82.72,1026.51,110.25,116.8,Critical
2024-07-20 12:00:00,532.76,77.76,1009.46,107.76,110.73,Critical
2024-07-20 13:00:00,600.0,100.0,1100.0,134.78,137.46,Critical
2024-07-20 14:00:00,600.0,95.32,1071.98,133.82,133.91,Critical
2024-07-20 15:00:00,554.02,90.47,1076.24,122.49,128.73,Critical
2024-07-20 16:00:00,598.0,100.0,1100.0,150.0,144.68,Critical
2024-07-20 17:00:00,585.38,100.0,1086.55,133.28,145.77,Critical
2024-07-20 18:00:00,493.42,75.75,961.66,104.38,102.62,Critical
2024-07-20 19:00:00,517.06,82.51,988.42,103.91,105.83,Critical
2024-07-20 20:00:00,464.91,70.8,937.68,92.61,97.58,Warning
2024-07-20 21:00:00,506.76,71.91,984.1,103.3,105.36,Critical
2024-07-20 22:00:00,397.23,56.63,898.7,54.92,48.96,Safe
2024-07-20 23:00:00,427.1,51.98,832.59,54.21,49.1,Safe
2024-07-21 00:00:00,419.88,50.61,814.63,54.64,65.14,Safe
2024-07-21 01:00:00,456.24,62.31,887.08,70.51,74.93,Safe
2024-07-21 02:00:00,406.16,55.44,860.11,68.14,70.03,Safe
2024-07-21 03:00:00,408.53,57.67,881.68,72.88,79.94,Safe
2024-07-21 04:00:00,413.48,55.29,902.25,62.24,52.22,Safe
2024-07-21 05:00:00,437.79,57.26,874.25,74.65,72.1,Safe
2024-07-21 06:00:00,457.4,64.34,958.67,83.7,86.3,Warning
2024-07-21 07:00:00,429.07,60.92,867.64,74.53,72.89,Safe
2024-07-21 08:00:00,468.35,63.07,907.68,79.24,86.36,Warning
2024-07-21 09:00:00,600.0,96.7,1100.0,144.1,143.91,Critical
2024-07-21 10:00:00,596.83,100.0,1100.0,150.0,152.7,Critical
2024-07-21 11:00:00,597.01,98.87,1086.96,147.09,151.06,Critical
2024-07-21 12:00:00,509.28,82.6,1035.04,124.57,120.73,Critical
2024-07-21 13:00:00,514.72,80.13,1018.52,99.77,97.59,Warning
2024-07-21 14:00:00,600.0,100.0,1084.99,136.69,140.31,Critical
2024-07-21 15:00:00,551.81,86.71,1040.48,126.87,118.89,Critical
2024-07-21 16:00:00,525.01,83.03,1030.63,127.48,127.74,Critical
2024-07-21 17:00:00,511.08,78.73,980.22,112.27,108.22,Critical
2024-07-21 18:00:00,451.94,64.55,960.03,78.49,79.97,Safe
2024-07-21 19:00:00,478.38,70.57,934.47,89.98,110.72,Critical
2024-07-21 20:00:00,462.81,64.22,924.27,88.25,88.17,Warning
2024-07-21 21:00:00,460.61,72.04,932.7,91.15,95.24,Warning
2024-07-21 22:00:00,453.68,63.68,920.67,77.42,71.32,Safe
2024-07-21 23:00:00,442.54,59.41,873.57,73.7,63.31,Safe
2024-07-22 00:00:00,403.81,52.95,858.28,64.85,62.92,Safe
2024-07-22 01:00:00,427.61,58.58,857.99,63.91,70.79,Safe
2024-07-22 02:00:00,369.69,44.0,837.6,59.89,63.12,Safe
2024-07-22 03:00:00,375.57,45.57,835.69,50.43,45.97,Safe
2024-07-22 04:00:00,430.88,57.7,912.42,74.92,66.53,Safe
2024-07-22 05:00:00,455.21,63.35,909.1,91.3,106.78,Critical
2024-07-22 06:00:00,436.51,66.48,957.34,85.33,86.05,Warning
2024-07-22 07:00:00,481.18,68.01,940.91,99.85,104.4,Critical
2024-07-22 08:00:00,486.38,72.61,965.54,89.78,94.5,Warning
2024-07-22 09:00:00,588.9,90.46,1098.81,136.95,125.92,Critical
2024-07-22 10:00:00,530.08,86.69,1022.79,125.38,119.13,Critical
2024-07-22 11:00:00,526.34,84.62,1050.1,111.45,111.76,Critical
2024-07-22 12:00:00,519.44,80.57,1013.4,110.19,107.92,Critical
2024-07-22 13:00:00,593.79,97.0,1072.42,136.79,131.63,Critical
2024-07-22 14:00:00,572.69,100.0,1071.05,139.66,149.18,Critical
2024-07-22 15:00:00,543.07,88.67,1020.62,125.57,127.59,Critical
2024-07-22 16:00:00,591.6,95.83,1100.0,131.16,135.14,Critical
2024-07-22 17:00:00,552.05,91.33,1094.81,129.08,130.1,Critical
2024-07-22 18:00:00,482.7,65.88,931.41,102.54,91.05,Warning
2024-07-22 19:00:00,482.49,72.21,964.22,105.56,98.01,Warning
2024-07-22 20:00:00,478.97,72.89,981.53,104.68,100.6,Critical
2024-07-22 21:00:00,489.54,70.25,952.86,94.09,104.4,Critical
2024-07-22 22:00:00,453.91,57.85,913.44,95.48,90.67,Warning
2024-07-22 23:00:00,437.75,57.98,896.32,83.83,82.81,Warning
2024-07-23 00:00:00,418.37,50.18,853.88,64.39,68.13,Safe
2024-07-23 01:00:00,475.55,63.02,899.72,86.38,91.03,Warning
2024-07-23 02:00:00,415.41,57.08,864.6,66.57,58.07,Safe
2024-07-23 03:00:00,430.3,54.29,801.95,69.05,69.23,Safe
2024-07-23 04:00:00,404.03,56.34,908.85,75.65,72.72,Safe
2024-07-23 05:00:00,422.43,54.12,867.37,74.36,74.43,Safe
2024-07-23 06:00:00,496.4,74.35,962.94,99.1,114.94,Critical
2024-07-23 07:00:00,474.24,64.21,878.11,72.38,74.82,Safe
2024-07-23 08:00:00,492.17,68.94,930.62,95.43,97.07,Warning
2024-07-23 09:00:00,554.82,86.71,1016.57,126.93,120.43,Critical
2024-07-23 10:00:00,595.7,97.88,1071.91,131.17,126.4,Critical
2024-07-23 11:00:00,580.12,93.25,1073.57,132.56,138.68,Critical
2024-07-23 12:00:00,511.18,77.58,990.59,117.45,100.62,Critical
2024-07-23 13:00:00,501.02,75.47,947.4,91.49,92.28,Warning
2024-07-23 14:00:00,600.0,100.0,1071.45,139.02,130.69,Critical
2024-07-23 15:00:00,600.0,95.61,1049.46,148.13,145.66,Critical
2024-07-23 16:00:00,598.02,100.0,1100.0,144.02,155.9,Critical
2024-07-23 17:00:00,600.0,100.0,1100.0,138.79,137.53,Critical
2024-07-23 18:00:00,517.5,79.09,976.7,107.87,117.93,Critical
2024-07-23 19:00:00,511.64,83.55,974.26,117.48,113.5,Critical
2024-07-23 20:00:00,447.97,63.17,918.67,80.94,91.97,Warning
2024-07-23 21:00:00,532.08,77.42,988.13,113.73,101.61,Critical
2024-07-23 22:00:00,428.3,59.7,905.47,78.35,75.8,Safe
2024-07-23 23:00:00,468.6,59.75,915.06,84.46,89.42,Warning
2024-07-24 00:00:00,407.49,47.77,848.79,65.72,70.19,Safe
2024-07-24 01:00:00,401.06,48.86,819.74,56.48,60.18,Safe
2024-07-24 02:00:00,431.05,55.8,885.47,64.73,54.58,Safe
2024-07-24 03:00:00,405.04,54.47,891.13,72.17,63.03,Safe
2024-07-24 04:00:00,437.57,60.32,885.67,75.86,68.92,Safe
2024-07-24 05:00:00,413.18,48.25,847.85,57.88,69.12,Safe
2024-07-24 06:00:00,432.68,60.32,889.44,80.77,87.31,Warning
2024-07-24 07:00:00,500.02,71.29,1000.37,110.84,98.97,Warning
2024-07-24 08:00:00,462.36,70.41,922.86,89.47,95.58,Warning
2024-07-24 09:00:00,549.55,91.58,1083.33,128.86,133.92,Critical
2024-07-24 10:00:00,572.98,86.59,996.19,112.68,117.24,Critical
2024-07-24 11:00:00,548.03,87.05,1074.7,122.46,119.59,Critical
2024-07-24 12:00:00,580.78,97.08,1060.29,137.6,131.93,Critical
2024-07-24 13:00:00,576.88,89.45,1051.42,128.18,125.6,Critical
2024-07-24 14:00:00,600.0,98.46,1056.46,136.18,143.42,Critical
2024-07-24 15:00:00,582.93,92.51,1032.85,136.36,133.12,Critical
2024-07-24 16:00:00,499.14,76.78,1003.65,105.84,102.2,Critical
2024-07-24 17:00:00,560.9,91.23,1078.77,150.0,148.31,Critical
2024-07-24 18:00:00,497.6,73.31,971.82,102.0,102.25,Critical
2024-07-24 19:00:00,494.24,71.13,971.95,76.11,84.66,Warning
2024-07-24 20:00:00,464.88,68.0,962.99,82.47,85.75,Warning
2024-07-24 21:00:00,489.75,71.84,944.15,100.74,100.26,Critical
2024-07-24 22:00:00,421.06,54.33,840.87,62.01,65.4,Safe
2024-07-24 23:00:00,458.01,60.0,899.7,75.29,82.9,Warning
2024-07-25 00:00:00,413.96,50.85,841.55,53.48,56.55,Safe
2024-07-25 01:00:00,415.78,59.22,904.65,70.7,72.62,Safe
2024-07-25 02:00:00,435.29,59.57,909.91,79.02,75.12,Safe
2024-07-25 03:00:00,437.0,62.5,897.5,82.5,81.02,Warning
2024-07-25 04:00:00,392.35,46.1,845.99,48.87,61.54,Safe
2024-07-25 05:00:00,406.64,48.43,856.54,67.8,62.68,Safe
2024-07-25 06:00:00,471.74,67.58,953.81,81.75,85.67,Warning
2024-07-25 07:00:00,456.45,65.05,916.28,88.55,93.03,Warning
2024-07-25 08:00:00,492.13,72.79,981.11,102.49,106.07,Critical
2024-07-25 09:00:00,535.44,83.13,1027.09,109.06,117.1,Critical
2024-07-25 10:00:00,591.04,100.0,1100.0,133.5,129.23,Critical
2024-07-25 11:00:00,493.34,77.6,1024.91,109.71,106.62,Critical
2024-07-25 12:00:00,529.86,89.64,1055.41,118.62,125.16,Critical
2024-07-25 13:00:00,581.58,90.96,1041.45,128.07,129.79,Critical
2024-07-25 14:00:00,596.07,97.28,1061.97,143.43,134.81,Critical
2024-07-25 15:00:00,543.52,84.61,1047.86,123.85,123.94,Critical
2024-07-25 16:00:00,600.0,100.0,1100.0,135.67,136.18,Critical
2024-07-25 17:00:00,550.02,91.9,1096.24,129.46,118.97,Critical
2024-07-25 18:00:00,478.46,75.69,933.8,90.3,87.26,Warning
2024-07-25 19:00:00,498.9,73.38,986.93,108.42,96.94,Warning
2024-07-25 20:00:00,462.95,64.71,917.8,97.92,94.23,Warning
2024-07-25 21:00:00,439.04,65.82,921.32,77.15,76.32,Safe
2024-07-25 22:00:00,447.55,60.63,886.32,78.17,83.54,Warning
2024-07-25 23:00:00,402.12,51.93,879.44,72.5,72.67,Safe
2024-07-26 00:00:00,407.7,54.75,887.25,68.89,79.09,Safe
2024-07-26 01:00:00,370.21,43.72,793.47,53.69,56.98,Safe
2024-07-26 02:00:00,324.46,39.66,801.93,41.17,36.52,Safe
2024-07-26 03:00:00,442.6,62.72,929.13,73.72,80.74,Warning
2024-07-26 04:00:00,438.14,62.0,913.92,81.06,85.76,Warning
2024-07-26 05:00:00,427.4,54.9,898.87,80.9,74.69,Safe
2024-07-26 06:00:00,466.78,67.25,929.87,91.48,94.64,Warning
2024-07-26 07:00:00,493.94,71.25,906.65,107.22,106.73,Critical
2024-07-26 08:00:00,420.71,64.1,924.61,66.27,73.95,Safe
2024-07-26 09:00:00,490.25,75.5,981.47,104.93,117.87,Critical
2024-07-26 10:00:00,599.5,97.93,1096.5,135.79,140.69,Critical
2024-07-26 11:00:00,567.16,92.87,1088.7,125.32,124.26,Critical
2024-07-26 12:00:00,553.12,85.32,983.65,128.59,135.16,Critical
2024-07-26 13:00:00,521.9,86.79,1028.7,116.08,123.35,Critical
2024-07-26 14:00:00,555.68,86.36,1011.5,117.97,123.79,Critical
2024-07-26 15:00:00,583.69,98.16,1064.22,140.08,140.54,Critical
2024-07-26 16:00:00,532.17,85.62,1026.51,101.01,120.18,Critical
2024-07-26 17:00:00,600.0,99.55,1100.0,150.0,153.6,Critical
2024-07-26 18:00:00,510.91,73.66,974.92,117.65,109.48,Critical
2024-07-26 19:00:00,483.45,67.24,921.07,97.75,103.51,Critical
2024-07-26 20:00:00,493.58,66.26,928.1,94.53,83.74,Warning
2024-07-26 21:00:00,518.06,75.08,995.86,104.0,103.13,Critical
2024-07-26 22:00:00,452.1,65.81,944.08,78.23,93.28,Warning
2024-07-26 23:00:00,427.46,56.37,869.69,80.94,71.44,Safe
2024-07-27 00:00:00,384.04,47.27,822.77,62.96,63.25,Safe
2024-07-27 01:00:00,487.89,64.87,886.59,90.48,79.51,Safe
2024-07-27 02:00:00,422.51,51.76,849.35,68.33,55.53,Safe
2024-07-27 03:00:00,399.44,50.52,814.41,62.14,58.79,Safe
2024-07-27 04:00:00,467.41,63.78,964.38,83.96,103.18,Critical
2024-07-27 05:00:00,389.71,51.74,839.89,81.15,66.57,Safe
2024-07-27 06:00:00,461.58,64.52,947.0,84.77,108.8,Critical
2024-07-27 07:00:00,466.43,69.89,989.45,91.33,102.3,Critical
2024-07-27 08:00:00,449.28,68.23,945.91,97.63,99.51,Warning
2024-07-27 09:00:00,576.7,91.43,1054.95,129.98,130.23,Critical
2024-07-27 10:00:00,520.64,76.98,955.81,105.11,102.22,Critical
2024-07-27 11:00:00,529.2,80.7,992.4,122.96,120.86,Critical
2024-07-27 12:00:00,584.88,96.86,1100.0,143.95,137.52,Critical
2024-07-27 13:00:00,518.75,84.12,1028.33,121.29,125.82,Critical
2024-07-27 14:00:00,564.34,95.15,1076.37,121.84,127.57,Critical
2024-07-27 15:00:00,560.99,93.64,1097.07,135.94,129.73,Critical
2024-07-27 16:00:00,525.37,82.16,1026.12,106.4,106.25,Critical
2024-07-27 17:00:00,565.23,87.54,1034.45,120.66,122.86,Critical
2024-07-27 18:00:00,521.09,76.56,987.56,108.27,111.5,Critical
2024-07-27 19:00:00,477.76,75.21,959.15,98.52,95.68,Warning
2024-07-27 20:00:00,475.17,71.22,943.76,99.42,98.09,Warning
2024-07-27 21:00:00,473.92,71.0,950.46,100.41,125.67,Critical
2024-07-27 22:00:00,375.16,52.65,875.51,69.07,71.16,Safe
2024-07-27 23:00:00,426.05,54.53,845.21,57.44,59.77,Safe
2024-07-28 00:00:00,449.95,63.35,918.43,101.85,81.81,Warning
2024-07-28 01:00:00,407.42,52.25,852.67,64.27,68.76,Safe
2024-07-28 02:00:00,455.72,59.22,876.28,87.3,81.95,Warning
2024-07-28 03:00:00,404.44,50.8,845.54,42.33,51.41,Safe
2024-07-28 04:00:00,366.09,43.03,764.08,44.23,43.25,Safe
2024-07-28 05:00:00,428.29,55.07,858.68,58.04,66.97,Safe
2024-07-28 06:00:00,528.3,78.37,967.66,101.18,91.19,Warning
2024-07-28 07:00:00,479.39,68.81,937.89,92.69,98.19,Warning
2024-07-28 08:00:00,479.89,67.56,887.64,85.59,85.84,Warning
2024-07-28 09:00:00,570.76,93.2,1070.2,142.44,132.06,Critical
2024-07-28 10:00:00,521.57,80.68,1023.41,126.72,137.54,Critical
2024-07-28 11:00:00,576.14,93.64,1065.62,124.93,124.3,Critical
2024-07-28 12:00:00,589.46,100.0,1100.0,137.83,140.29,Critical
2024-07-28 13:00:00,592.05,100.0,1088.72,133.12,126.45,Critical
2024-07-28 14:00:00,540.65,80.34,967.5,120.46,111.85,Critical
2024-07-28 15:00:00,577.39,87.32,1036.64,126.98,123.71,Critical
2024-07-28 16:00:00,600.0,100.0,1100.0,143.26,139.57,Critical
2024-07-28 17:00:00,512.71,82.81,984.91,113.51,117.16,Critical
2024-07-28 18:00:00,498.36,79.56,987.56,104.19,106.91,Critical
2024-07-28 19:00:00,449.29,66.49,927.01,79.2,92.84,Warning
2024-07-28 20:00:00,513.04,77.79,1051.68,111.2,113.2,Critical
2024-07-28 21:00:00,409.48,62.2,915.91,74.83,66.93,Safe
2024-07-28 22:00:00,398.96,51.8,817.08,63.71,56.39,Safe
2024-07-28 23:00:00,481.06,65.34,879.34,72.97,81.81,Warning
2024-07-29 00:00:00,407.99,48.56,858.87,63.26,55.56,Safe
2024-07-29 01:00:00,377.39,46.13,885.32,52.1,69.61,Safe
2024-07-29 02:00:00,406.41,53.12,859.42,66.7,63.07,Safe
2024-07-29 03:00:00,452.66,61.18,898.4,87.47,76.48,Safe
2024-07-29 04:00:00,441.21,57.03,894.63,70.65,75.87,Safe
2024-07-29 05:00:00,393.34,50.2,833.44,69.45,56.93,Safe
2024-07-29 06:00:00,440.4,60.92,848.63,61.62,69.11,Safe
2024-07-29 07:00:00,454.08,65.5,950.32,99.53,93.1,Warning
2024-07-29 08:00:00,477.68,74.08,956.91,107.61,106.87,Critical
2024-07-29 09:00:00,533.6,84.17,1043.95,111.12,108.85,Critical
2024-07-29 10:00:00,548.3,88.11,1023.81,115.09,115.24,Critical
2024-07-29 11:00:00,559.27,94.23,1073.83,119.68,121.98,Critical
2024-07-29 12:00:00,506.85,74.45,991.06,110.94,109.73,Critical
2024-07-29 13:00:00,600.0,100.0,1100.0,140.36,137.76,Critical
2024-07-29 14:00:00,551.02,85.32,1031.73,117.32,116.01,Critical
2024-07-29 15:00:00,537.37,87.03,1039.18,111.83,95.17,Warning
2024-07-29 16:00:00,533.47,90.31,1065.18,139.19,133.94,Critical
2024-07-29 17:00:00,540.34,83.45,1027.46,109.64,110.43,Critical
2024-07-29 18:00:00,458.26,66.89,906.04,86.4,91.41,Warning
2024-07-29 19:00:00,473.37,71.46,929.31,95.03,98.86,Warning
2024-07-29 20:00:00,480.36,74.49,926.05,93.33,101.48,Critical
2024-07-29 21:00:00,473.95,69.45,964.11,88.95,112.23,Critical
2024-07-29 22:00:00,473.32,62.81,905.34,81.55,85.56,Warning
2024-07-29 23:00:00,408.6,53.92,887.64,72.65,70.13,Safe
2024-07-30 00:00:00,377.26,48.13,849.53,54.38,55.92,Safe
2024-07-30 01:00:00,433.77,56.16,858.75,84.32,79.26,Safe
2024-07-30 02:00:00,387.98,46.39,829.31,49.53,54.06,Safe
2024-07-30 03:00:00,405.69,58.84,884.19,77.78,67.78,Safe
2024-07-30 04:00:00,452.99,60.93,891.25,65.57,64.05,Safe
2024-07-30 05:00:00,459.4,57.4,907.14,72.13,67.85,Safe
2024-07-30 06:00:00,482.95,79.84,1054.44,102.55,106.73,Critical
2024-07-30 07:00:00,471.74,72.26,985.86,88.35,97.4,Warning
2024-07-30 08:00:00,456.24,74.03,969.56,98.12,90.94,Warning
2024-07-30 09:00:00,555.03,89.02,1072.81,125.76,133.49,Critical
2024-07-30 10:00:00,570.99,89.28,1084.08,111.22,105.82,Critical
2024-07-30 11:00:00,589.56,97.02,1054.47,150.0,142.83,Critical
2024-07-30 12:00:00,591.57,93.02,1092.05,136.99,131.04,Critical
2024-07-30 13:00:00,596.47,96.21,1097.98,139.24,133.45,Critical
2024-07-30 14:00:00,600.0,95.19,1100.0,149.39,143.43,Critical
2024-07-30 15:00:00,600.0,99.4,1100.0,150.0,150.52,Critical
2024-07-30 16:00:00,509.84,78.87,989.34,105.2,99.57,Warning
2024-07-30 17:00:00,542.29,85.34,1071.42,106.28,99.03,Warning
2024-07-30 18:00:00,517.04,82.3,1018.97,117.65,116.12,Critical
2024-07-30 19:00:00,469.41,68.16,931.24,82.44,77.54,Safe
2024-07-30 20:00:00,449.59,62.18,922.03,92.04,89.27,Warning
2024-07-30 21:00:00,509.05,77.56,1009.19,101.35,102.05,Critical
2024-07-30 22:00:00,435.47,54.17,872.93,67.06,86.88,Warning
2024-07-30 23:00:00,418.5,55.78,887.55,60.14,59.48,Safe
2024-07-31 00:00:00,422.51,58.89,896.39,64.44,65.71,Safe
2024-07-31 01:00:00,422.11,58.57,878.33,72.26,67.62,Safe
2024-07-31 02:00:00,433.77,56.15,862.67,69.92,54.97,Safe
2024-07-31 03:00:00,374.68,48.58,812.04,51.17,49.9,Safe
2024-07-31 04:00:00,444.7,61.88,942.8,98.95,87.25,Warning
2024-07-31 05:00:00,453.35,58.69,888.53,82.43,84.19,Warning
2024-07-31 06:00:00,472.86,67.19,860.54,85.57,84.81,Warning
2024-07-31 07:00:00,513.32,78.59,1001.67,86.44,83.91,Warning
2024-07-31 08:00:00,471.94,68.11,948.82,98.06,95.79,Warning
2024-07-31 09:00:00,575.75,97.54,1046.64,150.0,148.08,Critical
2024-07-31 10:00:00,547.12,89.78,1030.59,122.3,127.33,Critical
2024-07-31 11:00:00,571.43,93.54,1048.42,124.5,128.51,Critical
2024-07-31 12:00:00,547.08,85.82,1012.77,120.67,117.22,Critical
2024-07-31 13:00:00,600.0,100.0,1100.0,131.55,131.51,Critical
2024-07-31 14:00:00,551.1,87.45,1033.97,126.2,131.23,Critical
2024-07-31 15:00:00,547.86,82.23,1001.75,127.75,115.06,Critical
2024-07-31 16:00:00,544.27,80.45,1026.94,109.94,120.93,Critical
2024-07-31 17:00:00,527.85,79.18,1006.8,105.94,92.88,Warning
2024-07-31 18:00:00,540.51,80.84,965.9,110.89,114.68,Critical
2024-07-31 19:00:00,452.93,66.7,919.93,82.23,71.46,Safe
2024-07-31 20:00:00,427.51,60.9,911.58,65.66,64.7,Safe
2024-07-31 21:00:00,491.81,71.14,935.15,92.51,96.61,Warning
2024-07-31 22:00:00,443.26,65.51,972.2,82.51,77.74,Safe
2024-07-31 23:00:00,457.33,65.35,929.23,97.11,107.71,Critical
2024-08-01 00:00:00,421.48,52.67,846.78,75.4,65.82,Safe
2024-08-01 01:00:00,428.51,52.18,836.2,77.12,94.27,Warning
2024-08-01 02:00:00,408.48,53.01,885.46,73.62,71.34,Safe
2024-08-01 03:00:00,425.74,58.71,879.3,75.4,75.59,Safe
2024-08-01 04:00:00,404.29,49.95,858.11,55.46,63.46,Safe
2024-08-01 05:00:00,375.61,47.66,812.97,64.97,59.79,Safe
2024-08-01 06:00:00,463.45,66.47,933.89,90.93,100.43,Critical
2024-08-01 07:00:00,493.13,73.31,952.56,88.66,90.53,Warning
2024-08-01 08:00:00,461.77,65.54,920.76,79.06,78.07,Safe
2024-08-01 09:00:00,525.96,81.18,988.38,101.31,99.99,Warning
2024-08-01 10:00:00,588.32,100.0,1100.0,125.18,131.15,Critical
2024-08-01 11:00:00,589.82,100.0,1089.2,144.24,155.47,Critical
2024-08-01 12:00:00,541.38,87.96,1036.64,112.03,108.67,Critical
2024-08-01 13:00:00,577.32,100.0,1097.91,134.11,143.19,Critical
2024-08-01 14:00:00,584.31,94.88,1100.0,137.08,125.32,Critical
2024-08-01 15:00:00,561.53,87.25,1055.84,123.39,114.94,Critical
2024-08-01 16:00:00,583.55,93.1,1082.89,128.43,124.24,Critical
2024-08-01 17:00:00,509.93,78.4,957.29,117.42,121.74,Critical
2024-08-01 18:00:00,465.61,69.24,931.76,78.42,73.51,Safe
2024-08-01 19:00:00,527.22,79.2,1022.15,100.05,95.61,Warning
2024-08-01 20:00:00,461.98,63.26,890.54,86.3,84.21,Warning
2024-08-01 21:00:00,495.2,73.04,967.05,94.52,96.8,Warning
2024-08-01 22:00:00,457.9,58.37,868.41,71.35,65.08,Safe
2024-08-01 23:00:00,417.15,54.38,850.67,58.69,66.18,Safe
2024-08-02 00:00:00,403.0,51.65,895.23,68.68,73.6,Safe
2024-08-02 01:00:00,422.44,57.01,900.87,75.01,77.04,Safe
2024-08-02 02:00:00,367.47,47.33,858.28,56.78,55.6,Safe
2024-08-02 03:00:00,433.58,56.08,897.64,68.89,61.43,Safe
2024-08-02 04:00:00,429.0,57.62,885.04,67.55,57.11,Safe
2024-08-02 05:00:00,409.22,50.52,837.38,60.99,65.8,Safe
2024-08-02 06:00:00,491.95,66.54,923.85,98.76,102.5,Critical
2024-08-02 07:00:00,461.81,66.82,929.88,100.55,102.92,Critical
2024-08-02 08:00:00,427.43,65.04,964.28,93.32,86.89,Warning
2024-08-02 09:00:00,600.0,100.0,1070.6,145.28,143.87,Critical
2024-08-02 10:00:00,556.82,88.62,1030.92,131.86,122.74,Critical
2024-08-02 11:00:00,509.27,79.88,979.31,98.31,94.82,Warning
2024-08-02 12:00:00,576.16,92.65,1086.5,127.37,125.36,Critical
2024-08-02 13:00:00,556.81,86.45,1073.03,128.88,131.78,Critical
2024-08-02 14:00:00,490.71,75.99,986.74,101.74,109.22,Critical
2024-08-02 15:00:00,541.38,86.4,1040.6,123.54,129.23,Critical
2024-08-02 16:00:00,538.07,79.35,998.76,119.78,119.18,Critical
2024-08-02 17:00:00,566.98,94.27,1080.97,139.62,135.05,Critical
2024-08-02 18:00:00,487.69,71.69,975.46,89.26,110.72,Critical
2024-08-02 19:00:00,469.94,76.67,992.71,101.22,95.79,Warning
2024-08-02 20:00:00,446.89,66.91,945.52,79.86,78.63,Safe
2024-08-02 21:00:00,468.57,66.59,950.01,83.61,88.0,Warning
2024-08-02 22:00:00,421.15,50.99,815.83,49.14,58.74,Safe
2024-08-02 23:00:00,418.21,59.32,896.64,75.47,80.97,Warning
2024-08-03 00:00:00,432.72,57.92,896.31,60.66,61.86,Safe
2024-08-03 01:00:00,399.1,51.09,864.61,66.35,65.75,Safe
2024-08-03 02:00:00,398.06,46.18,827.14,67.52,51.58,Safe
2024-08-03 03:00:00,425.19,60.56,906.34,81.12,84.12,Warning
2024-08-03 04:00:00,441.34,58.83,878.31,76.08,72.28,Safe
2024-08-03 05:00:00,420.57,57.43,848.1,82.45,68.97,Safe
2024-08-03 06:00:00,488.6,71.37,978.48,100.62,93.47,Warning
2024-08-03 07:00:00,466.69,66.43,907.19,80.0,89.67,Warning
2024-08-03 08:00:00,505.4,77.23,982.62,106.25,108.08,Critical
2024-08-03 09:00:00,523.97,79.32,980.12,124.78,120.47,Critical
2024-08-03 10:00:00,564.53,90.98,1089.81,121.72,133.05,Critical
2024-08-03 11:00:00,560.7,90.64,1051.45,116.37,98.61,Warning
2024-08-03 12:00:00,525.53,82.63,1006.32,118.6,118.52,Critical
2024-08-03 13:00:00,526.49,81.35,1023.2,111.93,102.07,Critical
2024-08-03 14:00:00,600.0,100.0,1100.0,138.74,138.83,Critical
2024-08-03 15:00:00,548.15,90.5,1061.43,116.32,111.28,Critical
2024-08-03 16:00:00,585.75,97.66,1080.0,122.5,121.05,Critical
2024-08-03 17:00:00,560.39,93.79,1084.28,120.37,124.79,Critical
2024-08-03 18:00:00,514.04,78.65,958.65,118.98,118.83,Critical
2024-08-03 19:00:00,520.19,82.12,1011.62,112.85,113.89,Critical
2024-08-03 20:00:00,516.19,76.35,1025.62,92.68,94.79,Warning
2024-08-03 21:00:00,526.54,79.28,999.87,120.04,119.91,Critical
2024-08-03 22:00:00,439.88,63.2,918.37,91.49,88.53,Warning
2024-08-03 23:00:00,446.09,61.53,908.1,90.15,88.02,Warning
2024-08-04 00:00:00,392.3,45.84,820.5,51.89,42.99,Safe
2024-08-04 01:00:00,401.43,50.97,861.77,61.05,65.77,Safe
2024-08-04 02:00:00,367.72,44.48,839.46,53.4,56.45,Safe
2024-08-04 03:00:00,420.55,58.96,887.5,85.04,75.85,Safe
2024-08-04 04:00:00,462.32,62.59,858.15,75.73,73.36,Safe
2024-08-04 05:00:00,387.72,43.77,829.09,47.44,53.17,Safe
2024-08-04 06:00:00,442.89,61.45,954.18,88.2,87.96,Warning
2024-08-04 07:00:00,482.53,67.95,931.47,101.22,103.79,Critical
2024-08-04 08:00:00,444.13,71.41,924.68,89.05,93.52,Warning
2024-08-04 09:00:00,551.07,83.12,1030.5,123.97,120.84,Critical
2024-08-04 10:00:00,597.8,100.0,1100.0,143.64,136.87,Critical
2024-08-04 11:00:00,600.0,100.0,1100.0,140.99,147.25,Critical
2024-08-04 12:00:00,583.35,96.96,1100.0,131.78,140.87,Critical
2024-08-04 13:00:00,600.0,99.67,1100.0,133.49,153.51,Critical
2024-08-04 14:00:00,507.15,80.5,1018.05,105.45,122.87,Critical
2024-08-04 15:00:00,600.0,97.29,1075.05,131.39,129.23,Critical
2024-08-04 16:00:00,596.51,97.74,1094.98,142.63,133.23,Critical
2024-08-04 17:00:00,530.56,80.46,1001.65,121.9,115.18,Critical
2024-08-04 18:00:00,492.19,74.2,969.6,101.94,107.78,Critical
2024-08-04 19:00:00,451.2,67.38,931.31,79.93,73.88,Safe
2024-08-04 20:00:00,477.35,66.08,935.36,96.41,97.83,Warning
2024-08-04 21:00:00,510.44,76.52,954.08,105.91,97.44,Warning
2024-08-04 22:00:00,477.5,64.61,940.91,92.63,91.81,Warning
2024-08-04 23:00:00,467.53,67.56,918.49,84.48,76.84,Safe
2024-08-05 00:00:00,393.89,49.94,844.19,69.43,66.74,Safe
2024-08-05 01:00:00,416.43,49.25,853.52,72.07,65.71,Safe
2024-08-05 02:00:00,450.49,55.93,859.25,71.68,64.37,Safe
2024-08-05 03:00:00,426.09,56.49,839.19,75.25,72.02,Safe
2024-08-05 04:00:00,431.38,60.48,893.97,85.62,86.22,Warning
2024-08-05 05:00:00,431.31,54.99,843.47,65.38,64.28,Safe
2024-08-05 06:00:00,486.48,72.51,978.22,98.05,95.44,Warning
2024-08-05 07:00:00,483.35,68.74,918.32,92.17,87.28,Warning
2024-08-05 08:00:00,505.89,77.38,1019.57,98.87,110.82,Critical
2024-08-05 09:00:00,600.0,97.9,1089.37,144.11,160.0,Critical
2024-08-05 10:00:00,544.65,88.61,1044.35,131.52,143.72,Critical
2024-08-05 11:00:00,506.85,75.03,931.58,99.34,111.4,Critical
2024-08-05 12:00:00,575.24,95.52,1080.79,137.79,126.31,Critical
2024-08-05 13:00:00,529.86,83.45,1015.49,126.63,115.81,Critical
2024-08-05 14:00:00,574.15,94.98,1046.32,129.17,121.97,Critical
2024-08-05 15:00:00,512.9,75.64,980.12,107.53,95.8,Warning
2024-08-05 16:00:00,513.82,75.24,967.45,99.1,96.51,Warning
2024-08-05 17:00:00,544.85,84.26,1016.53,113.22,108.1,Critical
2024-08-05 18:00:00,461.81,65.83,929.72,89.89,84.72,Warning
2024-08-05 19:00:00,471.88,67.48,927.03,91.54,103.31,Critical
2024-08-05 20:00:00,486.73,68.54,948.12,97.99,104.13,Critical
2024-08-05 21:00:00,517.93,76.23,979.25,106.31,115.84,Critical
2024-08-05 22:00:00,392.9,57.64,898.6,73.78,75.32,Safe
2024-08-05 23:00:00,398.15,50.49,840.82,74.47,72.57,Safe
2024-08-06 00:00:00,429.26,58.1,867.07,81.4,76.38,Safe
2024-08-06 01:00:00,455.17,61.45,891.65,83.06,68.02,Safe
2024-08-06 02:00:00,443.63,61.14,937.44,85.49,81.12,Warning
2024-08-06 03:00:00,405.55,48.87,865.38,59.74,53.9,Safe
2024-08-06 04:00:00,367.74,45.71,855.24,53.02,50.04,Safe
2024-08-06 05:00:00,393.6,47.49,865.67,63.48,59.53,Safe
2024-08-06 06:00:00,492.96,70.09,940.19,95.84,104.36,Critical
2024-08-06 07:00:00,437.44,64.52,929.11,89.43,77.35,Safe
2024-08-06 08:00:00,509.19,68.5,944.17,106.11,115.91,Critical
2024-08-06 09:00:00,562.71,86.51,1047.06,123.07,118.09,Critical
2024-08-06 10:00:00,507.34,76.83,977.79,88.78,90.46,Warning
2024-08-06 11:00:00,506.56,79.54,999.75,124.65,120.64,Critical
2024-08-06 12:00:00,524.35,81.7,1010.09,107.75,103.67,Critical
2024-08-06 13:00:00,543.65,85.62,1039.81,121.96,138.06,Critical
2024-08-06 14:00:00,578.73,93.14,1080.13,139.24,152.9,Critical
2024-08-06 15:00:00,600.0,100.0,1100.0,150.0,160.0,Critical
2024-08-06 16:00:00,573.45,95.03,1077.88,148.71,144.3,Critical
2024-08-06 17:00:00,600.0,100.0,1100.0,140.09,141.98,Critical
2024-08-06 18:00:00,503.87,80.49,1038.67,120.72,119.6,Critical
2024-08-06 19:00:00,471.13,69.23,908.09,91.45,103.28,Critical
2024-08-06 20:00:00,509.03,75.94,958.37,125.08,115.02,Critical
2024-08-06 21:00:00,471.84,65.54,942.52,97.68,112.37,Critical
2024-08-06 22:00:00,408.93,54.87,880.29,67.11,53.6,Safe
2024-08-06 23:00:00,421.63,56.95,890.53,66.09,66.28,Safe
2024-08-07 00:00:00,415.81,48.84,858.88,41.93,56.68,Safe
2024-08-07 01:00:00,457.27,60.25,905.96,85.84,85.11,Warning
2024-08-07 02:00:00,410.64,51.93,847.35,72.33,72.7,Safe
2024-08-07 03:00:00,371.25,50.64,867.03,65.58,53.57,Safe
2024-08-07 04:00:00,421.44,46.57,833.31,41.33,44.02,Safe
2024-08-07 05:00:00,382.24,45.63,818.3,43.69,48.75,Safe
2024-08-07 06:00:00,452.86,64.31,936.74,89.06,90.89,Warning
2024-08-07 07:00:00,455.57,65.72,942.92,101.39,95.59,Warning
2024-08-07 08:00:00,499.67,73.6,972.72,100.44,109.25,Critical
2024-08-07 09:00:00,543.57,84.54,1060.48,129.45,124.16,Critical
2024-08-07 10:00:00,589.59,94.07,1099.54,128.41,141.31,Critical
2024-08-07 11:00:00,576.04,97.25,1100.0,139.44,145.9,Critical
2024-08-07 12:00:00,557.87,90.56,1100.0,127.72,132.07,Critical
2024-08-07 13:00:00,600.0,100.0,1096.78,150.0,142.28,Critical
2024-08-07 14:00:00,563.46,90.08,1040.17,122.27,125.14,Critical
2024-08-07 15:00:00,593.86,99.07,1100.0,150.0,145.48,Critical
2024-08-07 16:00:00,509.18,80.59,997.39,106.98,104.09,Critical
2024-08-07 17:00:00,600.0,99.81,1099.31,134.24,149.99,Critical
2024-08-07 18:00:00,481.71,66.82,912.41,81.06,68.13,Safe
2024-08-07 19:00:00,504.24,73.0,978.35,96.28,87.4,Warning
2024-08-07 20:00:00,513.5,79.28,964.04,109.81,109.16,Critical
2024-08-07 21:00:00,468.78,65.93,927.53,83.07,79.24,Safe
2024-08-07 22:00:00,460.0,59.15,895.41,72.64,72.9,Safe
2024-08-07 23:00:00,457.03,60.51,892.96,86.97,85.85,Warning
2024-08-08 00:00:00,410.78,55.44,838.54,41.04,51.6,Safe
2024-08-08 01:00:00,373.52,52.29,822.63,55.19,59.5,Safe
2024-08-08 02:00:00,430.71,56.64,866.78,61.16,65.36,Safe
2024-08-08 03:00:00,450.54,59.84,911.06,72.64,84.49,Warning
2024-08-08 04:00:00,405.03,55.07,881.71,70.27,73.91,Safe
2024-08-08 05:00:00,391.72,47.96,839.44,56.5,57.34,Safe
2024-08-08 06:00:00,505.35,77.26,966.84,101.96,100.21,Critical
2024-08-08 07:00:00,451.98,62.63,920.65,92.23,99.27,Warning
2024-08-08 08:00:00,458.57,66.55,893.17,85.08,81.79,Warning
2024-08-08 09:00:00,552.91,83.71,965.83,129.9,121.96,Critical
2024-08-08 10:00:00,585.35,95.82,1073.75,141.81,144.57,Critical
2024-08-08 11:00:00,555.41,91.93,1047.64,119.91,120.88,Critical
2024-08-08 12:00:00,599.44,96.65,1100.0,150.0,147.62,Critical
2024-08-08 13:00:00,548.14,91.46,1060.78,129.39,125.04,Critical
2024-08-08 14:00:00,600.0,100.0,1100.0,150.0,143.96,Critical
2024-08-08 15:00:00,600.0,96.84,1072.14,136.51,128.03,Critical
2024-08-08 16:00:00,600.0,98.37,1100.0,143.79,146.4,Critical
2024-08-08 17:00:00,597.78,100.0,1094.45,145.86,142.31,Critical
2024-08-08 18:00:00,507.97,78.73,1024.05,107.97,112.37,Critical
2024-08-08 19:00:00,471.26,67.52,933.11,100.11,106.5,Critical
2024-08-08 20:00:00,464.7,66.47,951.15,104.79,99.91,Warning
2024-08-08 21:00:00,513.94,80.77,980.14,90.79,91.8,Warning
2024-08-08 22:00:00,407.53,53.82,859.97,72.77,70.0,Safe
2024-08-08 23:00:00,445.99,62.78,912.05,74.45,74.55,Safe
2024-08-09 00:00:00,397.34,53.43,894.95,46.05,48.4,Safe
2024-08-09 01:00:00,401.85,48.09,792.11,60.76,63.62,Safe
2024-08-09 02:00:00,387.59,47.08,828.08,60.37,45.8,Safe
2024-08-09 03:00:00,400.92,51.31,848.49,68.07,61.37,Safe
2024-08-09 04:00:00,390.86,51.6,812.31,62.47,52.15,Safe
2024-08-09 05:00:00,380.31,49.14,835.49,64.54,62.08,Safe
2024-08-09 06:00:00,485.58,64.62,889.21,81.72,78.67,Safe
2024-08-09 07:00:00,458.06,66.71,882.28,86.71,85.18,Warning
2024-08-09 08:00:00,469.47,65.23,920.38,92.59,92.44,Warning
2024-08-09 09:00:00,584.72,95.61,1071.53,146.55,133.36,Critical
2024-08-09 10:00:00,505.59,86.11,1025.16,115.72,116.21,Critical
2024-08-09 11:00:00,600.0,100.0,1100.0,141.29,150.9,Critical
2024-08-09 12:00:00,593.58,96.0,1060.65,136.03,125.18,Critical
2024-08-09 13:00:00,500.29,77.76,1028.2,98.27,100.15,Critical
2024-08-09 14:00:00,508.36,77.19,985.22,111.88,118.09,Critical
2024-08-09 15:00:00,583.91,100.0,1100.0,129.41,128.17,Critical
2024-08-09 16:00:00,600.0,100.0,1063.04,143.91,147.63,Critical
2024-08-09 17:00:00,574.65,96.84,1065.84,135.9,149.03,Critical
2024-08-09 18:00:00,499.76,76.77,998.95,92.75,98.75,Warning
2024-08-09 19:00:00,488.35,74.64,968.22,88.19,97.3,Warning
2024-08-09 20:00:00,498.49,74.34,948.09,93.06,98.42,Warning
2024-08-09 21:00:00,549.1,82.48,971.95,111.57,111.34,Critical
2024-08-09 22:00:00,488.81,65.94,945.83,103.3,99.59,Warning
2024-08-09 23:00:00,411.81,54.35,886.09,67.89,61.97,Safe
2024-08-10 00:00:00,410.82,51.38,862.25,69.08,70.05,Safe
2024-08-10 01:00:00,415.27,53.53,856.74,76.87,79.75,Safe
2024-08-10 02:00:00,372.1,46.46,807.81,61.2,58.56,Safe
2024-08-10 03:00:00,487.68,63.44,916.03,87.35,85.52,Warning
2024-08-10 04:00:00,442.48,55.85,850.31,65.94,70.59,Safe
2024-08-10 05:00:00,414.89,53.06,848.77,69.8,74.15,Safe
2024-08-10 06:00:00,468.19,61.51,935.3,79.1,89.26,Warning
2024-08-10 07:00:00,479.77,65.7,887.78,101.2,86.85,Warning
2024-08-10 08:00:00,464.35,65.8,943.91,95.23,93.56,Warning
2024-08-10 09:00:00,555.0,87.61,1070.92,126.99,122.72,Critical
2024-08-10 10:00:00,525.21,76.01,998.01,111.62,109.76,Critical
2024-08-10 11:00:00,502.27,78.88,1003.16,108.94,97.65,Warning
2024-08-10 12:00:00,575.95,88.13,1030.45,122.9,131.14,Critical
2024-08-10 13:00:00,543.85,86.75,1019.54,124.16,134.91,Critical
2024-08-10 14:00:00,571.91,87.64,988.74,120.5,129.77,Critical
2024-08-10 15:00:00,590.85,97.73,1089.46,150.0,144.48,Critical
2024-08-10 16:00:00,559.77,88.76,1034.95,119.17,122.34,Critical
2024-08-10 17:00:00,590.84,97.83,1073.79,142.55,151.17,Critical
2024-08-10 18:00:00,450.07,64.38,921.46,77.76,69.77,Safe
2024-08-10 19:00:00,496.34,75.03,976.52,95.58,94.82,Warning
2024-08-10 20:00:00,507.75,72.11,946.57,84.73,85.47,Warning
2024-08-10 21:00:00,483.28,78.92,1030.09,110.17,112.84,Critical
2024-08-10 22:00:00,415.65,58.25,907.32,69.57,87.86,Warning
2024-08-10 23:00:00,436.64,61.7,928.22,89.2,88.08,Warning
2024-08-11 00:00:00,413.26,57.09,883.18,74.41,70.35,Safe
2024-08-11 01:00:00,447.7,56.64,894.45,76.72,82.07,Warning
2024-08-11 02:00:00,422.77,51.29,836.74,53.25,53.52,Safe
2024-08-11 03:00:00,423.05,53.69,883.11,74.07,77.35,Safe
2024-08-11 04:00:00,421.07,57.5,883.0,67.09,74.95,Safe
2024-08-11 05:00:00,437.05,54.59,850.47,58.41,59.61,Safe
2024-08-11 06:00:00,440.37,65.65,927.75,87.76,94.14,Warning
2024-08-11 07:00:00,523.11,73.28,959.97,92.59,84.35,Warning
2024-08-11 08:00:00,427.66,59.31,947.66,61.86,63.6,Safe
2024-08-11 09:00:00,534.41,84.52,1032.18,128.28,129.78,Critical
2024-08-11 10:00:00,569.15,93.79,1100.0,129.53,135.48,Critical
2024-08-11 11:00:00,584.98,100.0,1100.0,127.24,116.6,Critical
2024-08-11 12:00:00,598.47,92.88,1065.23,126.98,121.7,Critical
2024-08-11 13:00:00,568.24,89.3,1036.74,120.53,122.3,Critical
2024-08-11 14:00:00,528.02,77.75,950.47,115.63,101.68,Critical
2024-08-11 15:00:00,493.31,77.61,968.89,90.0,90.61,Warning
2024-08-11 16:00:00,540.45,84.48,1036.98,108.17,109.17,Critical
2024-08-11 17:00:00,565.05,89.44,1040.55,134.11,117.44,Critical
2024-08-11 18:00:00,484.75,70.24,959.47,91.84,92.22,Warning
2024-08-11 19:00:00,452.67,67.23,891.48,86.78,92.07,Warning
2024-08-11 20:00:00,514.22,74.79,983.93,100.39,95.72,Warning
2024-08-11 21:00:00,515.66,78.49,1016.57,125.75,132.91,Critical
2024-08-11 22:00:00,435.47,62.21,871.98,67.14,71.8,Safe
2024-08-11 23:00:00,443.23,67.3,944.67,89.33,88.97,Warning
2024-08-12 00:00:00,390.61,45.53,857.21,69.03,64.79,Safe
2024-08-12 01:00:00,478.39,61.02,942.06,82.8,86.83,Warning
2024-08-12 02:00:00,415.43,57.41,875.97,65.18,63.02,Safe
2024-08-12 03:00:00,422.51,55.03,892.31,77.15,73.51,Safe
2024-08-12 04:00:00,435.67,55.03,906.61,81.49,78.26,Safe
2024-08-12 05:00:00,405.5,55.82,887.93,62.98,66.88,Safe
2024-08-12 06:00:00,482.76,72.37,990.12,110.55,105.26,Critical
2024-08-12 07:00:00,437.64,62.42,911.31,80.66,78.71,Safe
2024-08-12 08:00:00,502.03,72.06,968.97,103.7,102.16,Critical
2024-08-12 09:00:00,562.32,85.94,1016.02,133.39,130.04,Critical
2024-08-12 10:00:00,566.59,91.09,1051.83,134.68,138.84,Critical
2024-08-12 11:00:00,545.74,89.38,1056.44,124.85,113.47,Critical
2024-08-12 12:00:00,593.8,100.0,1084.67,135.96,133.88,Critical
2024-08-12 13:00:00,546.57,88.85,1039.33,145.14,147.88,Critical
2024-08-12 14:00:00,531.6,86.32,1048.34,113.75,114.41,Critical
2024-08-12 15:00:00,583.01,96.11,1100.0,140.2,146.35,Critical
2024-08-12 16:00:00,593.89,96.46,1037.21,139.57,142.98,Critical
2024-08-12 17:00:00,510.3,75.86,1022.78,111.54,107.58,Critical
2024-08-12 18:00:00,487.96,72.02,954.38,114.06,102.7,Critical
2024-08-12 19:00:00,490.4,72.4,983.23,99.76,97.92,Warning
2024-08-12 20:00:00,473.14,68.57,968.39,92.4,90.97,Warning
2024-08-12 21:00:00,488.88,76.76,1018.22,117.42,120.15,Critical
2024-08-12 22:00:00,420.12,54.47,856.33,67.01,81.82,Warning
2024-08-12 23:00:00,431.67,59.96,894.84,83.46,82.86,Warning
2024-08-13 00:00:00,387.94,51.7,857.32,63.49,62.03,Safe
2024-08-13 01:00:00,402.75,49.39,839.09,68.02,61.67,Safe
2024-08-13 02:00:00,410.0,54.64,902.21,75.58,74.22,Safe
2024-08-13 03:00:00,440.03,59.21,894.36,73.57,80.56,Warning
2024-08-13 04:00:00,422.19,52.58,827.29,50.24,62.55,Safe
2024-08-13 05:00:00,369.06,45.59,814.02,38.49,42.61,Safe
2024-08-13 06:00:00,472.25,67.74,903.98,73.76,80.87,Warning
2024-08-13 07:00:00,480.53,76.47,977.33,100.57,117.33,Critical
2024-08-13 08:00:00,466.74,61.32,921.4,64.59,73.49,Safe
2024-08-13 09:00:00,576.53,98.89,1080.05,136.76,138.32,Critical
2024-08-13 10:00:00,588.19,98.85,1085.38,140.8,143.23,Critical
2024-08-13 11:00:00,600.0,100.0,1093.96,149.49,142.7,Critical
2024-08-13 12:00:00,596.72,100.0,1100.0,146.64,147.37,Critical
2024-08-13 13:00:00,501.88,79.66,1009.65,115.73,109.53,Critical
2024-08-13 14:00:00,546.78,84.2,1038.76,122.82,118.47,Critical
2024-08-13 15:00:00,530.51,80.21,1050.67,112.29,119.19,Critical
2024-08-13 16:00:00,559.78,92.16,1063.52,128.47,126.8,Critical
2024-08-13 17:00:00,560.53,91.97,1076.04,123.19,121.34,Critical
2024-08-13 18:00:00,480.3,71.6,923.07,95.7,104.22,Critical
2024-08-13 19:00:00,512.9,78.95,986.41,95.17,97.79,Warning
2024-08-13 20:00:00,438.58,66.27,925.4,93.01,85.94,Warning
2024-08-13 21:00:00,506.3,77.21,963.67,96.55,103.29,Critical
2024-08-13 22:00:00,450.53,56.39,870.16,75.44,75.59,Safe
2024-08-13 23:00:00,391.34,50.97,852.49,64.01,50.67,Safe
2024-08-14 00:00:00,422.03,57.55,876.65,81.46,80.06,Warning
2024-08-14 01:00:00,396.07,53.16,923.04,54.65,59.17,Safe
2024-08-14 02:00:00,449.81,60.31,912.82,77.41,78.04,Safe
2024-08-14 03:00:00,384.92,42.02,854.12,57.55,57.7,Safe
2024-08-14 04:00:00,438.6,55.52,910.44,88.46,72.04,Safe
2024-08-14 05:00:00,381.77,49.81,834.99,57.94,71.7,Safe
2024-08-14 06:00:00,457.64,62.66,914.13,78.27,80.24,Warning
2024-08-14 07:00:00,473.55,63.37,907.28,101.34,97.75,Warning
2024-08-14 08:00:00,508.06,75.23,972.59,109.69,111.85,Critical
2024-08-14 09:00:00,600.0,100.0,1078.52,150.0,143.78,Critical
2024-08-14 10:00:00,532.68,84.82,1014.39,107.21,109.1,Critical
2024-08-14 11:00:00,584.0,95.23,1084.06,140.24,141.82,Critical
2024-08-14 12:00:00,577.63,90.08,1057.73,120.68,128.83,Critical
2024-08-14 13:00:00,553.11,87.13,1041.22,112.47,112.2,Critical
2024-08-14 14:00:00,582.52,100.0,1098.69,145.48,141.64,Critical
2024-08-14 15:00:00,593.62,100.0,1100.0,147.45,133.76,Critical
2024-08-14 16:00:00,596.29,94.84,1068.55,132.43,127.59,Critical
2024-08-14 17:00:00,550.07,86.38,1062.51,134.64,122.47,Critical
2024-08-14 18:00:00,501.87,75.05,934.6,97.14,107.73,Critical
2024-08-14 19:00:00,455.16,65.73,943.1,84.92,75.32,Safe
2024-08-14 20:00:00,506.4,72.44,972.94,100.43,104.85,Critical
2024-08-14 21:00:00,504.87,70.4,937.16,94.71,103.11,Critical
2024-08-14 22:00:00,479.48,65.45,919.43,98.55,101.97,Critical
2024-08-14 23:00:00,485.48,66.32,941.83,82.81,92.06,Warning
2024-08-15 00:00:00,392.66,49.42,867.25,55.13,51.68,Safe
2024-08-15 01:00:00,398.36,51.34,818.21,51.0,46.38,Safe
2024-08-15 02:00:00,435.05,59.31,910.37,92.31,88.25,Warning
2024-08-15 03:00:00,408.38,51.96,849.73,61.56,73.48,Safe
2024-08-15 04:00:00,443.67,55.91,904.31,68.87,70.56,Safe
2024-08-15 05:00:00,445.12,57.2,845.54,70.47,75.63,Safe
2024-08-15 06:00:00,457.82,62.57,966.65,92.91,97.22,Warning
2024-08-15 07:00:00,484.64,76.17,961.35,105.89,105.45,Critical
2024-08-15 08:00:00,443.33,66.74,965.16,83.24,80.35,Warning
2024-08-15 09:00:00,530.45,81.77,1007.33,110.4,115.55,Critical
2024-08-15 10:00:00,600.0,100.0,1081.99,130.28,146.45,Critical
2024-08-15 11:00:00,530.53,82.91,1020.38,116.47,110.9,Critical
2024-08-15 12:00:00,544.41,79.4,1019.64,124.26,126.07,Critical
2024-08-15 13:00:00,584.85,100.0,1065.84,134.48,139.78,Critical
2024-08-15 14:00:00,570.76,96.92,1100.0,141.96,133.26,Critical
2024-08-15 15:00:00,579.3,97.15,1085.48,132.57,140.14,Critical
2024-08-15 16:00:00,491.33,75.29,989.14,93.54,98.06,Warning
2024-08-15 17:00:00,535.41,82.01,1010.29,120.02,124.38,Critical
2024-08-15 18:00:00,446.5,63.1,902.92,100.17,97.14,Warning
2024-08-15 19:00:00,446.81,67.12,911.11,89.68,85.74,Warning
2024-08-15 20:00:00,475.12,65.66,943.1,86.1,78.81,Safe
2024-08-15 21:00:00,456.84,70.37,966.53,89.83,93.45,Warning
2024-08-15 22:00:00,406.44,55.36,891.37,84.58,78.14,Safe
2024-08-15 23:00:00,410.36,58.27,900.76,75.27,73.46,Safe
2024-08-16 00:00:00,420.34,54.36,892.58,64.07,63.21,Safe
2024-08-16 01:00:00,410.48,51.97,890.78,66.38,75.45,Safe
2024-08-16 02:00:00,442.59,53.94,828.42,70.39,62.89,Safe
2024-08-16 03:00:00,410.87,49.52,796.08,62.91,65.41,Safe
2024-08-16 04:00:00,412.58,48.1,878.29,75.19,73.15,Safe
2024-08-16 05:00:00,388.72,46.17,801.35,64.18,58.56,Safe
2024-08-16 06:00:00,471.84,71.38,933.0,94.86,91.91,Warning
2024-08-16 07:00:00,442.91,60.28,895.07,77.76,83.17,Warning
2024-08-16 08:00:00,473.69,66.35,895.36,90.13,78.6,Safe
2024-08-16 09:00:00,541.61,82.94,1006.31,111.0,115.89,Critical
2024-08-16 10:00:00,547.47,88.52,1021.74,130.08,118.15,Critical
2024-08-16 11:00:00,600.0,100.0,1094.87,141.06,141.81,Critical
2024-08-16 12:00:00,571.66,96.18,1087.06,139.5,142.74,Critical
2024-08-16 13:00:00,585.39,100.0,1092.44,150.0,140.2,Critical
2024-08-16 14:00:00,559.66,93.82,1060.43,134.95,135.28,Critical
2024-08-16 15:00:00,600.0,100.0,1100.0,144.85,137.27,Critical
2024-08-16 16:00:00,516.83,83.33,1039.62,111.09,107.84,Critical
2024-08-16 17:00:00,547.17,88.28,1076.67,124.67,121.35,Critical
2024-08-16 18:00:00,502.04,72.35,956.94,90.07,89.93,Warning
2024-08-16 19:00:00,487.07,75.37,1017.0,107.8,104.85,Critical
2024-08-16 20:00:00,456.3,65.84,948.49,70.55,77.76,Safe
2024-08-16 21:00:00,494.04,73.26,939.2,105.66,110.81,Critical
2024-08-16 22:00:00,410.94,51.87,831.6,69.15,67.43,Safe
2024-08-16 23:00:00,401.33,52.08,847.7,64.08,69.84,Safe
2024-08-17 00:00:00,427.26,54.06,902.08,67.08,76.27,Safe
2024-08-17 01:00:00,427.15,54.72,862.57,69.39,64.65,Safe
2024-08-17 02:00:00,389.04,43.27,774.72,35.76,33.6,Safe
2024-08-17 03:00:00,413.02,53.54,862.66,73.42,65.58,Safe
2024-08-17 04:00:00,408.82,54.0,826.43,63.23,66.97,Safe
2024-08-17 05:00:00,379.8,47.34,813.49,66.75,54.83,Safe
2024-08-17 06:00:00,461.74,64.36,908.89,87.78,90.78,Warning
2024-08-17 07:00:00,454.08,64.84,927.49,87.1,88.05,Warning
2024-08-17 08:00:00,456.19,66.04,952.73,91.25,96.2,Warning
2024-08-17 09:00:00,567.08,93.34,1081.97,124.5,131.55,Critical
2024-08-17 10:00:00,566.11,93.92,1043.65,126.78,139.03,Critical
2024-08-17 11:00:00,530.95,82.04,1002.02,114.63,120.17,Critical
2024-08-17 12:00:00,525.42,86.3,1033.18,115.98,120.83,Critical
2024-08-17 13:00:00,580.36,94.03,1064.38,128.82,117.49,Critical
2024-08-17 14:00:00,596.87,96.85,1078.33,136.39,140.5,Critical
2024-08-17 15:00:00,563.99,93.03,1027.25,128.74,126.13,Critical
2024-08-17 16:00:00,600.0,99.41,1071.69,150.0,144.93,Critical
2024-08-17 17:00:00,596.21,98.99,1086.09,138.25,140.41,Critical
2024-08-17 18:00:00,467.7,72.39,893.9,85.87,83.92,Warning
2024-08-17 19:00:00,463.54,66.87,948.44,88.15,85.32,Warning
2024-08-17 20:00:00,498.28,74.35,941.55,111.5,94.28,Warning
2024-08-17 21:00:00,471.45,66.29,946.56,102.3,111.27,Critical
2024-08-17 22:00:00,435.56,59.79,912.13,93.41,93.95,Warning
2024-08-17 23:00:00,423.48,59.41,885.09,74.91,71.44,Safe
2024-08-18 00:00:00,389.91,51.31,878.56,68.25,73.21,Safe
2024-08-18 01:00:00,428.17,59.33,913.0,68.19,70.28,Safe
2024-08-18 02:00:00,377.11,46.23,824.35,51.18,57.37,Safe
2024-08-18 03:00:00,409.79,56.42,872.82,60.58,58.29,Safe
2024-08-18 04:00:00,439.02,62.32,935.74,85.58,89.08,Warning
2024-08-18 05:00:00,434.07,56.21,886.15,73.34,75.95,Safe
2024-08-18 06:00:00,486.72,65.91,952.53,93.39,87.34,Warning
2024-08-18 07:00:00,459.3,62.18,858.34,72.7,71.08,Safe
2024-08-18 08:00:00,519.2,75.23,978.32,111.75,104.34,Critical
2024-08-18 09:00:00,563.6,87.49,1002.75,102.91,107.76,Critical
2024-08-18 10:00:00,526.9,78.81,993.48,107.81,115.04,Critical
2024-08-18 11:00:00,526.43,82.79,1029.65,114.47,118.29,Critical
2024-08-18 12:00:00,600.0,100.0,1100.0,126.83,144.62,Critical
2024-08-18 13:00:00,590.15,99.01,1074.41,142.51,140.05,Critical
2024-08-18 14:00:00,595.41,99.62,1086.53,139.93,145.04,Critical
2024-08-18 15:00:00,513.19,78.06,988.2,111.71,115.59,Critical
2024-08-18 16:00:00,546.99,84.25,999.81,133.24,128.7,Critical
2024-08-18 17:00:00,580.61,93.67,1089.88,137.28,122.26,Critical
2024-08-18 18:00:00,470.61,68.22,939.56,98.62,96.66,Warning
2024-08-18 19:00:00,524.78,81.0,1007.68,123.33,111.79,Critical
2024-08-18 20:00:00,524.75,79.67,1011.99,115.35,115.37,Critical
2024-08-18 21:00:00,474.7,66.34,930.12,82.23,86.67,Warning
2024-08-18 22:00:00,408.01,57.32,868.61,56.68,60.71,Safe
2024-08-18 23:00:00,440.76,63.96,918.41,85.36,85.02,Warning
2024-08-19 00:00:00,440.98,56.37,863.01,69.41,70.5,Safe
2024-08-19 01:00:00,393.11,48.49,844.83,69.35,65.91,Safe
2024-08-19 02:00:00,419.14,56.27,903.28,68.52,83.11,Warning
2024-08-19 03:00:00,436.23,59.98,874.05,75.66,71.17,Safe
2024-08-19 04:00:00,410.31,53.5,833.79,55.47,56.49,Safe
2024-08-19 05:00:00,461.25,63.36,917.88,81.53,89.33,Warning
2024-08-19 06:00:00,442.45,64.49,905.56,74.7,87.82,Warning
2024-08-19 07:00:00,457.27,64.23,921.85,77.97,88.54,Warning
2024-08-19 08:00:00,488.77,71.33,963.7,96.68,92.82,Warning
2024-08-19 09:00:00,535.71,82.54,965.54,107.52,116.01,Critical
2024-08-19 10:00:00,524.64,80.38,1017.08,133.34,128.79,Critical
2024-08-19 11:00:00,534.3,81.77,983.12,119.29,113.37,Critical
2024-08-19 12:00:00,578.54,96.64,1082.71,145.21,147.47,Critical
2024-08-19 13:00:00,577.93,97.78,1074.39,136.04,139.14,Critical
2024-08-19 14:00:00,581.36,86.74,1021.56,125.63,112.47,Critical
2024-08-19 15:00:00,581.18,96.35,1100.0,134.2,134.66,Critical
2024-08-19 16:00:00,559.38,90.49,1059.47,148.61,154.24,Critical
2024-08-19 17:00:00,594.77,96.32,1100.0,138.37,138.42,Critical
2024-08-19 18:00:00,502.87,70.13,953.97,92.36,91.34,Warning
2024-08-19 19:00:00,445.3,63.23,929.79,76.94,82.52,Warning
2024-08-19 20:00:00,459.7,68.42,951.28,93.08,97.45,Warning
2024-08-19 21:00:00,501.69,79.77,1004.45,119.64,116.76,Critical
2024-08-19 22:00:00,478.66,64.09,944.81,97.3,93.49,Warning
2024-08-19 23:00:00,428.03,60.64,906.64,71.26,76.3,Safe
2024-08-20 00:00:00,405.09,51.37,907.12,60.45,55.62,Safe
2024-08-20 01:00:00,416.88,57.64,909.33,83.55,74.26,Safe
2024-08-20 02:00:00,405.96,56.56,857.73,85.07,84.8,Warning
2024-08-20 03:00:00,395.15,49.81,845.17,59.31,54.06,Safe
2024-08-20 04:00:00,406.35,54.87,883.09,78.04,71.32,Safe
2024-08-20 05:00:00,438.8,62.12,911.58,68.42,77.91,Safe
2024-08-20 06:00:00,508.09,70.0,965.11,91.63,104.88,Critical
2024-08-20 07:00:00,503.55,74.4,989.53,94.96,108.23,Critical
2024-08-20 08:00:00,513.16,75.03,945.24,105.37,103.88,Critical
2024-08-20 09:00:00,535.51,80.99,1033.13,113.66,106.43,Critical
2024-08-20 10:00:00,581.47,95.72,1067.67,137.1,143.46,Critical
2024-08-20 11:00:00,593.84,100.0,1086.89,150.0,145.5,Critical
2024-08-20 12:00:00,526.13,80.66,990.12,105.88,115.39,Critical
2024-08-20 13:00:00,554.44,88.02,1057.89,125.58,143.08,Critical
2024-08-20 14:00:00,517.6,81.39,1001.07,100.65,108.87,Critical
2024-08-20 15:00:00,559.58,89.44,1032.6,134.44,124.63,Critical
2024-08-20 16:00:00,514.71,81.15,996.42,119.3,110.01,Critical
2024-08-20 17:00:00,516.12,79.63,958.67,110.04,109.74,Critical
2024-08-20 18:00:00,493.87,74.64,954.67,100.95,98.25,Warning
2024-08-20 19:00:00,509.44,81.8,981.73,105.49,100.97,Critical
2024-08-20 20:00:00,483.6,79.13,989.73,93.51,95.87,Warning
2024-08-20 21:00:00,474.77,71.98,974.51,99.07,99.28,Warning
2024-08-20 22:00:00,454.22,57.24,898.39,83.11,98.94,Warning
2024-08-20 23:00:00,401.54,51.47,885.0,81.19,73.04,Safe
2024-08-21 00:00:00,392.98,45.53,850.4,53.73,74.99,Safe
2024-08-21 01:00:00,387.14,54.22,859.47,66.27,63.78,Safe
2024-08-21 02:00:00,434.76,62.22,911.52,88.66,83.36,Warning
2024-08-21 03:00:00,408.52,56.87,883.63,79.54,81.97,Warning
2024-08-21 04:00:00,405.53,52.09,813.13,56.75,52.42,Safe
2024-08-21 05:00:00,462.23,57.08,858.62,73.27,65.24,Safe
2024-08-21 06:00:00,461.96,63.88,915.72,80.48,82.14,Warning
2024-08-21 07:00:00,478.78,63.76,915.0,79.33,86.42,Warning
2024-08-21 08:00:00,455.4,64.74,934.97,97.55,89.17,Warning
2024-08-21 09:00:00,600.0,98.54,1100.0,142.26,125.68,Critical
2024-08-21 10:00:00,572.51,85.87,990.39,120.52,129.67,Critical
2024-08-21 11:00:00,541.99,85.88,1040.81,122.47,123.78,Critical
2024-08-21 12:00:00,503.49,77.76,992.73,106.51,103.11,Critical
2024-08-21 13:00:00,569.07,96.88,1098.11,134.76,137.98,Critical
2024-08-21 14:00:00,595.67,100.0,1100.0,136.39,156.24,Critical
2024-08-21 15:00:00,600.0,100.0,1096.86,150.0,151.5,Critical
2024-08-21 16:00:00,576.83,87.1,1062.9,122.47,123.84,Critical
2024-08-21 17:00:00,547.31,91.36,1037.23,118.12,119.47,Critical
2024-08-21 18:00:00,465.0,66.04,909.39,85.85,85.72,Warning
2024-08-21 19:00:00,442.72,67.03,944.58,104.04,106.05,Critical
2024-08-21 20:00:00,463.27,67.31,928.44,81.94,83.12,Warning
2024-08-21 21:00:00,495.64,72.82,969.86,105.24,107.67,Critical
2024-08-21 22:00:00,455.5,62.08,954.25,82.71,85.29,Warning
2024-08-21 23:00:00,447.97,59.93,908.31,81.15,72.55,Safe
2024-08-22 00:00:00,383.92,44.59,827.62,61.01,57.15,Safe
2024-08-22 01:00:00,412.65,51.13,836.53,49.41,40.99,Safe
2024-08-22 02:00:00,401.64,50.25,813.85,52.57,47.73,Safe
2024-08-22 03:00:00,425.73,60.1,898.9,83.37,75.78,Safe
2024-08-22 04:00:00,396.16,55.52,901.07,69.58,76.27,Safe
2024-08-22 05:00:00,397.91,51.39,849.85,64.12,64.46,Safe
2024-08-22 06:00:00,478.6,70.12,959.43,100.29,100.96,Critical
2024-08-22 07:00:00,465.84,62.07,941.73,78.05,77.26,Safe
2024-08-22 08:00:00,488.07,72.37,992.68,108.08,104.3,Critical
2024-08-22 09:00:00,542.77,86.38,1041.33,127.59,123.14,Critical
2024-08-22 10:00:00,550.6,86.3,1035.24,123.45,125.03,Critical
2024-08-22 11:00:00,572.34,94.03,1036.74,134.56,143.98,Critical
2024-08-22 12:00:00,549.71,84.59,1009.09,127.73,128.05,Critical
2024-08-22 13:00:00,600.0,100.0,1093.82,137.88,138.99,Critical
2024-08-22 14:00:00,573.07,85.6,1009.25,127.37,152.5,Critical
2024-08-22 15:00:00,567.4,91.51,1063.02,143.61,147.06,Critical
2024-08-22 16:00:00,530.08,81.34,1048.76,120.8,113.81,Critical
2024-08-22 17:00:00,549.34,81.81,1042.44,116.23,119.78,Critical
2024-08-22 18:00:00,508.46,77.64,993.57,125.17,115.41,Critical
2024-08-22 19:00:00,471.59,65.52,944.75,90.81,88.07,Warning
2024-08-22 20:00:00,462.03,69.48,931.37,101.57,98.85,Warning
2024-08-22 21:00:00,472.81,69.29,978.66,90.98,93.29,Warning
2024-08-22 22:00:00,446.03,57.46,852.94,82.08,78.2,Safe
2024-08-22 23:00:00,422.27,58.08,910.48,70.3,68.81,Safe
2024-08-23 00:00:00,393.61,48.85,855.15,62.65,62.58,Safe
2024-08-23 01:00:00,391.52,53.39,850.32,58.53,46.3,Safe
2024-08-23 02:00:00,435.52,51.86,854.71,82.84,71.3,Safe
2024-08-23 03:00:00,404.44,46.69,808.5,54.96,61.09,Safe
2024-08-23 04:00:00,434.19,57.89,865.43,64.37,63.14,Safe
2024-08-23 05:00:00,413.43,51.58,822.9,63.59,61.2,Safe
2024-08-23 06:00:00,486.18,70.16,967.69,100.34,103.41,Critical
2024-08-23 07:00:00,481.74,65.59,954.47,90.62,87.29,Warning
2024-08-23 08:00:00,480.94,72.05,912.69,87.21,79.16,Safe
2024-08-23 09:00:00,556.69,86.61,1073.49,133.13,136.32,Critical
2024-08-23 10:00:00,556.72,85.41,1026.79,131.09,130.31,Critical
2024-08-23 11:00:00,570.49,88.37,1048.23,113.28,119.49,Critical
2024-08-23 12:00:00,525.49,89.28,1014.01,112.77,111.4,Critical
2024-08-23 13:00:00,524.85,83.31,1045.61,115.26,120.78,Critical
2024-08-23 14:00:00,565.17,94.86,1078.71,128.93,133.47,Critical
2024-08-23 15:00:00,600.0,100.0,1100.0,147.21,156.65,Critical
2024-08-23 16:00:00,533.34,90.39,1078.81,140.28,135.96,Critical
2024-08-23 17:00:00,541.56,92.55,1092.12,126.13,118.33,Critical
2024-08-23 18:00:00,530.94,75.14,961.44,117.88,109.08,Critical
2024-08-23 19:00:00,516.49,76.96,980.22,94.46,107.95,Critical
2024-08-23 20:00:00,489.37,71.92,946.14,100.27,90.67,Warning
2024-08-23 21:00:00,466.89,65.45,946.94,83.72,85.64,Warning
2024-08-23 22:00:00,431.01,57.24,893.52,77.81,66.59,Safe
2024-08-23 23:00:00,465.04,62.77,937.37,71.35,68.8,Safe
2024-08-24 00:00:00,404.47,53.33,891.13,57.05,56.89,Safe
2024-08-24 01:00:00,449.61,61.75,870.75,82.49,92.05,Warning
2024-08-24 02:00:00,406.06,50.72,883.32,59.8,52.09,Safe
2024-08-24 03:00:00,416.42,57.77,909.77,71.08,65.36,Safe
2024-08-24 04:00:00,469.4,62.88,906.28,98.84,91.48,Warning
2024-08-24 05:00:00,443.36,62.4,919.7,82.53,89.93,Warning
2024-08-24 06:00:00,507.32,73.27,963.63,108.19,113.48,Critical
2024-08-24 07:00:00,511.57,77.49,1001.0,101.24,103.6,Critical
2024-08-24 08:00:00,507.11,71.06,947.13,87.35,82.79,Warning
2024-08-24 09:00:00,558.06,93.16,1076.34,130.09,121.34,Critical
2024-08-24 10:00:00,503.81,79.75,1000.23,96.33,89.45,Warning
2024-08-24 11:00:00,515.36,82.01,1000.54,106.0,110.34,Critical
2024-08-24 12:00:00,552.75,87.72,1042.78,125.36,131.23,Critical
2024-08-24 13:00:00,571.1,87.38,1096.44,127.7,147.84,Critical
2024-08-24 14:00:00,593.82,92.88,1049.32,135.84,138.24,Critical
2024-08-24 15:00:00,564.02,99.09,1089.95,142.11,144.17,Critical
2024-08-24 16:00:00,559.26,88.94,1030.0,114.94,106.79,Critical
2024-08-24 17:00:00,507.58,88.14,1028.31,109.99,112.65,Critical
2024-08-24 18:00:00,518.17,76.76,1001.75,90.1,92.69,Warning
2024-08-24 19:00:00,489.53,68.47,958.1,91.46,93.48,Warning
2024-08-24 20:00:00,459.68,65.06,925.17,91.87,107.68,Critical
2024-08-24 21:00:00,497.78,74.15,993.33,114.29,113.02,Critical
2024-08-24 22:00:00,403.51,50.62,870.56,65.21,60.87,Safe
2024-08-24 23:00:00,421.5,58.12,887.03,84.19,80.88,Warning
2024-08-25 00:00:00,422.76,54.18,837.15,70.08,68.01,Safe
2024-08-25 01:00:00,376.88,45.03,843.41,54.97,64.63,Safe
2024-08-25 02:00:00,423.82,52.7,867.23,62.8,52.98,Safe
2024-08-25 03:00:00,403.85,51.36,857.29,44.47,61.37,Safe
2024-08-25 04:00:00,391.83,50.97,844.6,70.81,63.81,Safe
2024-08-25 05:00:00,432.42,63.48,933.78,81.45,84.96,Warning
2024-08-25 06:00:00,418.74,61.21,913.72,88.21,83.81,Warning
2024-08-25 07:00:00,495.3,69.23,940.94,87.14,111.54,Critical
2024-08-25 08:00:00,476.71,70.78,926.94,112.42,105.6,Critical
2024-08-25 09:00:00,599.62,98.72,1100.0,139.88,133.61,Critical
2024-08-25 10:00:00,600.0,98.18,1100.0,135.92,137.94,Critical
2024-08-25 11:00:00,501.28,77.29,992.07,103.66,108.09,Critical
2024-08-25 12:00:00,507.62,79.1,937.05,105.74,94.34,Warning
2024-08-25 13:00:00,564.11,91.49,1056.62,128.3,128.26,Critical
2024-08-25 14:00:00,513.01,78.15,985.44,102.99,94.63,Warning
2024-08-25 15:00:00,600.0,100.0,1086.39,127.76,125.71,Critical
2024-08-25 16:00:00,600.0,100.0,1100.0,136.57,142.55,Critical
2024-08-25 17:00:00,513.89,76.3,997.23,114.95,112.08,Critical
2024-08-25 18:00:00,535.29,78.75,1003.36,104.34,107.04,Critical
2024-08-25 19:00:00,461.7,66.05,953.08,75.0,68.66,Safe
2024-08-25 20:00:00,489.07,71.22,933.61,86.8,83.98,Warning
2024-08-25 21:00:00,517.18,80.35,991.77,109.16,103.59,Critical
2024-08-25 22:00:00,412.57,57.66,889.95,65.84,56.8,Safe
2024-08-25 23:00:00,450.25,58.35,878.07,74.07,76.06,Safe
2024-08-26 00:00:00,444.68,59.31,912.55,72.14,78.72,Safe
2024-08-26 01:00:00,418.33,54.52,861.11,76.29,74.31,Safe
2024-08-26 02:00:00,406.29,51.58,886.46,69.71,72.75,Safe
2024-08-26 03:00:00,420.15,60.31,881.06,92.29,83.17,Warning
2024-08-26 04:00:00,435.28,62.24,958.1,79.57,86.02,Warning
2024-08-26 05:00:00,396.47,47.94,884.34,59.11,49.84,Safe
2024-08-26 06:00:00,438.47,61.47,905.27,88.65,78.68,Safe
2024-08-26 07:00:00,455.07,64.53,947.87,89.46,85.69,Warning
2024-08-26 08:00:00,455.21,64.17,912.04,76.36,90.38,Warning
2024-08-26 09:00:00,490.69,75.06,997.59,106.99,100.02,Critical
2024-08-26 10:00:00,498.61,78.04,986.33,108.52,105.69,Critical
2024-08-26 11:00:00,547.07,92.41,1033.77,111.87,110.48,Critical
2024-08-26 12:00:00,570.83,93.22,988.38,121.83,118.14,Critical
2024-08-26 13:00:00,594.34,96.42,1076.19,139.37,145.87,Critical
2024-08-26 14:00:00,576.99,100.0,1100.0,150.0,160.0,Critical
2024-08-26 15:00:00,585.3,96.41,1100.0,143.77,135.68,Critical
2024-08-26 16:00:00,530.54,81.65,1009.06,109.1,107.06,Critical
2024-08-26 17:00:00,548.55,90.6,1075.06,121.67,132.69,Critical
2024-08-26 18:00:00,538.43,79.63,988.16,117.97,125.1,Critical
2024-08-26 19:00:00,493.6,74.75,966.33,81.34,93.15,Warning
2024-08-26 20:00:00,481.3,70.68,976.59,89.97,88.95,Warning
2024-08-26 21:00:00,469.22,67.87,885.13,98.38,100.64,Critical
2024-08-26 22:00:00,393.57,54.59,873.24,68.4,62.66,Safe
2024-08-26 23:00:00,457.52,60.85,895.45,74.28,72.49,Safe
2024-08-27 00:00:00,413.18,56.64,913.13,62.9,59.88,Safe
2024-08-27 01:00:00,422.21,56.38,870.28,77.52,71.56,Safe
2024-08-27 02:00:00,411.45,50.77,865.21,65.06,51.12,Safe
2024-08-27 03:00:00,437.89,54.36,892.07,70.53,77.4,Safe
2024-08-27 04:00:00,438.52,63.41,884.21,82.57,94.49,Warning
2024-08-27 05:00:00,420.43,56.67,880.28,72.75,80.37,Warning
2024-08-27 06:00:00,514.07,73.68,958.9,102.55,95.82,Warning
2024-08-27 07:00:00,464.57,64.52,943.42,76.6,92.29,Warning
2024-08-27 08:00:00,476.48,66.77,948.7,82.64,88.77,Warning
2024-08-27 09:00:00,495.68,77.6,982.87,110.4,113.08,Critical
2024-08-27 10:00:00,527.01,83.08,992.36,117.87,119.11,Critical
2024-08-27 11:00:00,538.29,85.16,1048.64,122.96,140.03,Critical
2024-08-27 12:00:00,509.75,80.44,1000.71,104.89,105.82,Critical
2024-08-27 13:00:00,529.0,88.11,1004.95,124.79,110.98,Critical
2024-08-27 14:00:00,512.13,79.82,965.39,104.26,99.95,Warning
2024-08-27 15:00:00,600.0,96.41,1091.68,149.86,138.72,Critical
2024-08-27 16:00:00,574.15,93.33,1038.58,124.57,124.6,Critical
2024-08-27 17:00:00,600.0,100.0,1100.0,138.8,140.36,Critical
2024-08-27 18:00:00,524.23,80.43,981.53,108.95,97.45,Warning
2024-08-27 19:00:00,478.33,72.26,961.29,103.28,97.04,Warning
2024-08-27 20:00:00,496.33,69.61,951.55,95.54,87.25,Warning
2024-08-27 21:00:00,484.25,70.32,935.55,94.32,89.35,Warning
2024-08-27 22:00:00,444.55,57.77,839.57,69.69,75.97,Safe
2024-08-27 23:00:00,405.0,54.99,879.15,70.24,76.48,Safe
2024-08-28 00:00:00,430.14,53.9,852.93,68.04,75.13,Safe
2024-08-28 01:00:00,393.56,44.65,825.81,48.45,44.49,Safe
2024-08-28 02:00:00,406.46,50.6,850.31,63.82,57.9,Safe
2024-08-28 03:00:00,383.78,48.77,849.64,59.69,49.67,Safe
2024-08-28 04:00:00,426.84,56.87,918.71,93.48,96.08,Warning
2024-08-28 05:00:00,404.76,49.05,833.23,55.37,63.3,Safe
2024-08-28 06:00:00,481.52,69.56,937.49,86.44,96.27,Warning
2024-08-28 07:00:00,449.78,60.34,865.05,79.4,66.04,Safe
2024-08-28 08:00:00,469.13,63.74,914.41,77.4,82.68,Warning
2024-08-28 09:00:00,563.68,93.19,1074.97,122.77,120.81,Critical
2024-08-28 10:00:00,561.67,94.46,1061.66,119.9,131.48,Critical
2024-08-28 11:00:00,515.51,79.01,1004.21,103.08,121.66,Critical
2024-08-28 12:00:00,489.66,73.57,963.94,93.13,90.14,Warning
2024-08-28 13:00:00,516.24,76.31,952.9,93.72,101.45,Critical
2024-08-28 14:00:00,510.0,81.26,1013.16,109.06,97.77,Warning
2024-08-28 15:00:00,575.65,90.34,1047.17,109.77,108.73,Critical
2024-08-28 16:00:00,581.47,90.63,1055.85,134.1,135.85,Critical
2024-08-28 17:00:00,504.52,76.13,968.18,98.89,100.7,Critical
2024-08-28 18:00:00,487.45,71.65,943.83,92.75,99.98,Warning
2024-08-28 19:00:00,484.57,73.83,972.61,103.96,96.35,Warning
2024-08-28 20:00:00,470.68,69.57,942.78,95.16,87.19,Warning
2024-08-28 21:00:00,501.52,76.81,1021.98,101.75,102.8,Critical
2024-08-28 22:00:00,447.6,56.85,901.82,79.76,83.35,Warning
2024-08-28 23:00:00,436.95,59.49,909.44,89.96,77.96,Safe
2024-08-29 00:00:00,371.69,47.55,833.85,46.95,44.53,Safe
2024-08-29 01:00:00,382.37,44.7,778.93,56.65,51.46,Safe
2024-08-29 02:00:00,395.77,46.05,812.48,46.48,46.12,Safe
2024-08-29 03:00:00,425.84,56.55,868.51,80.68,73.22,Safe
2024-08-29 04:00:00,408.49,46.98,828.85,52.99,50.06,Safe
2024-08-29 05:00:00,426.25,53.84,868.47,63.02,64.91,Safe
2024-08-29 06:00:00,447.31,65.5,941.93,95.06,95.37,Warning
2024-08-29 07:00:00,451.6,64.83,930.16,90.88,88.53,Warning
2024-08-29 08:00:00,474.77,67.9,965.0,87.15,72.87,Safe
2024-08-29 09:00:00,576.67,100.0,1093.14,140.81,153.69,Critical
2024-08-29 10:00:00,566.95,90.56,1058.46,122.84,117.55,Critical
2024-08-29 11:00:00,575.34,100.0,1100.0,127.3,118.47,Critical
2024-08-29 12:00:00,538.37,81.01,1010.46,115.6,129.14,Critical
2024-08-29 13:00:00,542.7,82.5,1040.7,114.84,117.27,Critical
2024-08-29 14:00:00,516.91,77.46,1004.98,100.6,103.62,Critical
2024-08-29 15:00:00,565.94,93.85,1040.22,140.54,141.56,Critical
2024-08-29 16:00:00,592.46,97.52,1085.08,131.8,139.35,Critical
2024-08-29 17:00:00,591.57,99.69,1098.14,142.77,139.27,Critical
2024-08-29 18:00:00,496.89,77.83,1036.48,116.61,111.59,Critical
2024-08-29 19:00:00,475.5,70.06,943.04,91.14,88.12,Warning
2024-08-29 20:00:00,490.7,70.23,929.54,88.48,92.11,Warning
2024-08-29 21:00:00,478.69,69.52,957.24,96.35,94.27,Warning
2024-08-29 22:00:00,440.87,55.14,886.63,76.62,82.48,Warning
2024-08-29 23:00:00,418.04,51.83,857.53,72.68,75.63,Safe
2024-08-30 00:00:00,442.3,58.27,886.5,90.77,89.7,Warning
2024-08-30 01:00:00,409.56,58.02,910.98,69.46,71.21,Safe
2024-08-30 02:00:00,398.57,50.64,834.42,62.5,56.21,Safe
2024-08-30 03:00:00,386.26,50.29,843.95,49.58,45.57,Safe
2024-08-30 04:00:00,410.36,53.23,854.66,71.1,74.91,Safe
2024-08-30 05:00:00,381.77,47.87,863.42,59.78,65.13,Safe
2024-08-30 06:00:00,450.99,64.07,926.63,82.75,81.88,Warning
2024-08-30 07:00:00,480.22,66.34,908.27,83.57,76.87,Safe
2024-08-30 08:00:00,461.41,63.69,897.23,80.55,88.07,Warning
2024-08-30 09:00:00,548.58,83.62,1059.32,122.36,114.64,Critical
2024-08-30 10:00:00,561.35,95.94,1100.0,127.18,134.65,Critical
2024-08-30 11:00:00,600.0,100.0,1100.0,140.54,153.47,Critical
2024-08-30 12:00:00,518.53,76.25,981.52,106.06,110.99,Critical
2024-08-30 13:00:00,563.25,85.54,1060.89,111.64,124.67,Critical
2024-08-30 14:00:00,514.17,83.96,995.53,104.39,107.02,Critical
2024-08-30 15:00:00,540.6,86.38,1048.47,115.92,117.74,Critical
2024-08-30 16:00:00,573.16,89.67,1038.6,139.86,145.5,Critical
2024-08-30 17:00:00,597.31,100.0,1094.52,135.7,132.95,Critical
2024-08-30 18:00:00,500.17,78.23,1007.12,106.5,114.01,Critical
2024-08-30 19:00:00,446.34,67.01,931.89,78.11,80.92,Warning
2024-08-30 20:00:00,470.0,70.82,944.54,87.06,108.23,Critical
2024-08-30 21:00:00,443.36,66.75,922.86,73.78,86.32,Warning
2024-08-30 22:00:00,439.66,59.71,854.85,80.17,78.6,Safe
2024-08-30 23:00:00,412.67,50.03,866.94,53.46,67.45,Safe
2024-08-31 00:00:00,374.79,48.11,818.4,62.23,65.22,Safe
2024-08-31 01:00:00,396.69,48.27,882.24,65.31,71.51,Safe
2024-08-31 02:00:00,426.55,53.68,862.07,67.93,67.34,Safe
2024-08-31 03:00:00,424.36,56.1,909.31,80.69,86.36,Warning
2024-08-31 04:00:00,403.09,56.41,842.25,91.68,81.43,Warning
2024-08-31 05:00:00,465.45,65.01,941.14,91.4,91.67,Warning
2024-08-31 06:00:00,483.91,71.17,977.6,88.26,87.53,Warning
2024-08-31 07:00:00,472.57,68.69,972.13,105.33,106.45,Critical
2024-08-31 08:00:00,450.78,64.61,889.43,83.87,81.57,Warning
2024-08-31 09:00:00,535.02,83.45,1001.79,132.13,126.09,Critical
2024-08-31 10:00:00,541.3,83.54,1030.38,113.74,121.56,Critical
2024-08-31 11:00:00,600.0,91.75,1062.02,143.96,136.75,Critical
2024-08-31 12:00:00,588.53,96.74,1090.15,138.26,135.15,Critical
2024-08-31 13:00:00,560.32,84.79,1016.02,141.52,137.22,Critical
2024-08-31 14:00:00,582.77,94.44,1100.0,133.95,155.34,Critical
2024-08-31 15:00:00,530.53,82.98,1072.29,142.55,149.56,Critical
2024-08-31 16:00:00,543.44,85.34,1028.99,123.01,119.2,Critical
2024-08-31 17:00:00,567.78,96.22,1091.08,142.16,138.03,Critical
2024-08-31 18:00:00,495.32,72.76,965.04,112.79,109.07,Critical
2024-08-31 19:00:00,453.91,70.45,980.5,86.88,104.11,Critical
2024-08-31 20:00:00,480.52,73.15,983.99,106.63,115.85,Critical
2024-08-31 21:00:00,457.14,63.9,896.04,80.59,101.96,Critical
2024-08-31 22:00:00,447.36,57.66,874.82,76.39,71.44,Safe
2024-08-31 23:00:00,467.19,61.79,886.75,82.45,89.59,Warning
2024-09-01 00:00:00,393.09,49.1,904.79,67.77,66.53,Safe
2024-09-01 01:00:00,387.54,46.34,845.68,60.88,48.64,Safe
2024-09-01 02:00:00,443.5,57.43,874.04,69.88,73.71,Safe
2024-09-01 03:00:00,384.63,50.81,839.19,60.69,58.46,Safe
2024-09-01 04:00:00,358.83,38.29,809.17,25.48,36.7,Safe
2024-09-01 05:00:00,368.93,45.13,845.56,61.29,59.72,Safe
2024-09-01 06:00:00,437.75,60.04,917.76,92.18,83.97,Warning
2024-09-01 07:00:00,452.05,64.62,913.74,85.52,82.35,Warning
2024-09-01 08:00:00,450.14,61.01,911.78,67.73,69.19,Safe
2024-09-01 09:00:00,552.22,86.13,1033.09,127.41,136.0,Critical
2024-09-01 10:00:00,589.72,94.31,1050.95,127.88,139.6,Critical
2024-09-01 11:00:00,574.07,92.3,1041.12,131.27,128.63,Critical
2024-09-01 12:00:00,591.8,97.35,1095.81,145.0,146.77,Critical
2024-09-01 13:00:00,600.0,93.97,1074.17,140.7,128.05,Critical
2024-09-01 14:00:00,480.06,75.35,988.92,109.64,115.82,Critical
2024-09-01 15:00:00,554.26,82.63,1030.55,119.75,138.58,Critical
2024-09-01 16:00:00,540.98,86.26,1064.29,123.48,124.15,Critical
2024-09-01 17:00:00,504.07,74.02,953.03,106.48,102.99,Critical
2024-09-01 18:00:00,471.48,69.01,958.92,92.2,99.37,Warning
2024-09-01 19:00:00,488.44,74.57,989.33,95.85,92.96,Warning
2024-09-01 20:00:00,452.3,61.38,900.03,84.07,76.58,Safe
2024-09-01 21:00:00,478.91,66.08,933.08,80.59,84.61,Warning
2024-09-01 22:00:00,391.5,46.22,824.8,55.11,56.76,Safe
2024-09-01 23:00:00,422.17,57.44,933.59,64.48,81.84,Warning
2024-09-02 00:00:00,439.92,47.34,839.01,58.93,55.8,Safe
2024-09-02 01:00:00,429.74,53.24,876.13,65.28,62.36,Safe
2024-09-02 02:00:00,379.87,41.7,802.69,41.32,43.28,Safe
2024-09-02 03:00:00,423.54,57.12,875.05,80.68,85.54,Warning
2024-09-02 04:00:00,419.01,56.94,856.06,78.19,78.47,Safe
2024-09-02 05:00:00,402.04,51.49,881.65,75.42,76.18,Safe
2024-09-02 06:00:00,491.18,69.01,961.96,93.81,86.78,Warning
2024-09-02 07:00:00,470.53,71.1,948.88,90.36,95.81,Warning
2024-09-02 08:00:00,425.97,60.23,881.34,81.62,63.94,Safe
2024-09-02 09:00:00,597.75,97.55,1091.71,141.18,149.06,Critical
2024-09-02 10:00:00,505.75,75.32,965.65,103.64,103.39,Critical
2024-09-02 11:00:00,588.38,99.79,1094.07,120.72,119.68,Critical
2024-09-02 12:00:00,514.28,82.39,984.15,116.85,122.46,Critical
2024-09-02 13:00:00,560.05,84.98,1029.68,126.21,130.66,Critical
2024-09-02 14:00:00,538.0,83.25,1021.46,116.57,118.14,Critical
2024-09-02 15:00:00,555.07,93.54,1091.78,138.15,143.82,Critical
2024-09-02 16:00:00,493.29,77.85,985.93,109.34,113.72,Critical
2024-09-02 17:00:00,554.58,89.91,1042.21,119.93,119.34,Critical
2024-09-02 18:00:00,514.58,76.08,946.15,101.43,106.77,Critical
2024-09-02 19:00:00,486.37,69.51,971.77,87.69,91.12,Warning
2024-09-02 20:00:00,517.8,75.49,997.09,117.83,119.6,Critical
2024-09-02 21:00:00,469.34,72.55,963.38,103.61,107.55,Critical
2024-09-02 22:00:00,392.33,47.3,807.26,49.21,48.93,Safe
2024-09-02 23:00:00,445.24,56.32,854.88,77.54,67.6,Safe
2024-09-03 00:00:00,433.34,53.67,856.31,71.23,66.99,Safe
2024-09-03 01:00:00,445.62,60.15,921.98,74.43,79.96,Safe
2024-09-03 02:00:00,400.35,41.87,815.74,53.57,56.32,Safe
2024-09-03 03:00:00,409.85,50.33,818.8,67.96,68.17,Safe
2024-09-03 04:00:00,389.8,43.8,827.89,61.2,59.84,Safe
2024-09-03 05:00:00,346.1,36.37,763.39,56.91,62.42,Safe
2024-09-03 06:00:00,420.75,57.92,878.11,73.16,80.4,Warning
2024-09-03 07:00:00,482.51,73.69,989.83,98.03,93.8,Warning
2024-09-03 08:00:00,474.46,67.98,956.74,96.62,106.29,Critical
2024-09-03 09:00:00,594.64,99.4,1100.0,140.38,138.92,Critical
2024-09-03 10:00:00,513.96,84.68,1022.89,110.35,106.03,Critical
2024-09-03 11:00:00,528.76,85.78,1048.33,111.86,112.3,Critical
2024-09-03 12:00:00,575.22,94.92,1061.71,105.99,118.11,Critical
2024-09-03 13:00:00,542.14,82.99,1009.28,122.03,113.56,Critical
2024-09-03 14:00:00,572.77,93.25,1059.07,118.44,120.73,Critical
2024-09-03 15:00:00,496.07,74.27,971.88,93.93,93.49,Warning
2024-09-03 16:00:00,507.94,80.44,973.9,110.1,99.78,Warning
2024-09-03 17:00:00,567.76,91.86,1054.35,126.9,122.75,Critical
2024-09-03 18:00:00,471.03,63.14,947.64,104.25,91.98,Warning
2024-09-03 19:00:00,505.54,75.84,955.16,90.36,82.81,Warning
2024-09-03 20:00:00,441.74,65.71,899.3,100.73,88.06,Warning
2024-09-03 21:00:00,511.32,82.21,983.58,121.3,133.59,Critical
2024-09-03 22:00:00,429.2,55.24,934.76,81.82,96.52,Warning
2024-09-03 23:00:00,460.26,65.85,939.48,99.09,97.53,Warning
2024-09-04 00:00:00,372.64,43.42,811.15,53.53,51.52,Safe
2024-09-04 01:00:00,356.38,41.24,807.7,32.66,28.11,Safe
2024-09-04 02:00:00,377.81,42.69,818.46,54.85,60.15,Safe
2024-09-04 03:00:00,426.79,57.75,874.66,60.94,55.13,Safe
2024-09-04 04:00:00,420.31,55.73,867.27,65.62,70.7,Safe
2024-09-04 05:00:00,340.04,37.99,786.48,39.66,32.16,Safe
2024-09-04 06:00:00,482.86,67.49,921.51,83.31,77.29,Safe
2024-09-04 07:00:00,433.86,59.24,887.47,83.23,84.19,Warning
2024-09-04 08:00:00,460.79,63.07,923.12,82.58,73.76,Safe
2024-09-04 09:00:00,549.93,91.66,1036.36,129.36,126.76,Critical
2024-09-04 10:00:00,600.0,94.76,1100.0,138.47,135.45,Critical
2024-09-04 11:00:00,588.56,92.67,1079.92,135.2,132.76,Critical
2024-09-04 12:00:00,465.26,73.0,937.06,87.01,87.14,Warning
2024-09-04 13:00:00,555.41,91.66,1003.79,115.4,122.4,Critical
2024-09-04 14:00:00,568.89,90.55,1037.62,126.26,129.46,Critical
2024-09-04 15:00:00,482.2,75.17,990.91,93.48,99.89,Warning
2024-09-04 16:00:00,535.88,84.43,1032.94,129.2,120.26,Critical
2024-09-04 17:00:00,519.53,78.39,989.51,97.33,104.47,Critical
2024-09-04 18:00:00,485.29,71.97,946.62,114.9,102.7,Critical
2024-09-04 19:00:00,498.98,72.86,944.41,100.89,102.63,Critical
2024-09-04 20:00:00,430.93,60.16,891.94,76.92,75.57,Safe
2024-09-04 21:00:00,434.46,66.47,910.08,78.92,83.0,Warning
2024-09-04 22:00:00,422.47,52.18,852.12,71.43,65.8,Safe
2024-09-04 23:00:00,439.66,56.5,911.78,73.86,65.63,Safe
2024-09-05 00:00:00,416.25,45.3,809.53,59.43,63.43,Safe
2024-09-05 01:00:00,389.86,55.19,889.39,73.79,69.65,Safe
2024-09-05 02:00:00,401.11,47.65,855.05,65.29,70.4,Safe
2024-09-05 03:00:00,402.88,57.61,864.3,79.09,73.56,Safe
2024-09-05 04:00:00,411.31,46.68,814.85,62.23,61.56,Safe
2024-09-05 05:00:00,415.07,52.06,883.82,59.48,85.17,Warning
2024-09-05 06:00:00,424.83,59.54,877.33,57.59,59.46,Safe
2024-09-05 07:00:00,482.8,67.97,938.59,93.71,105.24,Critical
2024-09-05 08:00:00,434.66,60.6,947.88,82.35,94.56,Warning
2024-09-05 09:00:00,533.37,82.29,1033.01,131.34,130.48,Critical
2024-09-05 10:00:00,593.04,97.54,1089.58,138.52,133.0,Critical
2024-09-05 11:00:00,566.7,85.57,1046.35,126.52,126.95,Critical
2024-09-05 12:00:00,574.53,87.28,1035.17,131.46,130.5,Critical
2024-09-05 13:00:00,523.4,82.94,1037.1,119.64,120.58,Critical
2024-09-05 14:00:00,502.05,71.81,914.03,102.88,101.28,Critical
2024-09-05 15:00:00,561.33,89.09,1042.39,119.08,118.45,Critical
2024-09-05 16:00:00,506.1,81.47,961.45,99.86,105.24,Critical
2024-09-05 17:00:00,561.29,92.76,1067.35,128.0,128.81,Critical
2024-09-05 18:00:00,495.91,65.8,923.8,73.47,76.53,Safe
2024-09-05 19:00:00,489.85,71.21,985.99,98.15,101.88,Critical
2024-09-05 20:00:00,459.44,61.36,922.46,77.36,78.93,Safe
2024-09-05 21:00:00,439.07,60.51,890.98,80.16,80.37,Warning
2024-09-05 22:00:00,418.0,56.39,873.01,68.35,63.98,Safe
2024-09-05 23:00:00,422.3,55.48,885.78,62.86,66.74,Safe
2024-09-06 00:00:00,388.35,48.02,827.5,67.56,70.06,Safe
2024-09-06 01:00:00,321.21,35.53,776.94,36.02,39.17,Safe
2024-09-06 02:00:00,420.27,58.58,921.87,82.44,83.82,Warning
2024-09-06 03:00:00,440.99,57.77,870.61,75.73,78.07,Safe
2024-09-06 04:00:00,426.07,57.85,879.4,76.78,69.98,Safe
2024-09-06 05:00:00,402.2,50.46,845.54,51.0,59.0,Safe
2024-09-06 06:00:00,481.45,69.54,1017.18,108.14,97.36,Warning
2024-09-06 07:00:00,464.66,65.07,938.73,94.42,84.75,Warning
2024-09-06 08:00:00,496.09,70.01,974.96,97.39,91.07,Warning
2024-09-06 09:00:00,550.78,91.54,1074.6,130.68,134.66,Critical
2024-09-06 10:00:00,549.98,85.5,1045.88,129.45,135.86,Critical
2024-09-06 11:00:00,540.85,82.57,1023.27,113.51,118.72,Critical
2024-09-06 12:00:00,518.44,76.16,988.84,93.61,88.21,Warning
2024-09-06 13:00:00,580.22,100.0,1068.08,135.89,132.37,Critical
2024-09-06 14:00:00,521.85,79.57,1005.72,111.82,116.99,Critical
2024-09-06 15:00:00,516.31,73.07,962.97,101.59,103.71,Critical
2024-09-06 16:00:00,578.13,94.88,1086.4,145.75,136.51,Critical
2024-09-06 17:00:00,560.37,88.4,1040.44,117.13,114.11,Critical
2024-09-06 18:00:00,483.61,68.17,957.64,86.77,117.47,Critical
2024-09-06 19:00:00,454.44,67.2,956.68,80.59,73.39,Safe
2024-09-06 20:00:00,528.95,75.82,915.03,106.25,106.46,Critical
2024-09-06 21:00:00,450.19,60.8,894.45,67.16,72.16,Safe
2024-09-06 22:00:00,387.91,45.16,784.94,57.98,50.41,Safe
2024-09-06 23:00:00,426.09,62.34,916.96,71.67,63.83,Safe
2024-09-07 00:00:00,406.84,48.93,838.03,54.51,50.37,Safe
2024-09-07 01:00:00,426.97,54.97,904.68,86.4,88.91,Warning
2024-09-07 02:00:00,455.3,58.14,895.26,87.63,83.07,Warning
2024-09-07 03:00:00,369.04,43.35,806.07,50.45,56.9,Safe
2024-09-07 04:00:00,387.05,50.22,871.75,50.95,53.01,Safe
2024-09-07 05:00:00,364.97,43.63,811.15,65.67,71.4,Safe
2024-09-07 06:00:00,471.09,69.54,936.74,90.27,90.98,Warning
2024-09-07 07:00:00,412.5,57.04,893.86,73.6,84.0,Warning
2024-09-07 08:00:00,495.3,69.31,982.04,104.57,87.67,Warning
2024-09-07 09:00:00,515.11,74.13,989.43,88.49,85.94,Warning
2024-09-07 10:00:00,597.26,100.0,1100.0,137.55,144.59,Critical
2024-09-07 11:00:00,545.46,87.74,1099.22,125.44,119.79,Critical
2024-09-07 12:00:00,516.94,85.59,1011.84,116.54,115.15,Critical
2024-09-07 13:00:00,517.7,76.99,968.35,95.24,100.96,Critical
2024-09-07 14:00:00,600.0,98.58,1096.1,144.17,146.99,Critical
2024-09-07 15:00:00,506.68,78.9,1027.83,109.81,101.78,Critical
2024-09-07 16:00:00,572.81,93.61,1047.33,144.48,147.55,Critical
2024-09-07 17:00:00,515.96,77.47,1025.95,117.32,112.7,Critical
2024-09-07 18:00:00,498.86,68.68,911.74,90.79,88.83,Warning
2024-09-07 19:00:00,457.16,63.59,915.28,82.26,75.92,Safe
2024-09-07 20:00:00,469.7,66.74,937.52,97.46,105.43,Critical
2024-09-07 21:00:00,464.11,65.4,907.58,88.01,85.25,Warning
2024-09-07 22:00:00,420.97,60.23,887.48,63.99,63.52,Safe
2024-09-07 23:00:00,387.7,51.99,877.48,80.11,79.9,Safe
2024-09-08 00:00:00,375.13,46.61,864.76,48.6,59.04,Safe
2024-09-08 01:00:00,430.22,54.01,823.53,86.78,71.42,Safe
2024-09-08 02:00:00,404.59,52.32,865.57,68.38,93.1,Warning
2024-09-08 03:00:00,418.11,56.38,879.41,65.78,70.98,Safe
2024-09-08 04:00:00,373.82,45.37,829.21,34.24,65.03,Safe
2024-09-08 05:00:00,400.15,50.52,845.63,67.91,65.93,Safe
2024-09-08 06:00:00,470.43,61.65,879.86,69.24,76.07,Safe
2024-09-08 07:00:00,449.0,62.78,947.83,86.97,88.51,Warning
2024-09-08 08:00:00,417.87,57.22,911.61,88.95,91.88,Warning
2024-09-08 09:00:00,507.91,76.89,982.16,96.13,113.29,Critical
2024-09-08 10:00:00,519.61,73.76,958.06,108.44,110.82,Critical
2024-09-08 11:00:00,579.16,96.55,1069.34,129.23,126.4,Critical
2024-09-08 12:00:00,489.55,76.52,925.72,108.4,102.01,Critical
2024-09-08 13:00:00,534.75,85.44,1034.98,119.42,114.73,Critical
2024-09-08 14:00:00,489.08,71.82,976.27,98.16,97.43,Warning
2024-09-08 15:00:00,563.84,88.55,1045.78,135.33,135.04,Critical
2024-09-08 16:00:00,589.42,93.83,1067.25,139.52,133.07,Critical
2024-09-08 17:00:00,554.0,92.16,1063.73,122.2,135.91,Critical
2024-09-08 18:00:00,484.13,74.36,953.03,112.78,101.69,Critical
2024-09-08 19:00:00,504.71,77.31,975.56,92.53,89.74,Warning
2024-09-08 20:00:00,489.94,70.09,946.79,97.38,90.91,Warning
2024-09-08 21:00:00,475.2,73.21,981.38,91.55,104.02,Critical
2024-09-08 22:00:00,431.46,59.99,930.28,66.69,77.2,Safe
2024-09-08 23:00:00,388.98,49.32,841.56,50.02,77.43,Safe
2024-09-09 00:00:00,425.86,53.17,842.86,66.48,70.9,Safe
2024-09-09 01:00:00,414.56,51.79,859.73,68.15,68.68,Safe
2024-09-09 02:00:00,396.37,45.93,873.9,67.51,63.32,Safe
2024-09-09 03:00:00,422.78,51.01,833.98,75.94,77.18,Safe
2024-09-09 04:00:00,425.52,57.45,906.74,76.52,85.82,Warning
2024-09-09 05:00:00,402.94,54.89,903.84,65.69,67.92,Safe
2024-09-09 06:00:00,476.99,73.38,958.98,105.46,98.64,Warning
2024-09-09 07:00:00,412.39,59.53,882.23,68.1,73.14,Safe
2024-09-09 08:00:00,440.3,61.68,921.05,67.76,60.39,Safe
2024-09-09 09:00:00,488.22,73.4,974.77,106.97,102.46,Critical
2024-09-09 10:00:00,591.91,95.22,1091.39,148.04,144.71,Critical
2024-09-09 11:00:00,507.04,76.7,1029.12,101.21,109.65,Critical
2024-09-09 12:00:00,527.5,83.59,1021.63,131.34,124.29,Critical
2024-09-09 13:00:00,498.66,75.07,949.12,105.26,99.11,Warning
2024-09-09 14:00:00,505.53,80.02,1001.57,112.25,125.91,Critical
2024-09-09 15:00:00,516.52,75.54,983.01,101.04,104.02,Critical
2024-09-09 16:00:00,512.88,80.97,1032.73,120.47,119.36,Critical
2024-09-09 17:00:00,481.48,74.36,967.47,86.84,76.91,Safe
2024-09-09 18:00:00,504.13,73.17,956.85,97.38,95.08,Warning
2024-09-09 19:00:00,508.76,75.18,945.73,95.83,95.51,Warning
2024-09-09 20:00:00,444.47,67.15,947.79,76.81,106.88,Critical
2024-09-09 21:00:00,491.89,69.98,1023.56,106.83,109.52,Critical
2024-09-09 22:00:00,395.18,51.39,852.05,64.96,60.87,Safe
2024-09-09 23:00:00,384.64,47.47,847.29,63.78,60.55,Safe
2024-09-10 00:00:00,426.82,56.05,868.2,68.73,62.33,Safe
2024-09-10 01:00:00,359.29,37.77,760.66,48.74,43.76,Safe
2024-09-10 02:00:00,378.28,43.01,824.6,52.05,55.24,Safe
2024-09-10 03:00:00,366.58,41.82,809.72,44.34,47.37,Safe
2024-09-10 04:00:00,375.17,45.28,773.92,44.83,63.27,Safe
2024-09-10 05:00:00,403.65,49.47,882.77,47.59,54.49,Safe
2024-09-10 06:00:00,439.26,60.23,910.3,87.84,91.85,Warning
2024-09-10 07:00:00,498.03,68.19,942.58,102.69,93.08,Warning
2024-09-10 08:00:00,489.25,70.26,942.02,118.37,111.56,Critical
2024-09-10 09:00:00,508.71,80.41,1010.97,107.37,114.46,Critical
2024-09-10 10:00:00,562.39,92.27,1071.28,124.86,130.73,Critical
2024-09-10 11:00:00,521.63,80.24,1010.03,97.79,99.55,Warning
2024-09-10 12:00:00,576.31,89.53,1071.15,137.21,133.28,Critical
2024-09-10 13:00:00,522.76,75.75,1007.25,113.39,112.74,Critical
2024-09-10 14:00:00,550.73,89.07,1089.47,139.58,137.58,Critical
2024-09-10 15:00:00,572.09,96.29,1063.04,126.95,142.07,Critical
2024-09-10 16:00:00,544.3,89.79,1036.33,129.55,127.54,Critical
2024-09-10 17:00:00,499.45,73.98,977.85,97.31,105.45,Critical
2024-09-10 18:00:00,492.41,65.04,908.06,99.61,100.72,Critical
2024-09-10 19:00:00,453.23,61.42,893.5,84.49,86.99,Warning
2024-09-10 20:00:00,441.17,65.87,939.81,72.87,76.69,Safe
2024-09-10 21:00:00,496.36,76.63,1002.97,103.83,97.4,Warning
2024-09-10 22:00:00,400.35,52.27,889.42,50.25,56.3,Safe
2024-09-10 23:00:00,425.45,59.24,891.96,65.62,71.04,Safe
2024-09-11 00:00:00,394.69,50.03,860.34,52.69,50.74,Safe
2024-09-11 01:00:00,419.37,53.55,873.09,63.1,69.49,Safe
2024-09-11 02:00:00,414.55,51.25,856.64,62.61,55.01,Safe
2024-09-11 03:00:00,412.4,49.28,828.45,62.4,56.66,Safe
2024-09-11 04:00:00,438.22,57.72,867.85,74.64,92.86,Warning
2024-09-11 05:00:00,339.2,41.64,822.87,45.28,48.99,Safe
2024-09-11 06:00:00,449.16,65.99,911.63,87.35,88.41,Warning
2024-09-11 07:00:00,479.59,70.45,913.16,82.22,89.52,Warning
2024-09-11 08:00:00,481.42,69.84,948.5,94.63,111.63,Critical
2024-09-11 09:00:00,551.38,84.83,1056.17,133.12,133.28,Critical
2024-09-11 10:00:00,509.44,77.21,924.56,100.91,103.44,Critical
2024-09-11 11:00:00,500.43,74.93,968.31,105.8,101.32,Critical
2024-09-11 12:00:00,481.69,69.59,962.8,97.94,96.53,Warning
2024-09-11 13:00:00,593.63,99.3,1056.38,145.92,147.56,Critical
2024-09-11 14:00:00,497.5,74.07,965.66,102.9,104.59,Critical
2024-09-11 15:00:00,526.0,77.56,962.73,113.57,106.22,Critical
2024-09-11 16:00:00,559.67,90.21,1028.89,129.63,132.1,Critical
2024-09-11 17:00:00,596.1,99.13,1086.8,146.26,148.01,Critical
2024-09-11 18:00:00,446.49,61.74,883.99,82.63,86.23,Warning
2024-09-11 19:00:00,471.21,63.26,889.76,75.65,82.82,Warning
2024-09-11 20:00:00,450.53,66.51,931.25,77.11,74.82,Safe
2024-09-11 21:00:00,509.74,71.22,1005.1,99.19,112.75,Critical
2024-09-11 22:00:00,427.73,61.05,921.92,90.95,88.22,Warning
2024-09-11 23:00:00,407.16,54.08,892.63,67.01,74.39,Safe
2024-09-12 00:00:00,406.55,49.03,862.69,64.7,62.0,Safe
2024-09-12 01:00:00,409.1,48.67,828.0,44.4,49.63,Safe
2024-09-12 02:00:00,396.03,53.92,876.44,67.49,63.68,Safe
2024-09-12 03:00:00,384.74,50.01,874.2,61.82,49.05,Safe
2024-09-12 04:00:00,420.33,54.11,888.77,48.37,53.53,Safe
2024-09-12 05:00:00,408.66,43.96,824.08,58.18,64.57,Safe
2024-09-12 06:00:00,481.17,65.93,941.09,77.04,82.72,Warning
2024-09-12 07:00:00,474.29,69.44,1001.38,90.22,99.37,Warning
2024-09-12 08:00:00,407.53,60.35,920.22,83.37,74.17,Safe
2024-09-12 09:00:00,497.78,74.16,963.87,101.86,105.16,Critical
2024-09-12 10:00:00,491.67,71.65,956.62,93.71,110.24,Critical
2024-09-12 11:00:00,526.12,82.87,991.16,108.77,100.18,Critical
2024-09-12 12:00:00,579.09,97.75,1100.0,135.23,138.35,Critical
2024-09-12 13:00:00,544.83,85.65,1063.54,123.28,130.41,Critical
2024-09-12 14:00:00,518.09,82.82,1015.93,103.92,100.27,Critical
2024-09-12 15:00:00,525.05,74.71,1021.53,116.8,120.31,Critical
2024-09-12 16:00:00,594.03,93.2,1079.91,126.12,132.8,Critical
2024-09-12 17:00:00,599.29,97.52,1078.12,125.68,122.69,Critical
2024-09-12 18:00:00,469.38,67.03,955.09,98.54,99.02,Warning
2024-09-12 19:00:00,521.96,82.8,1022.77,110.89,102.88,Critical
2024-09-12 20:00:00,497.87,74.54,991.13,103.13,101.33,Critical
2024-09-12 21:00:00,521.39,74.61,942.93,107.8,110.56,Critical
2024-09-12 22:00:00,421.48,52.33,843.82,59.93,83.86,Warning
2024-09-12 23:00:00,407.57,51.18,888.65,66.83,67.32,Safe
2024-09-13 00:00:00,401.54,47.15,873.0,65.83,59.61,Safe
2024-09-13 01:00:00,381.6,43.49,848.58,66.82,59.32,Safe
2024-09-13 02:00:00,411.47,51.48,906.21,63.42,71.24,Safe
2024-09-13 03:00:00,425.33,52.9,877.2,64.93,56.86,Safe
2024-09-13 04:00:00,434.76,56.88,895.56,78.76,84.58,Warning
2024-09-13 05:00:00,415.14,50.78,833.81,64.68,62.17,Safe
2024-09-13 06:00:00,455.7,63.36,904.03,81.69,90.06,Warning
2024-09-13 07:00:00,416.0,54.89,830.71,79.16,73.22,Safe
2024-09-13 08:00:00,428.81,59.12,888.53,61.56,60.7,Safe
2024-09-13 09:00:00,478.66,72.0,914.71,82.15,71.09,Safe
2024-09-13 10:00:00,482.05,76.13,1004.43,89.46,94.9,Warning
2024-09-13 11:00:00,494.87,76.91,993.09,113.96,108.49,Critical
2024-09-13 12:00:00,586.83,100.0,1055.42,142.86,136.52,Critical
2024-09-13 13:00:00,538.5,86.4,1027.82,108.76,104.29,Critical
2024-09-13 14:00:00,534.67,78.2,1034.29,111.7,121.48,Critical
2024-09-13 15:00:00,587.59,97.45,1084.49,138.19,145.39,Critical
2024-09-13 16:00:00,536.98,83.4,995.04,97.36,106.33,Critical
2024-09-13 17:00:00,549.11,86.32,992.32,120.31,126.87,Critical
2024-09-13 18:00:00,524.99,75.69,939.83,94.3,98.16,Warning
2024-09-13 19:00:00,442.18,62.56,924.58,87.37,91.19,Warning
2024-09-13 20:00:00,472.12,68.81,934.5,82.04,82.44,Warning
2024-09-13 21:00:00,497.11,74.65,965.53,102.79,110.08,Critical
2024-09-13 22:00:00,425.87,52.49,853.0,77.26,81.84,Warning
2024-09-13 23:00:00,431.5,53.17,862.76,76.54,82.31,Warning
2024-09-14 00:00:00,379.6,43.24,789.2,53.72,49.78,Safe
2024-09-14 01:00:00,437.02,54.94,881.65,71.39,74.31,Safe
2024-09-14 02:00:00,427.65,56.29,850.15,58.17,61.92,Safe
2024-09-14 03:00:00,385.94,47.09,818.82,51.96,49.41,Safe
2024-09-14 04:00:00,435.02,54.63,895.39,70.55,83.15,Warning
2024-09-14 05:00:00,395.43,47.15,844.03,55.79,55.76,Safe
2024-09-14 06:00:00,449.14,64.86,939.39,73.12,77.66,Safe
2024-09-14 07:00:00,514.16,75.05,1022.56,110.32,115.0,Critical
2024-09-14 08:00:00,470.16,68.27,940.04,81.4,76.96,Safe
2024-09-14 09:00:00,570.69,93.83,1069.62,144.78,144.75,Critical
2024-09-14 10:00:00,541.06,82.14,1004.88,116.22,118.18,Critical
2024-09-14 11:00:00,514.44,78.92,984.84,115.74,107.72,Critical
2024-09-14 12:00:00,562.29,89.21,1023.82,132.4,131.72,Critical
2024-09-14 13:00:00,505.07,73.95,971.6,118.39,113.14,Critical
2024-09-14 14:00:00,560.12,92.77,1071.66,131.82,146.13,Critical
2024-09-14 15:00:00,557.31,87.98,1048.94,121.48,110.4,Critical
2024-09-14 16:00:00,529.49,77.65,989.67,105.96,112.76,Critical
2024-09-14 17:00:00,470.93,71.08,975.78,107.45,106.53,Critical
2024-09-14 18:00:00,517.78,77.87,990.0,97.16,97.89,Warning
2024-09-14 19:00:00,453.75,66.34,922.7,79.18,89.7,Warning
2024-09-14 20:00:00,511.82,74.38,951.51,103.63,102.73,Critical
2024-09-14 21:00:00,497.57,70.85,920.17,93.92,86.52,Warning
2024-09-14 22:00:00,428.28,58.31,923.68,84.12,82.82,Warning
2024-09-14 23:00:00,432.29,50.34,836.32,54.13,42.48,Safe
2024-09-15 00:00:00,365.37,37.47,766.99,41.18,37.5,Safe
2024-09-15 01:00:00,387.94,44.51,813.36,51.69,52.1,Safe
2024-09-15 02:00:00,411.03,50.48,846.28,54.43,44.13,Safe
2024-09-15 03:00:00,368.97,38.8,830.05,54.09,45.04,Safe
2024-09-15 04:00:00,380.14,48.52,835.38,56.25,66.71,Safe
2024-09-15 05:00:00,420.4,54.42,930.03,71.43,62.95,Safe
2024-09-15 06:00:00,476.56,67.8,940.4,84.64,98.32,Warning
2024-09-15 07:00:00,437.24,60.71,948.8,78.04,82.28,Warning
2024-09-15 08:00:00,469.59,65.77,948.52,80.99,82.43,Warning
2024-09-15 09:00:00,519.32,75.52,985.54,112.55,118.46,Critical
2024-09-15 10:00:00,551.78,89.42,1081.81,135.39,129.92,Critical
2024-09-15 11:00:00,514.24,78.75,1018.44,123.19,116.25,Critical
2024-09-15 12:00:00,569.43,95.23,1090.11,138.16,143.74,Critical
2024-09-15 13:00:00,467.14,73.04,1016.19,96.4,101.39,Critical
2024-09-15 14:00:00,513.07,75.54,966.74,100.03,99.17,Warning
2024-09-15 15:00:00,491.32,72.92,942.71,101.43,101.34,Critical
2024-09-15 16:00:00,528.75,82.02,995.22,114.49,113.79,Critical
2024-09-15 17:00:00,569.43,95.81,1100.0,134.38,126.02,Critical
2024-09-15 18:00:00,459.36,65.49,959.37,86.26,88.42,Warning
2024-09-15 19:00:00,452.31,59.24,884.64,87.08,97.65,Warning
2024-09-15 20:00:00,485.53,71.38,905.1,89.79,89.26,Warning
2024-09-15 21:00:00,488.77,72.09,955.92,108.06,102.3,Critical
2024-09-15 22:00:00,395.99,48.27,819.06,59.15,52.68,Safe
2024-09-15 23:00:00,390.41,51.93,848.78,58.97,71.46,Safe
2024-09-16 00:00:00,438.07,57.33,863.45,66.82,62.51,Safe
2024-09-16 01:00:00,358.03,43.9,784.09,46.09,33.53,Safe
2024-09-16 02:00:00,370.57,45.93,871.08,59.8,58.83,Safe
2024-09-16 03:00:00,364.55,44.81,809.01,47.36,45.39,Safe
2024-09-16 04:00:00,399.03,50.37,882.93,70.48,69.8,Safe
2024-09-16 05:00:00,403.15,52.02,855.23,60.49,61.86,Safe
2024-09-16 06:00:00,460.42,65.11,900.67,83.64,86.27,Warning
2024-09-16 07:00:00,468.01,70.17,962.05,83.24,89.52,Warning
2024-09-16 08:00:00,486.64,68.14,932.1,96.72,104.72,Critical
2024-09-16 09:00:00,600.0,100.0,1095.44,140.59,142.47,Critical
2024-09-16 10:00:00,587.01,97.36,1089.99,150.0,144.0,Critical
2024-09-16 11:00:00,502.3,77.25,968.38,109.68,101.75,Critical
2024-09-16 12:00:00,485.09,73.3,930.84,97.04,94.51,Warning
2024-09-16 13:00:00,533.14,84.37,1020.72,126.74,148.27,Critical
2024-09-16 14:00:00,546.68,91.57,1079.06,131.42,153.46,Critical
2024-09-16 15:00:00,534.89,87.08,1015.56,127.2,125.22,Critical
2024-09-16 16:00:00,568.76,89.18,1049.29,120.11,119.19,Critical
2024-09-16 17:00:00,516.03,77.95,1022.87,113.24,110.21,Critical
2024-09-16 18:00:00,455.44,58.14,888.73,81.42,86.54,Warning
2024-09-16 19:00:00,505.49,77.42,988.99,93.45,90.23,Warning
2024-09-16 20:00:00,502.42,76.87,985.56,116.82,114.31,Critical
2024-09-16 21:00:00,432.77,59.62,883.09,66.31,62.94,Safe
2024-09-16 22:00:00,444.93,62.35,889.9,69.39,71.33,Safe
2024-09-16 23:00:00,385.08,48.58,821.14,33.98,44.16,Safe
2024-09-17 00:00:00,363.07,39.82,807.2,49.64,61.88,Safe
2024-09-17 01:00:00,444.37,60.99,921.62,67.32,74.91,Safe
2024-09-17 02:00:00,359.34,41.62,825.81,43.91,52.83,Safe
2024-09-17 03:00:00,446.36,57.21,877.72,81.56,73.09,Safe
2024-09-17 04:00:00,443.43,54.22,895.15,74.54,71.44,Safe
2024-09-17 05:00:00,448.73,58.1,897.26,72.08,69.33,Safe
2024-09-17 06:00:00,447.25,59.86,900.86,65.88,62.5,Safe
2024-09-17 07:00:00,482.62,67.99,866.48,86.83,86.1,Warning
2024-09-17 08:00:00,488.79,65.7,910.52,95.97,94.84,Warning
2024-09-17 09:00:00,528.24,79.4,963.54,114.3,124.4,Critical
2024-09-17 10:00:00,586.09,98.57,1100.0,150.0,150.49,Critical
2024-09-17 11:00:00,525.29,79.95,1001.84,105.88,96.97,Warning
2024-09-17 12:00:00,506.93,74.54,949.12,90.6,106.93,Critical
2024-09-17 13:00:00,492.71,76.66,990.0,106.17,92.02,Warning
2024-09-17 14:00:00,516.45,80.11,969.23,109.91,113.94,Critical
2024-09-17 15:00:00,566.73,87.83,1016.19,123.6,118.86,Critical
2024-09-17 16:00:00,573.83,99.84,1083.58,132.77,135.47,Critical
2024-09-17 17:00:00,553.41,92.73,1075.53,108.53,116.65,Critical
2024-09-17 18:00:00,466.25,67.18,966.69,83.0,71.11,Safe
2024-09-17 19:00:00,508.47,75.88,966.51,107.96,110.68,Critical
2024-09-17 20:00:00,483.35,75.59,1007.04,104.95,108.62,Critical
2024-09-17 21:00:00,433.06,58.71,894.59,83.27,84.52,Warning
2024-09-17 22:00:00,426.03,52.47,867.55,70.54,62.78,Safe
2024-09-17 23:00:00,397.88,49.23,844.75,66.16,67.23,Safe
2024-09-18 00:00:00,402.79,47.41,832.71,64.71,60.46,Safe
2024-09-18 01:00:00,402.35,52.66,872.96,65.58,58.17,Safe
2024-09-18 02:00:00,353.9,41.31,822.84,47.17,51.71,Safe
2024-09-18 03:00:00,408.28,49.1,826.04,37.02,37.59,Safe
2024-09-18 04:00:00,371.49,41.58,803.74,42.89,56.92,Safe
2024-09-18 05:00:00,356.12,43.18,852.62,45.69,50.23,Safe
2024-09-18 06:00:00,446.63,64.46,926.2,83.09,82.6,Warning
2024-09-18 07:00:00,469.46,61.89,915.76,76.44,76.9,Safe
2024-09-18 08:00:00,457.3,67.56,963.48,97.61,102.56,Critical
2024-09-18 09:00:00,509.64,74.14,959.67,94.7,93.47,Warning
2024-09-18 10:00:00,580.07,96.69,1082.7,145.58,144.39,Critical
2024-09-18 11:00:00,551.6,87.91,1057.52,116.68,118.35,Critical
2024-09-18 12:00:00,600.0,99.2,1100.0,137.49,136.66,Critical
2024-09-18 13:00:00,507.71,84.28,969.37,105.29,104.68,Critical
2024-09-18 14:00:00,494.48,78.74,977.49,100.95,99.73,Warning
2024-09-18 15:00:00,588.45,96.81,1062.09,146.06,144.24,Critical
2024-09-18 16:00:00,526.94,84.27,1018.63,113.36,110.95,Critical
2024-09-18 17:00:00,518.63,76.17,960.55,102.2,97.47,Warning
2024-09-18 18:00:00,417.55,60.01,914.66,70.06,64.25,Safe
2024-09-18 19:00:00,471.59,65.92,933.39,86.55,84.81,Warning
2024-09-18 20:00:00,416.25,58.88,913.96,76.57,74.05,Safe
2024-09-18 21:00:00,457.79,65.68,949.37,86.0,89.27,Warning
2024-09-18 22:00:00,384.78,49.92,864.54,59.28,65.59,Safe
2024-09-18 23:00:00,436.67,52.51,855.16,76.47,77.69,Safe
2024-09-19 00:00:00,409.29,57.01,887.34,73.0,69.86,Safe
2024-09-19 01:00:00,428.97,57.67,878.21,63.98,70.18,Safe
2024-09-19 02:00:00,343.46,41.91,779.53,42.93,43.6,Safe
2024-09-19 03:00:00,437.63,53.81,890.03,67.35,71.9,Safe
2024-09-19 04:00:00,438.22,58.15,888.9,79.52,77.57,Safe
2024-09-19 05:00:00,415.28,53.34,833.64,66.01,68.92,Safe
2024-09-19 06:00:00,501.68,70.26,963.11,106.75,110.66,Critical
2024-09-19 07:00:00,480.62,69.64,943.27,87.54,84.52,Warning
2024-09-19 08:00:00,472.67,67.4,891.68,85.97,84.17,Warning
2024-09-19 09:00:00,502.4,75.14,945.48,92.37,82.68,Warning
2024-09-19 10:00:00,587.33,94.86,1058.89,134.31,140.87,Critical
2024-09-19 11:00:00,503.51,77.6,992.63,93.65,97.15,Warning
2024-09-19 12:00:00,581.04,96.01,1097.39,139.75,143.39,Critical
2024-09-19 13:00:00,574.94,90.9,1071.08,130.08,135.37,Critical
2024-09-19 14:00:00,533.44,82.39,1025.21,116.8,117.5,Critical
2024-09-19 15:00:00,563.92,91.38,1056.14,135.02,127.3,Critical
2024-09-19 16:00:00,566.67,96.57,1100.0,137.88,129.77,Critical
2024-09-19 17:00:00,596.45,93.87,1084.75,126.23,131.77,Critical
2024-09-19 18:00:00,478.7,71.99,964.84,92.08,96.67,Warning
2024-09-19 19:00:00,488.94,68.78,956.36,93.88,99.65,Warning
2024-09-19 20:00:00,486.1,70.91,945.77,92.73,102.5,Critical
2024-09-19 21:00:00,448.13,66.56,931.54,84.6,79.54,Safe
2024-09-19 22:00:00,454.97,59.36,851.0,89.08,77.69,Safe
2024-09-19 23:00:00,436.4,58.21,882.54,75.6,71.46,Safe
2024-09-20 00:00:00,464.41,61.43,945.87,87.75,84.85,Warning
2024-09-20 01:00:00,368.17,42.68,816.66,33.39,31.5,Safe
2024-09-20 02:00:00,403.34,48.37,844.2,66.14,63.22,Safe
2024-09-20 03:00:00,346.08,42.69,835.42,70.76,68.04,Safe
2024-09-20 04:00:00,403.0,52.5,870.37,75.97,68.28,Safe
2024-09-20 05:00:00,366.9,46.18,813.6,48.58,43.31,Safe
2024-09-20 06:00:00,453.23,64.62,923.62,102.98,91.05,Warning
2024-09-20 07:00:00,453.17,61.64,883.23,79.99,72.47,Safe
2024-09-20 08:00:00,427.94,59.1,899.54,78.01,86.76,Warning
2024-09-20 09:00:00,553.09,85.25,1007.82,117.16,118.71,Critical
2024-09-20 10:00:00,588.01,100.0,1100.0,139.21,129.4,Critical
2024-09-20 11:00:00,600.0,98.31,1080.32,122.4,133.59,Critical
2024-09-20 12:00:00,600.0,96.62,1064.96,144.32,140.29,Critical
2024-09-20 13:00:00,600.0,96.64,1080.72,136.61,148.16,Critical
2024-09-20 14:00:00,515.42,80.06,1008.34,108.9,126.17,Critical
2024-09-20 15:00:00,467.04,74.2,944.44,97.97,109.49,Critical
2024-09-20 16:00:00,573.19,91.26,1044.83,125.73,128.26,Critical
2024-09-20 17:00:00,497.01,74.69,975.76,103.78,107.63,Critical
2024-09-20 18:00:00,486.98,75.17,1005.29,112.27,134.58,Critical
2024-09-20 19:00:00,488.73,74.13,915.02,99.8,102.1,Critical
2024-09-20 20:00:00,504.64,71.14,969.23,97.95,101.19,Critical
2024-09-20 21:00:00,493.8,77.43,978.71,102.81,101.63,Critical
2024-09-20 22:00:00,400.96,48.6,832.12,60.96,67.8,Safe
2024-09-20 23:00:00,432.49,57.36,871.82,66.31,70.16,Safe
2024-09-21 00:00:00,418.64,55.91,871.54,71.72,67.71,Safe
2024-09-21 01:00:00,398.94,47.48,851.06,64.77,62.62,Safe
2024-09-21 02:00:00,384.21,40.34,789.89,48.49,46.91,Safe
2024-09-21 03:00:00,415.18,54.83,910.64,67.67,68.25,Safe
2024-09-21 04:00:00,378.24,45.41,840.78,52.14,47.44,Safe
2024-09-21 05:00:00,419.39,52.67,867.71,72.38,73.68,Safe
2024-09-21 06:00:00,458.62,61.44,903.55,72.67,73.22,Safe
2024-09-21 07:00:00,449.17,62.74,939.88,77.09,82.97,Warning
2024-09-21 08:00:00,454.68,64.74,953.09,73.92,76.44,Safe
2024-09-21 09:00:00,501.83,83.22,990.55,110.66,109.7,Critical
2024-09-21 10:00:00,556.83,91.93,1044.21,134.51,137.72,Critical
2024-09-21 11:00:00,524.73,85.17,1039.81,128.4,126.37,Critical
2024-09-21 12:00:00,600.0,97.97,1100.0,150.0,151.64,Critical
2024-09-21 13:00:00,553.71,89.28,1039.79,119.2,125.02,Critical
2024-09-21 14:00:00,585.48,97.36,1070.47,139.24,144.07,Critical
2024-09-21 15:00:00,515.83,78.99,996.68,105.62,110.82,Critical
2024-09-21 16:00:00,519.82,83.0,1047.49,128.96,123.48,Critical
2024-09-21 17:00:00,552.23,82.62,1014.0,127.76,120.41,Critical
2024-09-21 18:00:00,538.41,80.06,972.49,112.35,117.36,Critical
2024-09-21 19:00:00,527.81,76.29,983.86,102.26,99.34,Warning
2024-09-21 20:00:00,512.57,75.75,995.97,78.07,79.15,Safe
2024-09-21 21:00:00,452.87,63.32,914.37,71.56,70.9,Safe
2024-09-21 22:00:00,445.61,55.75,906.43,60.43,64.57,Safe
2024-09-21 23:00:00,404.11,53.41,886.1,55.49,65.35,Safe
2024-09-22 00:00:00,397.88,52.52,861.24,79.09,80.52,Warning
2024-09-22 01:00:00,361.9,42.58,813.85,38.09,40.38,Safe
2024-09-22 02:00:00,415.56,52.06,819.78,54.82,53.16,Safe
2024-09-22 03:00:00,369.89,45.14,852.32,46.53,53.52,Safe
2024-09-22 04:00:00,371.7,43.47,810.1,70.95,69.25,Safe
2024-09-22 05:00:00,361.13,45.89,820.65,51.08,49.07,Safe
2024-09-22 06:00:00,465.02,64.57,910.75,93.29,100.92,Critical
2024-09-22 07:00:00,426.96,62.05,920.3,80.6,75.65,Safe
2024-09-22 08:00:00,440.19,63.31,891.72,64.26,90.26,Warning
2024-09-22 09:00:00,527.6,77.64,966.55,119.56,109.69,Critical
2024-09-22 10:00:00,586.12,92.4,1060.84,135.73,123.09,Critical
2024-09-22 11:00:00,544.08,84.71,1009.77,116.91,119.0,Critical
2024-09-22 12:00:00,564.3,90.11,1057.93,141.87,147.06,Critical
2024-09-22 13:00:00,488.69,74.03,957.17,96.23,97.05,Warning
2024-09-22 14:00:00,557.58,92.1,1095.59,129.77,126.43,Critical
2024-09-22 15:00:00,569.89,93.74,1083.96,130.34,139.71,Critical
2024-09-22 16:00:00,519.45,85.16,1040.78,125.78,121.03,Critical
2024-09-22 17:00:00,540.61,84.27,1008.04,123.5,114.33,Critical
2024-09-22 18:00:00,454.32,63.41,969.97,88.84,90.16,Warning
2024-09-22 19:00:00,493.89,76.74,974.04,94.52,86.41,Warning
2024-09-22 20:00:00,477.44,63.87,903.65,82.84,86.54,Warning
2024-09-22 21:00:00,464.86,64.09,936.0,78.0,76.49,Safe
2024-09-22 22:00:00,428.29,54.65,877.55,79.78,82.96,Warning
2024-09-22 23:00:00,403.98,52.7,845.5,51.4,53.87,Safe
2024-09-23 00:00:00,418.9,54.73,921.96,84.86,81.42,Warning
2024-09-23 01:00:00,365.38,39.15,817.21,56.46,51.09,Safe
2024-09-23 02:00:00,408.78,51.66,858.39,57.12,63.37,Safe
2024-09-23 03:00:00,465.23,60.7,956.32,81.47,78.57,Safe
2024-09-23 04:00:00,421.71,56.14,898.54,66.54,79.07,Safe
2024-09-23 05:00:00,370.82,44.47,822.09,55.07,57.64,Safe
2024-09-23 06:00:00,487.12,69.56,997.99,108.76,111.12,Critical
2024-09-23 07:00:00,453.73,67.86,953.8,98.84,95.82,Warning
2024-09-23 08:00:00,467.3,63.59,931.49,82.55,86.38,Warning
2024-09-23 09:00:00,576.31,98.63,1084.65,148.11,135.55,Critical
2024-09-23 10:00:00,575.5,91.64,1059.29,139.89,125.61,Critical
2024-09-23 11:00:00,590.92,100.0,1090.96,139.86,148.42,Critical
2024-09-23 12:00:00,533.35,81.67,1040.02,115.75,120.34,Critical
2024-09-23 13:00:00,551.42,84.68,987.99,129.76,126.82,Critical
2024-09-23 14:00:00,579.87,94.43,1100.0,144.32,140.99,Critical
2024-09-23 15:00:00,559.13,93.98,1050.6,139.81,130.14,Critical
2024-09-23 16:00:00,510.81,80.84,1002.93,130.87,109.23,Critical
2024-09-23 17:00:00,510.4,80.15,994.26,113.41,107.31,Critical
2024-09-23 18:00:00,455.63,70.54,941.26,93.72,96.33,Warning
2024-09-23 19:00:00,510.34,73.64,983.38,113.7,110.08,Critical
2024-09-23 20:00:00,480.22,69.67,948.24,109.64,112.25,Critical
2024-09-23 21:00:00,447.02,65.73,913.96,79.46,80.62,Warning
2024-09-23 22:00:00,455.58,58.8,897.39,76.88,74.25,Safe
2024-09-23 23:00:00,442.66,63.12,900.29,72.64,75.44,Safe
2024-09-24 00:00:00,428.31,56.2,869.17,74.06,79.07,Safe
2024-09-24 01:00:00,376.73,47.07,802.41,60.48,62.68,Safe
2024-09-24 02:00:00,404.46,58.18,880.99,63.26,62.59,Safe
2024-09-24 03:00:00,383.54,50.66,864.17,70.01,59.06,Safe
2024-09-24 04:00:00,352.08,39.59,798.77,40.2,40.83,Safe
2024-09-24 05:00:00,428.5,53.98,909.83,67.61,71.17,Safe
2024-09-24 06:00:00,467.41,65.64,985.68,100.06,97.72,Warning
2024-09-24 07:00:00,479.68,69.43,936.94,87.79,83.59,Warning
2024-09-24 08:00:00,410.9,59.76,880.47,61.7,55.46,Safe
2024-09-24 09:00:00,574.5,89.18,1070.76,134.94,142.0,Critical
2024-09-24 10:00:00,497.21,73.52,974.97,99.6,107.1,Critical
2024-09-24 11:00:00,549.29,87.74,1063.69,133.9,135.47,Critical
2024-09-24 12:00:00,576.25,90.1,1059.27,135.96,141.31,Critical
2024-09-24 13:00:00,583.82,91.59,1053.67,117.14,118.29,Critical
2024-09-24 14:00:00,512.04,73.97,965.7,112.79,107.98,Critical
2024-09-24 15:00:00,492.46,73.98,979.42,115.94,107.51,Critical
2024-09-24 16:00:00,490.63,76.17,976.21,110.46,104.79,Critical
2024-09-24 17:00:00,600.0,99.28,1100.0,150.0,145.75,Critical
2024-09-24 18:00:00,460.29,69.85,920.6,87.86,90.55,Warning
2024-09-24 19:00:00,477.14,62.47,939.06,82.89,86.71,Warning
2024-09-24 20:00:00,474.03,68.41,900.84,90.78,90.07,Warning
2024-09-24 21:00:00,435.47,62.58,916.09,87.77,79.8,Safe
2024-09-24 22:00:00,411.27,57.13,878.37,77.77,70.21,Safe
2024-09-24 23:00:00,395.51,53.35,833.39,59.31,77.07,Safe
2024-09-25 00:00:00,361.45,39.87,754.03,38.19,35.87,Safe
2024-09-25 01:00:00,402.35,50.61,828.9,49.11,56.76,Safe
2024-09-25 02:00:00,414.5,57.95,890.76,77.62,80.22,Warning
2024-09-25 03:00:00,394.01,49.75,835.5,56.58,59.42,Safe
2024-09-25 04:00:00,431.37,62.63,890.25,76.01,81.28,Warning
2024-09-25 05:00:00,405.61,49.34,876.45,77.02,72.96,Safe
2024-09-25 06:00:00,445.28,61.51,880.44,83.33,90.48,Warning
2024-09-25 07:00:00,424.74,57.51,902.49,76.58,83.0,Warning
2024-09-25 08:00:00,447.45,66.37,912.29,91.49,82.58,Warning
2024-09-25 09:00:00,483.56,71.94,935.0,106.64,107.95,Critical
2024-09-25 10:00:00,594.19,100.0,1086.72,128.57,139.19,Critical
2024-09-25 11:00:00,490.53,71.52,971.24,93.4,97.82,Warning
2024-09-25 12:00:00,532.5,82.54,982.53,111.15,111.99,Critical
2024-09-25 13:00:00,593.09,95.5,1083.82,129.55,127.43,Critical
2024-09-25 14:00:00,552.3,89.77,1027.71,122.12,118.82,Critical
2024-09-25 15:00:00,566.67,98.18,1073.72,123.47,134.3,Critical
2024-09-25 16:00:00,600.0,100.0,1100.0,150.0,150.82,Critical
2024-09-25 17:00:00,492.66,76.44,1030.02,101.75,94.36,Warning
2024-09-25 18:00:00,435.38,62.72,893.56,80.78,87.76,Warning
2024-09-25 19:00:00,479.8,70.1,966.34,95.55,83.46,Warning
2024-09-25 20:00:00,494.55,72.58,956.02,102.86,100.64,Critical
2024-09-25 21:00:00,462.37,67.45,926.81,68.74,69.81,Safe
2024-09-25 22:00:00,402.46,52.5,886.07,69.69,72.54,Safe
2024-09-25 23:00:00,443.01,62.12,892.04,77.28,70.4,Safe
2024-09-26 00:00:00,398.43,44.65,797.86,56.89,61.39,Safe
2024-09-26 01:00:00,387.36,46.85,844.37,47.53,58.06,Safe
2024-09-26 02:00:00,378.89,48.11,875.64,62.21,56.08,Safe
2024-09-26 03:00:00,402.95,54.09,886.95,77.94,80.34,Warning
2024-09-26 04:00:00,409.09,53.15,834.8,65.87,64.97,Safe
2024-09-26 05:00:00,423.81,55.12,862.06,63.69,62.31,Safe
2024-09-26 06:00:00,445.5,59.68,919.95,74.0,81.46,Warning
2024-09-26 07:00:00,452.22,62.62,947.88,88.98,78.86,Safe
2024-09-26 08:00:00,445.25,64.26,926.33,88.19,83.05,Warning
2024-09-26 09:00:00,548.42,88.59,1030.21,125.78,144.78,Critical
2024-09-26 10:00:00,584.79,93.63,1100.0,135.46,142.54,Critical
2024-09-26 11:00:00,481.07,74.28,969.76,100.68,99.18,Warning
2024-09-26 12:00:00,523.56,82.52,999.27,112.41,100.82,Critical
2024-09-26 13:00:00,599.96,97.9,1072.45,136.51,136.21,Critical
2024-09-26 14:00:00,576.21,90.99,1028.66,134.27,127.37,Critical
2024-09-26 15:00:00,589.66,98.09,1100.0,142.62,127.17,Critical
2024-09-26 16:00:00,544.16,87.48,1068.66,134.1,149.09,Critical
2024-09-26 17:00:00,533.49,88.0,1025.56,129.29,125.78,Critical
2024-09-26 18:00:00,458.48,62.78,952.0,87.72,76.77,Safe
2024-09-26 19:00:00,478.42,64.99,936.68,93.62,89.65,Warning
2024-09-26 20:00:00,491.11,63.8,929.43,81.27,85.4,Warning
2024-09-26 21:00:00,508.89,75.87,963.56,102.75,100.21,Critical
2024-09-26 22:00:00,431.53,58.06,878.99,76.62,65.64,Safe
2024-09-26 23:00:00,362.44,43.83,818.22,37.18,44.03,Safe
2024-09-27 00:00:00,361.26,46.89,791.21,54.12,42.74,Safe
2024-09-27 01:00:00,372.68,42.55,802.04,41.34,42.37,Safe
2024-09-27 02:00:00,377.46,36.14,780.8,36.07,41.49,Safe
2024-09-27 03:00:00,380.11,40.58,831.71,45.77,38.75,Safe
2024-09-27 04:00:00,391.95,44.08,806.84,52.67,50.03,Safe
2024-09-27 05:00:00,360.8,39.34,814.57,34.98,38.83,Safe
2024-09-27 06:00:00,473.31,67.07,890.02,94.06,83.85,Warning
2024-09-27 07:00:00,454.67,72.15,986.42,96.49,101.25,Critical
2024-09-27 08:00:00,479.0,67.08,915.59,104.83,102.63,Critical
2024-09-27 09:00:00,528.45,84.14,1023.57,118.75,127.77,Critical
2024-09-27 10:00:00,541.1,87.73,1047.59,126.92,123.31,Critical
2024-09-27 11:00:00,556.19,90.18,1055.52,119.9,144.35,Critical
2024-09-27 12:00:00,493.36,74.59,970.6,91.39,93.22,Warning
2024-09-27 13:00:00,512.75,80.7,976.19,113.65,110.28,Critical
2024-09-27 14:00:00,524.75,81.14,986.13,102.36,99.44,Warning
2024-09-27 15:00:00,571.14,94.74,1095.62,139.94,142.16,Critical
2024-09-27 16:00:00,530.44,82.26,998.16,127.12,131.97,Critical
2024-09-27 17:00:00,512.98,83.45,1014.98,120.96,114.14,Critical
2024-09-27 18:00:00,504.48,76.87,951.52,107.53,106.71,Critical
2024-09-27 19:00:00,445.53,65.22,944.99,87.76,94.82,Warning
2024-09-27 20:00:00,464.86,68.46,913.27,85.7,80.57,Warning
2024-09-27 21:00:00,500.33,74.58,993.05,102.1,99.71,Warning
2024-09-27 22:00:00,398.54,55.25,852.87,61.44,63.78,Safe
2024-09-27 23:00:00,418.97,57.62,910.42,63.36,68.06,Safe
2024-09-28 00:00:00,385.69,44.43,822.37,53.67,59.01,Safe
2024-09-28 01:00:00,350.54,42.58,800.61,55.16,50.06,Safe
2024-09-28 02:00:00,425.57,50.17,886.06,56.57,61.73,Safe
2024-09-28 03:00:00,405.3,47.11,834.04,69.91,66.13,Safe
2024-09-28 04:00:00,352.6,39.88,791.44,53.43,58.22,Safe
2024-09-28 05:00:00,391.58,50.65,873.25,65.61,69.55,Safe
2024-09-28 06:00:00,475.87,68.26,908.73,92.89,108.79,Critical
2024-09-28 07:00:00,464.38,71.16,900.2,88.73,98.54,Warning
2024-09-28 08:00:00,445.21,68.31,967.03,89.85,87.53,Warning
2024-09-28 09:00:00,523.13,82.39,993.55,108.71,113.23,Critical
2024-09-28 10:00:00,531.92,83.45,1036.27,117.19,126.52,Critical
2024-09-28 11:00:00,505.44,76.03,981.17,105.27,103.2,Critical
2024-09-28 12:00:00,587.27,98.97,1069.24,150.0,132.18,Critical
2024-09-28 13:00:00,562.52,86.17,1044.21,127.92,137.45,Critical
2024-09-28 14:00:00,477.99,74.73,964.63,97.08,101.96,Critical
2024-09-28 15:00:00,483.94,74.97,951.15,98.08,111.75,Critical
2024-09-28 16:00:00,487.13,70.08,927.27,87.95,88.57,Warning
2024-09-28 17:00:00,487.9,76.04,942.08,95.32,92.84,Warning
2024-09-28 18:00:00,434.04,62.71,922.42,88.02,91.12,Warning
2024-09-28 19:00:00,492.73,72.75,943.17,93.6,94.64,Warning
2024-09-28 20:00:00,453.69,67.11,934.79,82.63,78.03,Safe
2024-09-28 21:00:00,443.18,61.26,902.3,74.65,75.49,Safe
2024-09-28 22:00:00,409.96,54.94,853.99,61.3,67.47,Safe
2024-09-28 23:00:00,416.26,57.08,851.9,78.6,83.68,Warning
2024-09-29 00:00:00,361.01,47.61,893.79,58.56,69.73,Safe
2024-09-29 01:00:00,385.15,45.8,827.93,52.57,50.81,Safe
2024-09-29 02:00:00,409.26,56.68,923.51,72.93,72.64,Safe
2024-09-29 03:00:00,423.72,56.52,908.23,75.12,81.12,Warning
2024-09-29 04:00:00,427.19,58.59,885.88,68.24,72.78,Safe
2024-09-29 05:00:00,400.79,50.92,858.58,51.77,38.84,Safe
2024-09-29 06:00:00,473.78,68.97,948.19,103.08,102.18,Critical
2024-09-29 07:00:00,457.99,63.82,959.67,94.69,91.31,Warning
2024-09-29 08:00:00,452.09,65.57,946.11,89.77,95.53,Warning
2024-09-29 09:00:00,544.2,81.7,990.74,121.55,115.49,Critical
2024-09-29 10:00:00,466.86,73.18,973.64,111.96,93.31,Warning
2024-09-29 11:00:00,578.43,95.4,1094.69,131.9,133.97,Critical
2024-09-29 12:00:00,551.55,84.96,998.94,109.38,114.81,Critical
2024-09-29 13:00:00,531.31,81.16,1016.67,119.04,115.31,Critical
2024-09-29 14:00:00,475.87,72.38,991.5,86.38,98.36,Warning
2024-09-29 15:00:00,493.32,76.16,961.94,101.95,114.45,Critical
2024-09-29 16:00:00,541.14,88.81,1028.22,119.73,121.58,Critical
2024-09-29 17:00:00,529.63,80.31,1027.08,118.84,120.43,Critical
2024-09-29 18:00:00,477.0,71.84,951.41,91.53,86.7,Warning
2024-09-29 19:00:00,506.41,75.71,956.95,112.14,107.07,Critical
2024-09-29 20:00:00,488.06,71.09,974.86,91.51,97.41,Warning
2024-09-29 21:00:00,508.92,68.94,957.39,102.76,92.97,Warning
2024-09-29 22:00:00,443.59,59.8,901.08,72.79,69.62,Safe
2024-09-29 23:00:00,417.36,57.18,910.64,77.71,73.67,Safe
2024-09-30 00:00:00,363.28,45.93,855.95,45.87,46.45,Safe
2024-09-30 01:00:00,385.62,47.37,835.03,56.45,58.35,Safe
2024-09-30 02:00:00,418.57,55.06,918.74,82.73,82.0,Warning
2024-09-30 03:00:00,340.49,42.86,849.13,49.16,36.23,Safe
2024-09-30 04:00:00,366.41,44.1,776.85,57.53,56.52,Safe
2024-09-30 05:00:00,396.56,48.1,817.84,57.33,64.32,Safe
2024-09-30 06:00:00,456.47,65.98,880.28,79.64,86.28,Warning
2024-09-30 07:00:00,471.84,64.57,915.71,87.82,108.36,Critical
2024-09-30 08:00:00,476.3,74.53,946.0,102.21,97.49,Warning
2024-09-30 09:00:00,543.04,83.39,999.03,100.74,98.79,Warning
2024-09-30 10:00:00,595.35,95.64,1100.0,142.91,125.94,Critical
2024-09-30 11:00:00,600.0,98.22,1052.49,131.12,133.33,Critical
2024-09-30 12:00:00,559.4,95.33,1079.5,123.42,123.18,Critical
2024-09-30 13:00:00,540.64,84.06,1023.02,122.02,114.67,Critical
2024-09-30 14:00:00,555.12,91.12,1053.79,138.0,133.57,Critical
2024-09-30 15:00:00,477.99,74.42,974.98,100.85,104.45,Critical
2024-09-30 16:00:00,558.69,91.12,1006.49,114.04,108.58,Critical
2024-09-30 17:00:00,545.61,89.57,1030.04,118.05,110.45,Critical
2024-09-30 18:00:00,487.69,68.7,977.45,92.22,88.51,Warning
2024-09-30 19:00:00,481.26,68.52,916.27,92.54,81.02,Warning
2024-09-30 20:00:00,468.95,71.27,993.02,95.86,98.79,Warning
2024-09-30 21:00:00,490.22,75.09,944.5,103.28,104.84,Critical
2024-09-30 22:00:00,408.03,53.34,833.11,72.29,73.09,Safe
2024-09-30 23:00:00,434.43,58.86,873.36,77.32,69.37,Safe
2024-10-01 00:00:00,391.37,44.32,846.44,62.61,62.47,Safe
2024-10-01 01:00:00,434.71,56.26,869.29,69.99,71.23,Safe
2024-10-01 02:00:00,381.24,45.13,833.25,80.47,75.14,Safe
2024-10-01 03:00:00,399.99,50.91,856.17,67.07,75.85,Safe
2024-10-01 04:00:00,383.17,52.0,858.8,67.18,64.64,Safe
2024-10-01 05:00:00,442.09,56.0,908.03,89.19,72.93,Safe
2024-10-01 06:00:00,455.98,65.56,944.77,87.84,87.67,Warning
2024-10-01 07:00:00,476.33,63.64,893.06,79.67,84.82,Warning
2024-10-01 08:00:00,475.55,68.2,934.94,101.58,97.83,Warning
2024-10-01 09:00:00,588.71,90.09,1088.81,143.47,156.35,Critical
2024-10-01 10:00:00,496.33,71.96,966.83,99.96,103.34,Critical
2024-10-01 11:00:00,517.35,84.35,988.58,127.17,121.18,Critical
2024-10-01 12:00:00,576.32,96.23,1049.54,133.26,124.53,Critical
2024-10-01 13:00:00,585.71,97.02,1100.0,146.21,147.88,Critical
2024-10-01 14:00:00,523.65,83.97,1035.3,128.45,135.02,Critical
2024-10-01 15:00:00,561.2,91.62,1037.83,128.28,137.27,Critical
2024-10-01 16:00:00,492.74,77.97,1006.3,109.44,111.15,Critical
2024-10-01 17:00:00,504.72,76.16,1015.99,114.47,113.79,Critical
2024-10-01 18:00:00,447.04,60.93,936.72,78.71,75.92,Safe
2024-10-01 19:00:00,473.86,71.98,995.19,91.24,89.65,Warning
2024-10-01 20:00:00,461.2,58.51,904.77,90.03,105.63,Critical
2024-10-01 21:00:00,511.57,77.67,984.44,108.93,114.91,Critical
2024-10-01 22:00:00,437.25,62.17,902.0,75.39,87.61,Warning
2024-10-01 23:00:00,360.11,45.73,828.27,52.53,54.32,Safe
2024-10-02 00:00:00,423.16,55.58,858.63,73.61,74.16,Safe
2024-10-02 01:00:00,381.27,46.23,823.25,41.89,49.34,Safe
2024-10-02 02:00:00,389.44,44.62,851.15,61.46,61.48,Safe
2024-10-02 03:00:00,383.67,46.42,796.7,56.57,47.97,Safe
2024-10-02 04:00:00,368.29,46.25,797.36,64.59,52.62,Safe
2024-10-02 05:00:00,386.67,40.82,822.37,48.69,49.67,Safe
2024-10-02 06:00:00,485.46,69.84,941.5,105.13,106.55,Critical
2024-10-02 07:00:00,439.4,60.74,861.34,75.68,75.1,Safe
2024-10-02 08:00:00,441.74,59.86,897.95,78.88,84.93,Warning
2024-10-02 09:00:00,556.44,87.45,1032.76,125.32,137.9,Critical
2024-10-02 10:00:00,518.96,84.74,1014.22,131.9,141.45,Critical
2024-10-02 11:00:00,552.13,87.48,1052.49,113.85,111.01,Critical
2024-10-02 12:00:00,556.42,90.68,1024.07,129.25,125.82,Critical
2024-10-02 13:00:00,497.9,72.7,963.79,99.71,99.94,Warning
2024-10-02 14:00:00,507.12,79.37,992.21,107.62,108.48,Critical
2024-10-02 15:00:00,579.81,97.07,1086.18,141.92,155.34,Critical
2024-10-02 16:00:00,532.96,77.42,948.99,115.55,105.27,Critical
2024-10-02 17:00:00,508.19,72.74,952.2,104.2,97.97,Warning
2024-10-02 18:00:00,452.3,74.61,973.48,105.98,96.58,Warning
2024-10-02 19:00:00,458.79,60.65,915.16,79.51,83.47,Warning
2024-10-02 20:00:00,458.65,64.92,965.22,87.74,104.76,Critical
2024-10-02 21:00:00,502.29,78.05,1007.98,99.09,106.96,Critical
2024-10-02 22:00:00,392.22,51.58,868.05,78.86,68.87,Safe
2024-10-02 23:00:00,396.31,52.4,889.97,64.0,56.31,Safe
2024-10-03 00:00:00,377.64,46.79,827.27,52.35,48.27,Safe
2024-10-03 01:00:00,367.38,45.79,863.14,59.65,65.87,Safe
2024-10-03 02:00:00,396.32,53.82,893.72,75.79,70.65,Safe
2024-10-03 03:00:00,369.27,45.96,819.99,47.04,39.13,Safe
2024-10-03 04:00:00,376.17,42.91,856.88,62.52,62.01,Safe
2024-10-03 05:00:00,412.3,52.9,874.33,64.47,65.3,Safe
2024-10-03 06:00:00,493.18,71.35,1005.0,111.57,101.26,Critical
2024-10-03 07:00:00,481.47,70.6,959.67,91.04,96.75,Warning
2024-10-03 08:00:00,456.23,68.63,930.79,94.81,90.94,Warning
2024-10-03 09:00:00,585.04,94.53,1055.76,134.24,133.09,Critical
2024-10-03 10:00:00,580.97,98.76,1085.97,129.81,138.23,Critical
2024-10-03 11:00:00,561.41,88.09,1027.88,112.59,115.02,Critical
2024-10-03 12:00:00,487.52,75.96,1007.77,97.59,109.54,Critical
2024-10-03 13:00:00,520.66,82.57,1012.21,121.34,127.62,Critical
2024-10-03 14:00:00,512.1,79.29,960.94,90.96,95.57,Warning
2024-10-03 15:00:00,564.4,88.74,1048.39,128.73,138.57,Critical
2024-10-03 16:00:00,526.74,81.07,1008.11,114.58,124.83,Critical
2024-10-03 17:00:00,565.8,91.38,1046.59,114.91,113.39,Critical
2024-10-03 18:00:00,480.92,63.63,924.04,80.86,105.83,Critical
2024-10-03 19:00:00,432.56,64.57,921.88,75.71,78.71,Safe
2024-10-03 20:00:00,486.22,75.19,989.89,102.07,85.37,Warning
2024-10-03 21:00:00,455.3,67.61,950.7,100.88,122.94,Critical
2024-10-03 22:00:00,400.73,56.38,889.93,78.01,63.98,Safe
2024-10-03 23:00:00,405.77,53.96,841.23,62.15,67.35,Safe
2024-10-04 00:00:00,364.03,38.6,839.62,40.24,43.12,Safe
2024-10-04 01:00:00,402.92,52.8,829.77,50.55,49.78,Safe
2024-10-04 02:00:00,373.82,44.62,820.27,48.97,67.41,Safe
2024-10-04 03:00:00,341.48,41.4,782.92,35.95,38.06,Safe
2024-10-04 04:00:00,362.85,43.5,826.22,49.8,61.32,Safe
2024-10-04 05:00:00,374.22,45.17,828.89,53.05,48.87,Safe
2024-10-04 06:00:00,503.87,73.72,964.89,97.22,93.54,Warning
2024-10-04 07:00:00,443.11,66.64,966.59,84.18,102.03,Critical
2024-10-04 08:00:00,449.51,63.97,944.24,79.42,84.89,Warning
2024-10-04 09:00:00,537.02,80.45,995.05,108.43,111.2,Critical
2024-10-04 10:00:00,566.69,93.23,1083.84,143.77,135.84,Critical
2024-10-04 11:00:00,471.3,75.23,1010.57,105.28,109.28,Critical
2024-10-04 12:00:00,600.0,99.71,1100.0,147.0,149.76,Critical
2024-10-04 13:00:00,505.73,73.86,966.3,109.54,112.95,Critical
2024-10-04 14:00:00,568.13,88.99,1009.96,131.8,118.57,Critical
2024-10-04 15:00:00,475.51,74.98,982.04,111.11,110.12,Critical
2024-10-04 16:00:00,544.33,80.79,1018.66,119.82,119.6,Critical
2024-10-04 17:00:00,580.21,97.76,1071.87,138.67,131.62,Critical
2024-10-04 18:00:00,512.59,79.93,1000.15,104.73,108.5,Critical
2024-10-04 19:00:00,490.64,75.12,973.78,94.56,92.39,Warning
2024-10-04 20:00:00,472.5,64.81,954.58,96.12,115.61,Critical
2024-10-04 21:00:00,472.52,68.76,984.58,93.33,101.18,Critical
2024-10-04 22:00:00,387.02,45.07,851.2,44.94,44.53,Safe
2024-10-04 23:00:00,419.46,54.6,871.12,52.27,54.18,Safe
2024-10-05 00:00:00,377.71,44.76,849.05,71.5,78.78,Safe
2024-10-05 01:00:00,436.15,62.35,926.02,73.01,74.96,Safe
2024-10-05 02:00:00,400.69,43.83,817.5,48.9,35.68,Safe
2024-10-05 03:00:00,354.15,43.66,864.33,61.29,60.09,Safe
2024-10-05 04:00:00,412.05,51.57,841.61,54.11,55.6,Safe
2024-10-05 05:00:00,420.47,53.8,882.29,73.38,71.45,Safe
2024-10-05 06:00:00,488.04,67.97,958.32,108.41,109.96,Critical
2024-10-05 07:00:00,483.15,65.93,923.33,106.33,100.67,Critical
2024-10-05 08:00:00,469.68,67.9,951.8,87.61,78.29,Safe
2024-10-05 09:00:00,557.31,87.47,1058.15,124.62,119.26,Critical
2024-10-05 10:00:00,576.83,88.03,1045.53,123.61,124.52,Critical
2024-10-05 11:00:00,551.57,88.12,1050.99,124.01,119.43,Critical
2024-10-05 12:00:00,486.39,75.33,978.97,111.52,110.99,Critical
2024-10-05 13:00:00,576.98,95.59,1095.5,125.02,125.3,Critical
2024-10-05 14:00:00,491.29,77.39,981.91,108.83,109.75,Critical
2024-10-05 15:00:00,563.01,89.45,1040.39,124.45,125.92,Critical
2024-10-05 16:00:00,556.22,85.33,1027.1,131.85,160.0,Critical
2024-10-05 17:00:00,550.67,88.09,1066.49,135.47,128.63,Critical
2024-10-05 18:00:00,470.03,73.18,927.46,91.0,96.58,Warning
2024-10-05 19:00:00,530.86,79.14,975.69,108.63,106.34,Critical
2024-10-05 20:00:00,444.37,67.31,986.62,96.88,90.26,Warning
2024-10-05 21:00:00,475.08,74.18,976.95,106.55,107.78,Critical
2024-10-05 22:00:00,409.42,52.98,855.95,45.74,39.11,Safe
2024-10-05 23:00:00,408.96,51.36,874.29,72.31,60.19,Safe
2024-10-06 00:00:00,398.51,48.15,823.48,71.33,73.16,Safe
2024-10-06 01:00:00,385.59,46.63,786.89,55.16,51.87,Safe
2024-10-06 02:00:00,433.12,52.12,868.41,75.98,77.01,Safe
2024-10-06 03:00:00,422.23,55.33,860.57,79.56,80.06,Warning
2024-10-06 04:00:00,428.89,53.6,870.23,71.01,66.71,Safe
2024-10-06 05:00:00,375.9,41.22,813.35,55.46,50.02,Safe
2024-10-06 06:00:00,429.58,61.92,912.73,79.05,70.11,Safe
2024-10-06 07:00:00,456.14,64.63,885.55,82.39,78.79,Safe
2024-10-06 08:00:00,503.61,68.47,942.93,89.92,94.18,Warning
2024-10-06 09:00:00,545.7,88.19,1050.73,124.87,119.44,Critical
2024-10-06 10:00:00,545.12,88.64,1012.4,136.6,138.71,Critical
2024-10-06 11:00:00,595.23,98.21,1057.63,131.14,132.97,Critical
2024-10-06 12:00:00,549.0,88.89,1020.93,127.63,125.88,Critical
2024-10-06 13:00:00,585.53,99.16,1100.0,143.12,140.41,Critical
2024-10-06 14:00:00,483.11,72.47,918.39,106.47,108.35,Critical
2024-10-06 15:00:00,502.81,70.69,971.71,112.03,121.09,Critical
2024-10-06 16:00:00,553.13,88.76,1052.43,117.57,123.75,Critical
2024-10-06 17:00:00,464.17,70.69,947.78,88.06,84.31,Warning
2024-10-06 18:00:00,467.8,72.24,928.63,89.1,86.97,Warning
2024-10-06 19:00:00,520.66,72.44,944.68,96.86,97.77,Warning
2024-10-06 20:00:00,471.03,68.54,959.9,89.19,87.77,Warning
2024-10-06 21:00:00,510.8,76.18,1008.55,109.34,105.17,Critical
2024-10-06 22:00:00,406.72,54.38,849.21,59.17,54.11,Safe
2024-10-06 23:00:00,459.73,63.81,944.17,80.37,76.97,Safe
2024-10-07 00:00:00,414.87,48.61,858.14,56.27,50.39,Safe
2024-10-07 01:00:00,351.75,40.22,800.95,48.39,54.61,Safe
2024-10-07 02:00:00,375.34,42.23,794.92,48.12,40.93,Safe
2024-10-07 03:00:00,369.16,47.21,823.26,51.89,51.1,Safe
2024-10-07 04:00:00,413.72,46.35,871.85,54.62,54.36,Safe
2024-10-07 05:00:00,407.16,50.85,858.18,50.74,59.26,Safe
2024-10-07 06:00:00,436.26,60.51,931.81,92.75,96.58,Warning
2024-10-07 07:00:00,471.71,68.97,950.16,89.93,91.11,Warning
2024-10-07 08:00:00,473.06,70.05,940.29,114.41,106.59,Critical
2024-10-07 09:00:00,516.34,80.69,1016.3,117.71,117.4,Critical
2024-10-07 10:00:00,445.7,69.99,997.42,107.45,114.39,Critical
2024-10-07 11:00:00,520.35,80.43,987.98,118.03,118.0,Critical
2024-10-07 12:00:00,533.92,83.97,1039.96,119.11,129.61,Critical
2024-10-07 13:00:00,592.2,96.34,1085.89,133.33,136.17,Critical
2024-10-07 14:00:00,568.44,93.94,1037.81,122.52,117.14,Critical
2024-10-07 15:00:00,558.81,92.4,1029.62,136.33,125.38,Critical
2024-10-07 16:00:00,555.21,88.83,1034.21,126.3,134.18,Critical
2024-10-07 17:00:00,494.55,79.28,1004.04,111.91,102.74,Critical
2024-10-07 18:00:00,509.57,76.89,1003.77,113.25,112.69,Critical
2024-10-07 19:00:00,427.25,63.33,882.09,80.87,81.88,Warning
2024-10-07 20:00:00,487.29,67.9,953.86,89.65,92.68,Warning
2024-10-07 21:00:00,482.98,68.35,939.15,100.51,94.43,Warning
2024-10-07 22:00:00,437.27,62.56,912.87,78.84,80.46,Warning
2024-10-07 23:00:00,434.58,56.33,894.6,74.43,72.1,Safe
2024-10-08 00:00:00,369.0,41.86,847.71,56.46,48.41,Safe
2024-10-08 01:00:00,351.55,41.42,813.78,45.75,42.92,Safe
2024-10-08 02:00:00,346.56,43.72,788.75,31.53,40.22,Safe
2024-10-08 03:00:00,420.95,54.13,866.53,76.84,73.19,Safe
2024-10-08 04:00:00,432.28,60.85,923.0,89.02,79.97,Safe
2024-10-08 05:00:00,389.69,43.59,837.42,39.41,31.81,Safe
2024-10-08 06:00:00,487.04,71.71,973.2,89.44,94.01,Warning
2024-10-08 07:00:00,465.09,68.72,932.38,106.36,98.9,Warning
2024-10-08 08:00:00,487.21,65.51,897.46,89.85,99.21,Warning
2024-10-08 09:00:00,516.47,77.1,998.47,107.45,115.38,Critical
2024-10-08 10:00:00,526.59,94.44,1045.49,122.78,124.6,Critical
2024-10-08 11:00:00,538.23,86.26,1046.55,112.46,104.15,Critical
2024-10-08 12:00:00,516.5,83.97,1035.1,113.91,108.91,Critical
2024-10-08 13:00:00,495.04,76.56,972.51,110.63,111.55,Critical
2024-10-08 14:00:00,542.37,86.1,1028.03,119.83,112.86,Critical
2024-10-08 15:00:00,503.96,74.75,978.12,107.58,108.22,Critical
2024-10-08 16:00:00,591.18,96.88,1070.87,150.0,148.13,Critical
2024-10-08 17:00:00,556.57,85.37,996.45,114.5,112.46,Critical
2024-10-08 18:00:00,501.23,73.08,964.54,102.56,98.57,Warning
2024-10-08 19:00:00,508.37,75.08,976.83,111.47,127.16,Critical
2024-10-08 20:00:00,476.22,68.35,971.69,86.08,71.04,Safe
2024-10-08 21:00:00,499.7,70.42,934.9,97.34,98.99,Warning
2024-10-08 22:00:00,448.81,63.31,940.06,99.05,89.06,Warning
2024-10-08 23:00:00,440.66,61.18,880.66,75.0,69.55,Safe
2024-10-09 00:00:00,341.64,42.08,780.82,52.16,53.4,Safe
2024-10-09 01:00:00,390.43,43.91,812.93,51.82,58.98,Safe
2024-10-09 02:00:00,397.16,49.56,827.1,73.81,70.53,Safe
2024-10-09 03:00:00,437.59,49.13,815.76,50.05,51.69,Safe
2024-10-09 04:00:00,426.2,57.97,932.63,76.9,68.67,Safe
2024-10-09 05:00:00,366.84,41.4,797.06,35.2,29.21,Safe
2024-10-09 06:00:00,481.73,68.52,993.45,90.05,90.01,Warning
2024-10-09 07:00:00,469.93,71.34,934.82,87.47,96.02,Warning
2024-10-09 08:00:00,483.02,69.5,909.91,89.5,91.4,Warning
2024-10-09 09:00:00,560.61,90.03,1078.56,119.01,121.22,Critical
2024-10-09 10:00:00,541.43,86.42,1016.11,118.82,120.38,Critical
2024-10-09 11:00:00,539.3,80.72,1006.66,117.41,97.31,Warning
2024-10-09 12:00:00,516.03,82.17,981.03,98.37,99.11,Warning
2024-10-09 13:00:00,504.93,75.27,975.51,98.02,108.86,Critical
2024-10-09 14:00:00,506.69,71.58,927.72,117.64,117.66,Critical
2024-10-09 15:00:00,590.11,100.0,1098.37,144.35,147.65,Critical
2024-10-09 16:00:00,561.72,91.47,1046.92,113.43,133.47,Critical
2024-10-09 17:00:00,568.03,83.8,1024.07,109.63,109.92,Critical
2024-10-09 18:00:00,476.4,67.44,950.97,93.36,93.96,Warning
2024-10-09 19:00:00,481.83,72.23,966.45,98.01,106.36,Critical
2024-10-09 20:00:00,513.44,75.55,987.67,100.39,102.06,Critical
2024-10-09 21:00:00,452.33,65.07,922.95,102.51,93.76,Warning
2024-10-09 22:00:00,368.17,47.52,828.02,75.2,67.25,Safe
2024-10-09 23:00:00,427.53,52.08,870.74,65.7,67.6,Safe
2024-10-10 00:00:00,346.0,40.36,799.35,50.77,51.19,Safe
2024-10-10 01:00:00,413.24,44.73,822.04,64.32,64.02,Safe
2024-10-10 02:00:00,412.51,54.84,882.95,77.54,74.93,Safe
2024-10-10 03:00:00,441.63,52.94,841.97,63.39,67.94,Safe
2024-10-10 04:00:00,352.48,42.91,846.0,65.05,59.1,Safe
2024-10-10 05:00:00,383.12,42.19,805.46,49.61,50.53,Safe
2024-10-10 06:00:00,451.48,61.12,908.33,84.01,86.34,Warning
2024-10-10 07:00:00,484.61,68.22,940.12,92.56,91.5,Warning
2024-10-10 08:00:00,463.19,62.41,926.41,83.1,86.37,Warning
2024-10-10 09:00:00,528.71,83.92,1027.06,118.63,116.76,Critical
2024-10-10 10:00:00,482.0,75.08,974.3,90.63,100.71,Critical
2024-10-10 11:00:00,569.25,92.49,1094.32,116.82,126.97,Critical
2024-10-10 12:00:00,562.88,89.94,979.23,121.04,116.75,Critical
2024-10-10 13:00:00,526.87,83.37,1044.19,109.7,114.68,Critical
2024-10-10 14:00:00,501.85,74.49,992.69,107.48,131.5,Critical
2024-10-10 15:00:00,578.53,93.48,1027.01,133.97,142.67,Critical
2024-10-10 16:00:00,578.62,97.84,1100.0,138.71,139.8,Critical
2024-10-10 17:00:00,525.29,79.94,1022.99,124.22,118.76,Critical
2024-10-10 18:00:00,488.14,72.97,977.21,99.18,109.26,Critical
2024-10-10 19:00:00,440.16,62.49,878.15,66.96,89.6,Warning
2024-10-10 20:00:00,480.98,67.49,952.47,90.44,93.0,Warning
2024-10-10 21:00:00,458.08,67.24,958.36,98.99,90.78,Warning
2024-10-10 22:00:00,442.61,62.25,898.66,64.87,69.64,Safe
2024-10-10 23:00:00,405.49,51.12,865.3,63.28,70.14,Safe
2024-10-11 00:00:00,381.92,40.67,795.58,52.74,58.78,Safe
2024-10-11 01:00:00,429.46,56.69,902.93,95.12,89.12,Warning
2024-10-11 02:00:00,414.2,51.7,851.6,74.41,62.24,Safe
2024-10-11 03:00:00,391.87,49.01,832.29,59.68,62.85,Safe
2024-10-11 04:00:00,359.46,40.14,799.84,49.41,56.79,Safe
2024-10-11 05:00:00,382.52,45.8,799.48,37.62,46.6,Safe
2024-10-11 06:00:00,442.91,59.7,895.45,69.22,65.77,Safe
2024-10-11 07:00:00,460.34,66.12,938.57,92.96,90.38,Warning
2024-10-11 08:00:00,484.16,66.35,950.89,92.84,96.95,Warning
2024-10-11 09:00:00,517.98,80.8,1009.48,113.72,106.18,Critical
2024-10-11 10:00:00,482.46,76.59,951.43,100.36,100.69,Critical
2024-10-11 11:00:00,554.28,78.97,1024.6,115.07,118.51,Critical
2024-10-11 12:00:00,522.34,81.73,1040.25,115.39,116.68,Critical
2024-10-11 13:00:00,599.58,95.3,1078.98,129.25,123.92,Critical
2024-10-11 14:00:00,542.43,80.69,986.91,111.06,121.18,Critical
2024-10-11 15:00:00,572.83,89.9,1037.8,117.47,138.96,Critical
2024-10-11 16:00:00,578.03,95.2,1071.52,129.62,129.07,Critical
2024-10-11 17:00:00,588.09,96.02,1086.23,146.93,135.59,Critical
2024-10-11 18:00:00,448.64,66.62,926.4,84.6,82.37,Warning
2024-10-11 19:00:00,487.3,64.86,905.42,92.7,94.49,Warning
2024-10-11 20:00:00,452.15,66.02,952.61,88.45,77.0,Safe
2024-10-11 21:00:00,483.41,71.74,964.36,93.77,104.99,Critical
2024-10-11 22:00:00,436.31,58.73,870.5,66.44,65.28,Safe
2024-10-11 23:00:00,422.42,55.98,886.31,68.25,66.37,Safe
2024-10-12 00:00:00,393.24,50.61,856.61,63.07,64.3,Safe
2024-10-12 01:00:00,405.48,46.49,816.65,61.81,53.67,Safe
2024-10-12 02:00:00,436.62,55.83,905.44,75.15,80.33,Warning
2024-10-12 03:00:00,379.95,43.86,822.27,57.41,69.13,Safe
2024-10-12 04:00:00,393.09,49.67,843.58,47.84,58.04,Safe
2024-10-12 05:00:00,418.74,50.96,852.96,71.68,72.8,Safe
2024-10-12 06:00:00,467.82,68.58,952.67,82.57,86.8,Warning
2024-10-12 07:00:00,499.91,69.48,945.81,103.66,98.07,Warning
2024-10-12 08:00:00,475.04,68.37,940.08,95.54,97.52,Warning
2024-10-12 09:00:00,525.34,77.03,1008.6,94.07,93.32,Warning
2024-10-12 10:00:00,495.37,74.24,940.0,104.84,99.4,Warning
2024-10-12 11:00:00,510.08,77.27,958.82,112.38,97.62,Warning
2024-10-12 12:00:00,581.92,91.19,1073.04,141.79,127.97,Critical
2024-10-12 13:00:00,600.0,96.63,1100.0,133.99,130.61,Critical
2024-10-12 14:00:00,525.45,75.9,998.78,108.93,119.44,Critical
2024-10-12 15:00:00,505.2,73.23,1007.16,108.85,107.11,Critical
2024-10-12 16:00:00,563.09,88.71,1033.99,130.9,120.34,Critical
2024-10-12 17:00:00,565.02,93.03,1051.13,133.22,131.28,Critical
2024-10-12 18:00:00,484.05,69.98,959.94,91.75,94.95,Warning
2024-10-12 19:00:00,428.3,60.27,922.33,85.87,82.03,Warning
2024-10-12 20:00:00,481.62,69.09,916.6,99.47,105.94,Critical
2024-10-12 21:00:00,510.04,75.97,975.16,103.05,101.58,Critical
2024-10-12 22:00:00,410.91,59.59,897.36,67.53,74.91,Safe
2024-10-12 23:00:00,432.9,58.09,875.51,68.03,62.08,Safe
2024-10-13 00:00:00,439.45,58.41,879.68,86.08,80.29,Warning
2024-10-13 01:00:00,355.15,39.08,813.95,52.28,42.61,Safe
2024-10-13 02:00:00,371.53,41.63,818.48,48.92,42.7,Safe
2024-10-13 03:00:00,404.26,55.76,896.37,68.1,62.32,Safe
2024-10-13 04:00:00,413.7,56.14,888.11,56.5,68.44,Safe
2024-10-13 05:00:00,436.13,55.41,857.84,70.23,76.49,Safe
2024-10-13 06:00:00,444.57,61.14,915.01,70.69,71.17,Safe
2024-10-13 07:00:00,457.16,63.1,894.55,83.44,91.64,Warning
2024-10-13 08:00:00,449.75,64.35,914.89,93.04,89.77,Warning
2024-10-13 09:00:00,568.07,91.95,1036.95,120.7,118.61,Critical
2024-10-13 10:00:00,510.17,85.6,1014.56,116.76,115.23,Critical
2024-10-13 11:00:00,512.88,75.26,978.29,112.2,105.44,Critical
2024-10-13 12:00:00,543.79,79.62,988.04,113.98,119.31,Critical
2024-10-13 13:00:00,465.33,70.06,930.87,87.05,84.79,Warning
2024-10-13 14:00:00,534.4,86.89,1059.48,121.64,140.0,Critical
2024-10-13 15:00:00,600.0,98.6,1090.37,148.89,140.41,Critical
2024-10-13 16:00:00,514.23,73.4,955.39,103.52,102.91,Critical
2024-10-13 17:00:00,580.97,95.25,1052.44,133.8,127.14,Critical
2024-10-13 18:00:00,451.47,67.17,894.67,94.2,93.12,Warning
2024-10-13 19:00:00,483.92,71.71,953.66,100.36,100.96,Critical
2024-10-13 20:00:00,459.46,68.47,912.03,78.43,78.68,Safe
2024-10-13 21:00:00,481.04,72.6,978.66,103.21,99.97,Warning
2024-10-13 22:00:00,440.38,61.16,906.45,86.82,85.52,Warning
2024-10-13 23:00:00,380.47,48.37,876.13,49.44,42.24,Safe
2024-10-14 00:00:00,361.43,43.08,820.31,31.06,36.93,Safe
2024-10-14 01:00:00,401.56,50.13,834.66,52.54,59.11,Safe
2024-10-14 02:00:00,395.69,48.17,799.49,55.58,63.08,Safe
2024-10-14 03:00:00,389.9,52.46,880.04,72.26,74.55,Safe
2024-10-14 04:00:00,404.43,49.72,820.02,52.87,58.93,Safe
2024-10-14 05:00:00,368.81,43.54,808.72,54.23,46.65,Safe
2024-10-14 06:00:00,447.04,59.24,933.03,56.84,62.39,Safe
2024-10-14 07:00:00,484.81,68.47,955.79,95.17,99.93,Warning
2024-10-14 08:00:00,448.1,63.93,928.23,80.55,83.56,Warning
2024-10-14 09:00:00,588.6,95.0,1095.78,150.0,145.03,Critical
2024-10-14 10:00:00,546.24,89.49,1067.41,110.52,118.05,Critical
2024-10-14 11:00:00,505.57,71.76,993.58,101.16,107.17,Critical
2024-10-14 12:00:00,492.37,75.89,966.2,86.38,96.36,Warning
2024-10-14 13:00:00,485.78,70.21,942.76,90.14,91.78,Warning
2024-10-14 14:00:00,504.37,76.75,963.46,89.96,96.73,Warning
2024-10-14 15:00:00,533.72,86.99,1034.23,138.45,134.82,Critical
2024-10-14 16:00:00,556.73,86.03,1027.24,118.72,111.86,Critical
2024-10-14 17:00:00,479.44,72.01,921.44,92.34,91.96,Warning
2024-10-14 18:00:00,437.8,65.4,912.61,82.54,87.45,Warning
2024-10-14 19:00:00,447.81,72.04,991.86,85.42,91.83,Warning
2024-10-14 20:00:00,421.15,58.35,897.12,82.4,75.27,Safe
2024-10-14 21:00:00,494.1,68.71,959.29,100.37,103.89,Critical
2024-10-14 22:00:00,433.13,53.88,866.75,77.12,83.07,Warning
2024-10-14 23:00:00,397.46,51.88,817.88,51.12,51.06,Safe
2024-10-15 00:00:00,368.12,43.34,813.87,58.93,53.82,Safe
2024-10-15 01:00:00,410.33,54.21,893.97,77.12,86.22,Warning
2024-10-15 02:00:00,348.13,41.7,782.41,42.31,46.83,Safe
2024-10-15 03:00:00,400.36,53.41,883.48,73.61,69.36,Safe
2024-10-15 04:00:00,383.1,42.34,774.26,50.6,47.77,Safe
2024-10-15 05:00:00,378.49,42.86,814.74,37.98,44.25,Safe
2024-10-15 06:00:00,450.34,61.63,920.13,80.17,79.8,Safe
2024-10-15 07:00:00,406.71,56.35,874.88,65.34,54.56,Safe
2024-10-15 08:00:00,437.97,59.14,950.09,80.51,81.57,Warning
2024-10-15 09:00:00,459.43,72.92,953.75,102.51,97.06,Warning
2024-10-15 10:00:00,561.16,87.34,1023.97,109.89,116.01,Critical
2024-10-15 11:00:00,579.22,93.9,1074.0,130.21,133.47,Critical
2024-10-15 12:00:00,551.49,92.58,1046.29,121.07,114.98,Critical
2024-10-15 13:00:00,578.11,88.87,1012.64,119.44,118.95,Critical
2024-10-15 14:00:00,464.69,72.46,938.15,87.06,82.74,Warning
2024-10-15 15:00:00,549.78,85.59,1044.63,121.95,122.16,Critical
2024-10-15 16:00:00,525.97,79.55,991.04,114.38,124.61,Critical
2024-10-15 17:00:00,501.72,79.77,1036.29,112.97,111.38,Critical
2024-10-15 18:00:00,474.11,68.66,933.59,92.75,87.52,Warning
2024-10-15 19:00:00,455.28,69.55,963.38,96.53,93.5,Warning
2024-10-15 20:00:00,470.71,77.64,999.44,121.49,132.3,Critical
2024-10-15 21:00:00,489.21,76.04,970.16,102.64,102.93,Critical
2024-10-15 22:00:00,414.13,55.69,859.12,76.75,71.54,Safe
2024-10-15 23:00:00,425.26,54.06,832.2,74.63,84.59,Warning
2024-10-16 00:00:00,376.98,44.01,832.22,66.8,64.48,Safe
2024-10-16 01:00:00,422.11,55.2,902.36,76.2,79.8,Safe
2024-10-16 02:00:00,346.36,40.14,765.72,34.87,36.7,Safe
2024-10-16 03:00:00,398.5,51.48,849.25,64.97,63.56,Safe
2024-10-16 04:00:00,356.86,42.47,797.68,48.79,41.79,Safe
2024-10-16 05:00:00,366.09,45.81,841.18,59.86,64.63,Safe
2024-10-16 06:00:00,467.93,69.06,938.07,84.15,97.6,Warning
2024-10-16 07:00:00,460.44,64.85,953.36,97.71,97.12,Warning
2024-10-16 08:00:00,429.06,59.27,887.89,75.18,78.91,Safe
2024-10-16 09:00:00,514.03,79.64,971.0,114.35,110.77,Critical
2024-10-16 10:00:00,550.57,85.21,1015.74,121.92,118.48,Critical
2024-10-16 11:00:00,475.59,70.65,945.36,94.83,103.66,Critical
2024-10-16 12:00:00,524.12,85.7,1040.07,120.01,117.99,Critical
2024-10-16 13:00:00,600.0,100.0,1091.78,147.88,148.19,Critical
2024-10-16 14:00:00,494.6,72.72,973.28,115.23,114.52,Critical
2024-10-16 15:00:00,513.04,77.11,968.16,89.06,88.88,Warning
2024-10-16 16:00:00,585.88,94.28,1064.92,138.66,124.49,Critical
2024-10-16 17:00:00,525.43,79.76,981.53,110.09,109.96,Critical
2024-10-16 18:00:00,486.64,71.56,939.17,94.16,96.56,Warning
2024-10-16 19:00:00,515.84,70.59,981.0,81.86,78.92,Safe
2024-10-16 20:00:00,455.01,68.25,925.52,92.79,94.12,Warning
2024-10-16 21:00:00,488.51,74.18,963.25,98.47,104.21,Critical
2024-10-16 22:00:00,406.14,48.15,863.73,54.81,50.62,Safe
2024-10-16 23:00:00,402.92,50.23,867.65,63.44,51.59,Safe
2024-10-17 00:00:00,384.53,43.48,853.51,51.97,53.44,Safe
2024-10-17 01:00:00,367.06,41.17,816.47,34.09,43.82,Safe
2024-10-17 02:00:00,443.64,56.1,867.29,73.66,77.92,Safe
2024-10-17 03:00:00,360.17,43.57,863.11,56.68,57.97,Safe
2024-10-17 04:00:00,452.07,58.32,904.41,73.69,71.55,Safe
2024-10-17 05:00:00,389.31,43.23,812.75,54.32,55.5,Safe
2024-10-17 06:00:00,449.62,66.64,934.46,87.53,91.56,Warning
2024-10-17 07:00:00,468.31,64.87,928.29,95.4,92.61,Warning
2024-10-17 08:00:00,480.12,70.18,945.69,93.18,98.78,Warning
2024-10-17 09:00:00,585.39,98.47,1062.08,144.08,135.13,Critical
2024-10-17 10:00:00,486.12,78.14,1026.49,103.84,105.04,Critical
2024-10-17 11:00:00,572.01,96.54,1082.22,150.0,151.89,Critical
2024-10-17 12:00:00,511.99,75.52,981.64,101.03,97.31,Warning
2024-10-17 13:00:00,547.47,84.02,1065.82,115.58,124.45,Critical
2024-10-17 14:00:00,495.33,74.57,957.82,99.49,103.44,Critical
2024-10-17 15:00:00,499.68,72.06,974.72,93.87,96.64,Warning
2024-10-17 16:00:00,546.03,83.2,998.57,106.17,120.58,Critical
2024-10-17 17:00:00,506.92,76.19,988.01,110.69,114.17,Critical
2024-10-17 18:00:00,446.69,64.2,925.43,59.2,66.71,Safe
2024-10-17 19:00:00,474.01,66.96,952.19,85.19,80.2,Warning
2024-10-17 20:00:00,485.82,69.75,975.33,85.37,83.03,Warning
2024-10-17 21:00:00,483.68,68.56,930.05,93.26,95.35,Warning
2024-10-17 22:00:00,416.64,51.13,886.82,49.15,48.45,Safe
2024-10-17 23:00:00,432.33,62.85,946.97,86.5,81.2,Warning
2024-10-18 00:00:00,418.46,56.4,876.5,75.99,67.79,Safe
2024-10-18 01:00:00,350.22,44.2,820.86,35.79,36.69,Safe
2024-10-18 02:00:00,386.06,43.9,808.62,53.68,66.42,Safe
2024-10-18 03:00:00,397.55,50.13,843.93,65.08,67.79,Safe
2024-10-18 04:00:00,405.43,49.85,822.77,67.91,73.97,Safe
2024-10-18 05:00:00,390.86,52.88,881.51,52.99,65.74,Safe
2024-10-18 06:00:00,490.65,67.76,893.69,77.22,89.55,Warning
2024-10-18 07:00:00,425.88,60.65,887.91,87.95,89.55,Warning
2024-10-18 08:00:00,454.32,60.87,903.33,73.88,77.3,Safe
2024-10-18 09:00:00,568.17,91.63,1086.75,127.05,129.62,Critical
2024-10-18 10:00:00,597.35,100.0,1088.0,147.03,144.59,Critical
2024-10-18 11:00:00,580.94,96.18,1090.31,127.53,123.76,Critical
2024-10-18 12:00:00,528.39,84.33,1019.87,114.15,119.64,Critical
2024-10-18 13:00:00,527.05,77.23,1006.94,116.44,107.99,Critical
2024-10-18 14:00:00,564.9,91.18,1064.16,117.77,125.47,Critical
2024-10-18 15:00:00,524.83,85.65,1046.51,114.57,114.79,Critical
2024-10-18 16:00:00,594.62,100.0,1087.89,132.61,134.13,Critical
2024-10-18 17:00:00,542.68,85.22,1003.79,111.59,104.15,Critical
2024-10-18 18:00:00,499.77,71.8,967.08,108.51,107.92,Critical
2024-10-18 19:00:00,471.94,70.1,939.77,103.84,98.99,Warning
2024-10-18 20:00:00,500.15,76.92,985.27,106.58,111.21,Critical
2024-10-18 21:00:00,490.89,72.64,970.18,103.12,96.68,Warning
2024-10-18 22:00:00,444.75,58.13,917.97,81.9,85.59,Warning
2024-10-18 23:00:00,364.12,45.82,846.4,48.05,56.75,Safe
2024-10-19 00:00:00,400.87,48.45,827.27,60.83,81.79,Warning
2024-10-19 01:00:00,376.62,45.78,803.71,41.97,41.54,Safe
2024-10-19 02:00:00,385.98,47.63,875.71,51.68,58.1,Safe
2024-10-19 03:00:00,445.26,54.31,836.73,69.1,66.92,Safe
2024-10-19 04:00:00,428.69,57.86,879.34,64.9,66.46,Safe
2024-10-19 05:00:00,424.81,53.56,882.0,59.24,57.49,Safe
2024-10-19 06:00:00,458.94,62.22,947.15,79.09,68.67,Safe
2024-10-19 07:00:00,441.76,64.57,918.68,92.19,77.6,Safe
2024-10-19 08:00:00,438.68,66.13,931.25,97.18,94.33,Warning
2024-10-19 09:00:00,600.0,98.22,1071.85,139.54,147.82,Critical
2024-10-19 10:00:00,527.63,85.7,1031.29,122.7,110.91,Critical
2024-10-19 11:00:00,508.86,83.04,989.9,106.53,112.11,Critical
2024-10-19 12:00:00,569.09,88.68,1026.89,108.76,116.26,Critical
2024-10-19 13:00:00,571.49,96.44,1099.01,129.35,138.44,Critical
2024-10-19 14:00:00,535.58,86.6,1023.46,116.82,114.84,Critical
2024-10-19 15:00:00,600.0,96.58,1100.0,141.22,155.14,Critical
2024-10-19 16:00:00,465.84,72.27,957.97,94.0,90.84,Warning
2024-10-19 17:00:00,549.49,91.77,1028.74,123.41,144.88,Critical
2024-10-19 18:00:00,501.72,77.04,1010.9,101.75,106.9,Critical
2024-10-19 19:00:00,482.48,71.46,928.36,97.09,100.84,Critical
2024-10-19 20:00:00,500.37,78.22,977.86,94.29,93.01,Warning
2024-10-19 21:00:00,482.1,74.58,968.51,105.77,101.75,Critical
2024-10-19 22:00:00,454.66,58.38,914.03,74.33,81.89,Warning
2024-10-19 23:00:00,461.48,64.45,910.67,101.34,94.64,Warning
2024-10-20 00:00:00,399.03,47.71,818.16,55.0,57.15,Safe
2024-10-20 01:00:00,365.72,41.91,813.13,44.46,42.12,Safe
2024-10-20 02:00:00,371.73,41.92,804.89,44.03,43.39,Safe
2024-10-20 03:00:00,422.1,52.26,851.02,62.37,61.47,Safe
2024-10-20 04:00:00,350.61,41.14,810.46,50.53,46.91,Safe
2024-10-20 05:00:00,403.43,49.93,823.17,59.9,55.66,Safe
2024-10-20 06:00:00,491.34,70.4,914.12,101.54,117.41,Critical
2024-10-20 07:00:00,451.79,57.54,934.75,82.92,82.91,Warning
2024-10-20 08:00:00,503.67,69.1,947.79,96.29,103.69,Critical
2024-10-20 09:00:00,510.78,77.45,991.08,109.57,113.85,Critical
2024-10-20 10:00:00,533.26,79.33,979.45,119.76,116.23,Critical
2024-10-20 11:00:00,557.74,98.78,1100.0,142.15,158.93,Critical
2024-10-20 12:00:00,581.45,89.93,1037.91,130.73,142.55,Critical
2024-10-20 13:00:00,545.64,88.95,983.45,123.47,125.4,Critical
2024-10-20 14:00:00,569.42,93.2,1053.53,121.54,127.89,Critical
2024-10-20 15:00:00,600.0,98.91,1088.36,150.0,140.5,Critical
2024-10-20 16:00:00,536.29,84.61,1019.31,121.66,113.71,Critical
2024-10-20 17:00:00,567.35,91.15,1051.37,133.67,132.09,Critical
2024-10-20 18:00:00,509.15,71.73,944.46,98.51,96.39,Warning
2024-10-20 19:00:00,431.1,59.12,879.29,56.36,65.03,Safe
2024-10-20 20:00:00,478.18,73.35,960.19,95.22,91.96,Warning
2024-10-20 21:00:00,506.67,70.32,915.4,96.1,96.67,Warning
2024-10-20 22:00:00,399.29,47.98,796.83,49.92,44.07,Safe
2024-10-20 23:00:00,422.87,48.99,847.11,56.56,71.8,Safe
2024-10-21 00:00:00,386.17,43.52,820.12,49.83,45.3,Safe
2024-10-21 01:00:00,350.27,42.2,830.35,53.9,52.69,Safe
2024-10-21 02:00:00,419.96,52.73,858.03,76.74,75.17,Safe
2024-10-21 03:00:00,379.38,48.29,815.19,56.85,64.84,Safe
2024-10-21 04:00:00,404.54,51.11,812.88,56.22,58.12,Safe
2024-10-21 05:00:00,386.9,46.99,815.37,52.39,55.08,Safe
2024-10-21 06:00:00,473.07,73.93,978.95,99.14,105.39,Critical
2024-10-21 07:00:00,469.66,70.26,983.01,96.81,100.39,Critical
2024-10-21 08:00:00,492.59,65.43,928.34,93.91,88.21,Warning
2024-10-21 09:00:00,556.02,88.17,1014.15,119.0,125.42,Critical
2024-10-21 10:00:00,590.38,98.21,1071.69,142.86,134.52,Critical
2024-10-21 11:00:00,527.02,75.41,958.38,108.45,113.06,Critical
2024-10-21 12:00:00,582.41,96.99,1076.02,133.73,135.29,Critical
2024-10-21 13:00:00,502.68,75.99,1004.61,91.43,101.27,Critical
2024-10-21 14:00:00,581.79,91.98,1086.28,126.1,125.1,Critical
2024-10-21 15:00:00,592.67,99.57,1094.06,150.0,153.18,Critical
2024-10-21 16:00:00,589.55,100.0,1100.0,128.2,115.93,Critical
2024-10-21 17:00:00,503.73,83.82,1001.55,122.33,122.64,Critical
2024-10-21 18:00:00,454.61,66.93,897.03,71.44,84.77,Warning
2024-10-21 19:00:00,427.2,60.11,939.89,72.57,71.9,Safe
2024-10-21 20:00:00,461.98,64.94,873.61,80.06,76.53,Safe
2024-10-21 21:00:00,463.65,68.05,899.86,101.73,111.24,Critical
2024-10-21 22:00:00,445.81,53.9,909.02,74.06,76.67,Safe
2024-10-21 23:00:00,409.03,55.96,880.17,67.75,69.9,Safe
2024-10-22 00:00:00,413.65,48.51,817.78,52.46,50.85,Safe
2024-10-22 01:00:00,411.92,52.21,876.07,70.55,79.36,Safe
2024-10-22 02:00:00,382.49,42.8,831.01,48.04,46.53,Safe
2024-10-22 03:00:00,441.6,57.79,859.63,71.86,72.97,Safe
2024-10-22 04:00:00,405.34,59.1,883.78,69.04,78.81,Safe
2024-10-22 05:00:00,379.0,44.79,843.23,59.9,58.62,Safe
2024-10-22 06:00:00,461.17,66.21,913.08,92.5,91.54,Warning
2024-10-22 07:00:00,465.86,70.43,958.36,86.15,98.85,Warning
2024-10-22 08:00:00,457.95,62.88,945.75,80.13,73.52,Safe
2024-10-22 09:00:00,585.15,90.28,998.77,121.08,121.69,Critical
2024-10-22 10:00:00,487.66,81.27,998.84,109.0,110.44,Critical
2024-10-22 11:00:00,557.92,91.35,1062.51,135.6,128.62,Critical
2024-10-22 12:00:00,547.76,91.3,1017.07,125.93,117.08,Critical
2024-10-22 13:00:00,497.88,74.22,959.45,82.87,81.12,Warning
2024-10-22 14:00:00,560.16,91.18,1078.88,135.53,141.05,Critical
2024-10-22 15:00:00,571.44,94.98,1059.41,122.08,127.97,Critical
2024-10-22 16:00:00,531.05,80.35,969.09,104.45,112.78,Critical
2024-10-22 17:00:00,539.79,79.22,1020.98,114.96,113.36,Critical
2024-10-22 18:00:00,546.9,77.41,996.83,110.57,106.56,Critical
2024-10-22 19:00:00,452.85,65.8,927.49,92.9,93.46,Warning
2024-10-22 20:00:00,430.83,64.08,918.24,76.38,72.85,Safe
2024-10-22 21:00:00,502.27,73.61,990.67,94.55,98.83,Warning
2024-10-22 22:00:00,472.43,62.47,918.83,82.43,85.4,Warning
2024-10-22 23:00:00,426.03,53.66,882.5,77.5,79.34,Safe
2024-10-23 00:00:00,400.93,44.61,807.81,59.54,59.53,Safe
2024-10-23 01:00:00,425.08,57.06,843.12,70.79,84.11,Warning
2024-10-23 02:00:00,359.15,41.92,823.28,58.73,58.77,Safe
2024-10-23 03:00:00,366.86,41.31,830.77,58.14,57.93,Safe
2024-10-23 04:00:00,414.97,54.9,869.56,74.94,87.0,Warning
2024-10-23 05:00:00,401.24,47.99,859.48,51.09,55.41,Safe
2024-10-23 06:00:00,451.02,59.36,889.43,84.21,86.62,Warning
2024-10-23 07:00:00,493.75,69.77,946.85,93.75,97.58,Warning
2024-10-23 08:00:00,454.51,61.84,947.75,80.81,84.19,Warning
2024-10-23 09:00:00,520.6,79.29,990.04,103.81,109.37,Critical
2024-10-23 10:00:00,543.36,83.06,1007.59,114.89,120.07,Critical
2024-10-23 11:00:00,526.84,88.58,1001.76,113.61,111.28,Critical
2024-10-23 12:00:00,567.27,91.08,1070.58,131.08,124.95,Critical
2024-10-23 13:00:00,531.93,82.8,998.38,112.73,109.59,Critical
2024-10-23 14:00:00,498.02,73.76,972.04,102.55,99.56,Warning
2024-10-23 15:00:00,588.57,97.45,1080.32,142.71,133.02,Critical
2024-10-23 16:00:00,587.57,95.38,1067.09,133.25,124.72,Critical
2024-10-23 17:00:00,570.72,94.69,1070.86,127.33,117.58,Critical
2024-10-23 18:00:00,538.69,80.72,1002.7,97.37,107.88,Critical
2024-10-23 19:00:00,477.11,67.62,963.97,98.73,95.91,Warning
2024-10-23 20:00:00,471.79,67.42,970.54,92.78,89.96,Warning
2024-10-23 21:00:00,476.71,71.62,972.42,95.02,90.71,Warning
2024-10-23 22:00:00,443.77,58.09,918.42,87.11,89.04,Warning
2024-10-23 23:00:00,420.25,54.34,890.49,59.74,69.29,Safe
2024-10-24 00:00:00,350.9,40.37,812.73,45.64,53.82,Safe
2024-10-24 01:00:00,423.49,56.07,912.36,65.51,67.66,Safe
2024-10-24 02:00:00,416.41,51.9,830.71,69.17,71.68,Safe
2024-10-24 03:00:00,413.08,51.34,841.64,45.9,61.55,Safe
2024-10-24 04:00:00,435.18,57.09,867.39,79.22,78.55,Safe
2024-10-24 05:00:00,363.38,40.52,795.97,51.91,46.61,Safe
2024-10-24 06:00:00,468.52,63.54,932.79,78.81,80.25,Warning
2024-10-24 07:00:00,492.53,68.8,919.47,93.28,86.87,Warning
2024-10-24 08:00:00,447.76,59.36,907.86,71.45,73.36,Safe
2024-10-24 09:00:00,575.54,95.94,1066.78,138.04,138.59,Critical
2024-10-24 10:00:00,521.75,84.14,1013.06,121.47,124.2,Critical
2024-10-24 11:00:00,565.38,93.25,1070.66,123.31,126.07,Critical
2024-10-24 12:00:00,568.15,85.2,1062.99,114.0,115.98,Critical
2024-10-24 13:00:00,546.7,85.69,1012.78,127.98,124.75,Critical
2024-10-24 14:00:00,547.61,79.46,995.54,128.52,123.14,Critical
2024-10-24 15:00:00,524.76,81.61,984.33,115.36,113.58,Critical
2024-10-24 16:00:00,548.98,88.15,1024.87,126.84,124.89,Critical
2024-10-24 17:00:00,538.36,84.85,1000.33,114.09,120.68,Critical
2024-10-24 18:00:00,462.35,65.91,934.94,89.04,87.74,Warning
2024-10-24 19:00:00,478.45,72.32,970.96,99.95,96.2,Warning
2024-10-24 20:00:00,489.52,76.4,997.12,102.05,100.47,Critical
2024-10-24 21:00:00,465.22,64.55,906.17,95.86,89.75,Warning
2024-10-24 22:00:00,428.41,53.41,878.22,70.91,59.81,Safe
2024-10-24 23:00:00,484.07,62.46,914.79,88.51,85.0,Warning
2024-10-25 00:00:00,400.01,51.52,856.33,61.88,51.64,Safe
2024-10-25 01:00:00,381.74,46.67,806.04,53.36,44.88,Safe
2024-10-25 02:00:00,395.56,51.59,861.32,72.75,62.57,Safe
2024-10-25 03:00:00,436.2,55.11,879.62,73.13,86.05,Warning
2024-10-25 04:00:00,378.53,41.78,811.14,50.96,47.61,Safe
2024-10-25 05:00:00,351.68,40.99,813.75,47.33,43.33,Safe
2024-10-25 06:00:00,451.01,65.91,944.83,83.92,92.77,Warning
2024-10-25 07:00:00,505.06,72.93,940.49,87.76,85.6,Warning
2024-10-25 08:00:00,426.16,55.2,871.23,82.91,76.17,Safe
2024-10-25 09:00:00,600.0,97.62,1099.45,149.49,144.64,Critical
2024-10-25 10:00:00,521.24,83.4,1011.1,124.1,123.4,Critical
2024-10-25 11:00:00,500.23,81.63,1029.26,102.59,97.59,Warning
2024-10-25 12:00:00,490.47,75.68,980.38,113.57,117.96,Critical
2024-10-25 13:00:00,516.99,76.84,941.19,119.56,111.37,Critical
2024-10-25 14:00:00,566.91,84.34,1040.17,130.49,125.64,Critical
2024-10-25 15:00:00,561.71,91.93,1057.07,142.15,140.6,Critical
2024-10-25 16:00:00,559.58,81.93,970.72,121.42,125.85,Critical
2024-10-25 17:00:00,520.98,77.34,981.15,100.35,93.28,Warning
2024-10-25 18:00:00,453.82,68.33,913.75,91.42,100.62,Critical
2024-10-25 19:00:00,497.44,73.61,984.62,93.18,96.03,Warning
2024-10-25 20:00:00,462.54,62.61,912.26,78.68,92.19,Warning
2024-10-25 21:00:00,462.64,74.15,950.43,98.1,102.33,Critical
2024-10-25 22:00:00,440.54,57.88,907.24,77.95,78.6,Safe
2024-10-25 23:00:00,419.86,50.86,864.39,69.18,60.34,Safe
2024-10-26 00:00:00,391.18,46.4,826.81,41.65,59.04,Safe
2024-10-26 01:00:00,359.34,40.05,772.85,42.3,31.74,Safe
2024-10-26 02:00:00,364.46,41.72,790.07,50.99,45.99,Safe
2024-10-26 03:00:00,417.04,55.07,856.49,74.23,83.79,Warning
2024-10-26 04:00:00,347.66,41.03,821.57,52.4,51.62,Safe
2024-10-26 05:00:00,412.29,55.48,840.42,69.07,70.92,Safe
2024-10-26 06:00:00,458.49,66.08,929.36,83.91,81.65,Warning
2024-10-26 07:00:00,482.75,70.29,945.94,98.44,104.34,Critical
2024-10-26 08:00:00,437.44,61.31,929.33,77.97,84.66,Warning
2024-10-26 09:00:00,565.27,94.36,1076.92,139.86,130.89,Critical
2024-10-26 10:00:00,545.28,83.66,1030.07,121.77,122.17,Critical
2024-10-26 11:00:00,588.07,95.72,1067.04,135.46,142.32,Critical
2024-10-26 12:00:00,547.01,88.64,1016.12,115.8,120.29,Critical
2024-10-26 13:00:00,562.85,88.94,1037.54,134.35,131.29,Critical
2024-10-26 14:00:00,573.66,95.0,1092.1,139.59,132.24,Critical
2024-10-26 15:00:00,508.24,76.84,1001.25,123.2,125.36,Critical
2024-10-26 16:00:00,530.57,79.23,986.68,114.42,133.12,Critical
2024-10-26 17:00:00,570.67,94.78,1054.96,137.22,142.15,Critical
2024-10-26 18:00:00,433.35,62.44,888.95,66.69,70.13,Safe
2024-10-26 19:00:00,497.89,74.98,971.89,104.28,98.78,Warning
2024-10-26 20:00:00,448.91,67.0,938.0,84.57,84.67,Warning
2024-10-26 21:00:00,459.8,65.92,962.01,95.54,89.12,Warning
2024-10-26 22:00:00,415.07,54.75,876.46,71.61,68.09,Safe
2024-10-26 23:00:00,405.31,59.95,913.25,82.27,86.69,Warning
2024-10-27 00:00:00,404.31,49.22,828.93,77.15,65.73,Safe
2024-10-27 01:00:00,363.24,41.45,808.17,40.92,49.37,Safe
2024-10-27 02:00:00,383.15,41.65,811.33,57.63,46.47,Safe
2024-10-27 03:00:00,432.78,57.44,884.11,79.27,90.5,Warning
2024-10-27 04:00:00,438.74,57.11,885.07,90.13,79.62,Safe
2024-10-27 05:00:00,385.7,42.26,814.08,56.69,51.52,Safe
2024-10-27 06:00:00,424.84,56.67,893.93,77.6,97.09,Warning
2024-10-27 07:00:00,476.23,69.06,971.02,100.92,95.47,Warning
2024-10-27 08:00:00,409.73,57.94,839.86,76.18,67.73,Safe
2024-10-27 09:00:00,586.19,92.21,1085.55,145.49,158.89,Critical
2024-10-27 10:00:00,510.84,78.22,953.46,98.44,99.54,Warning
2024-10-27 11:00:00,486.76,75.21,982.84,98.17,90.91,Warning
2024-10-27 12:00:00,574.28,90.98,1100.0,146.13,160.0,Critical
2024-10-27 13:00:00,511.44,85.49,1026.51,99.96,94.63,Warning
2024-10-27 14:00:00,523.23,82.31,1015.51,113.0,117.23,Critical
2024-10-27 15:00:00,517.2,76.12,973.77,106.39,107.8,Critical
2024-10-27 16:00:00,484.67,72.7,978.18,97.23,99.95,Warning
2024-10-27 17:00:00,524.23,83.57,1025.82,128.14,123.36,Critical
2024-10-27 18:00:00,445.21,62.76,898.93,84.51,77.55,Safe
2024-10-27 19:00:00,449.34,69.37,944.33,86.45,92.76,Warning
2024-10-27 20:00:00,522.18,78.04,965.59,101.86,111.43,Critical
2024-10-27 21:00:00,460.08,65.45,924.63,88.57,91.46,Warning
2024-10-27 22:00:00,387.07,47.72,829.37,66.1,57.41,Safe
2024-10-27 23:00:00,396.84,50.15,853.75,62.58,60.84,Safe
2024-10-28 00:00:00,352.08,37.97,774.23,39.9,42.7,Safe
2024-10-28 01:00:00,371.67,40.63,798.43,41.48,25.42,Safe
2024-10-28 02:00:00,377.83,44.64,823.39,55.68,47.73,Safe
2024-10-28 03:00:00,397.7,54.19,872.68,68.69,64.73,Safe
2024-10-28 04:00:00,400.06,48.0,846.03,53.78,53.49,Safe
2024-10-28 05:00:00,390.18,45.8,825.17,63.47,56.83,Safe
2024-10-28 06:00:00,458.64,63.94,902.39,97.18,99.25,Warning
2024-10-28 07:00:00,448.65,58.4,893.81,77.5,79.03,Safe
2024-10-28 08:00:00,498.07,74.41,968.12,103.52,108.29,Critical
2024-10-28 09:00:00,550.68,83.78,1041.44,110.94,114.0,Critical
2024-10-28 10:00:00,596.26,94.14,1096.02,143.23,134.9,Critical
2024-10-28 11:00:00,600.0,100.0,1069.81,144.9,145.55,Critical
2024-10-28 12:00:00,562.41,93.22,1079.68,128.9,152.17,Critical
2024-10-28 13:00:00,550.89,88.18,1058.89,118.65,110.21,Critical
2024-10-28 14:00:00,559.98,85.66,998.69,134.71,135.14,Critical
2024-10-28 15:00:00,559.35,95.08,1088.15,136.29,134.37,Critical
2024-10-28 16:00:00,483.03,72.13,980.36,90.75,89.27,Warning
2024-10-28 17:00:00,509.52,78.58,972.01,113.1,101.5,Critical
2024-10-28 18:00:00,466.89,69.75,943.55,93.76,86.06,Warning
2024-10-28 19:00:00,491.26,69.76,952.9,95.89,98.0,Warning
2024-10-28 20:00:00,502.04,74.19,983.5,110.14,102.11,Critical
2024-10-28 21:00:00,466.97,69.23,924.4,69.44,79.69,Safe
2024-10-28 22:00:00,438.96,57.62,913.55,62.01,58.43,Safe
2024-10-28 23:00:00,392.9,48.78,799.25,67.6,61.49,Safe
2024-10-29 00:00:00,374.34,46.7,862.62,55.34,51.97,Safe
2024-10-29 01:00:00,416.5,56.62,895.21,68.41,64.91,Safe
2024-10-29 02:00:00,443.78,59.42,883.42,66.06,75.3,Safe
2024-10-29 03:00:00,400.39,46.81,853.07,60.57,54.87,Safe
2024-10-29 04:00:00,418.15,56.24,858.15,72.01,66.1,Safe
2024-10-29 05:00:00,410.98,50.84,856.73,75.46,75.93,Safe
2024-10-29 06:00:00,505.14,70.75,959.0,101.27,100.11,Critical
2024-10-29 07:00:00,455.58,68.3,946.69,87.1,90.71,Warning
2024-10-29 08:00:00,484.46,69.87,930.88,96.62,97.07,Warning
2024-10-29 09:00:00,510.55,74.73,962.74,111.43,106.26,Critical
2024-10-29 10:00:00,583.27,96.15,1083.54,143.86,155.48,Critical
2024-10-29 11:00:00,600.0,100.0,1084.01,147.01,149.04,Critical
2024-10-29 12:00:00,600.0,96.31,1087.52,141.31,133.08,Critical
2024-10-29 13:00:00,554.01,87.3,1022.99,117.41,116.82,Critical
2024-10-29 14:00:00,555.77,89.76,1070.8,118.97,119.55,Critical
2024-10-29 15:00:00,600.0,98.06,1100.0,131.82,136.48,Critical
2024-10-29 16:00:00,507.35,73.89,962.91,104.61,116.1,Critical
2024-10-29 17:00:00,530.86,91.53,1077.9,130.16,127.08,Critical
2024-10-29 18:00:00,502.56,75.65,973.58,111.78,102.78,Critical
2024-10-29 19:00:00,431.8,59.33,876.05,79.3,87.79,Warning
2024-10-29 20:00:00,470.23,66.17,921.48,96.37,99.89,Warning
2024-10-29 21:00:00,503.53,76.56,984.68,103.54,102.93,Critical
2024-10-29 22:00:00,420.93,55.53,838.34,74.18,63.12,Safe
2024-10-29 23:00:00,443.0,63.77,932.61,75.31,76.62,Safe
2024-10-30 00:00:00,403.12,48.21,842.94,59.45,64.59,Safe
2024-10-30 01:00:00,463.89,60.18,922.91,67.54,79.0,Safe
2024-10-30 02:00:00,345.53,39.35,810.13,43.77,38.65,Safe
2024-10-30 03:00:00,380.88,50.11,853.19,69.29,68.92,Safe
2024-10-30 04:00:00,377.76,44.37,814.02,52.45,60.07,Safe
2024-10-30 05:00:00,379.12,44.88,857.9,60.89,58.6,Safe
2024-10-30 06:00:00,455.87,59.87,947.09,84.6,89.96,Warning
2024-10-30 07:00:00,466.95,71.04,947.74,88.72,99.02,Warning
2024-10-30 08:00:00,454.51,65.51,950.48,85.76,88.95,Warning
2024-10-30 09:00:00,569.33,99.85,1083.7,147.65,140.26,Critical
2024-10-30 10:00:00,558.93,84.92,1011.67,125.69,118.34,Critical
2024-10-30 11:00:00,595.59,98.02,1081.6,134.74,139.05,Critical
2024-10-30 12:00:00,539.43,86.48,1047.46,109.99,108.91,Critical
2024-10-30 13:00:00,533.81,88.08,1016.75,121.58,115.24,Critical
2024-10-30 14:00:00,523.85,85.27,1060.45,114.31,116.25,Critical
2024-10-30 15:00:00,544.88,84.77,1044.48,118.69,113.31,Critical
2024-10-30 16:00:00,563.38,94.72,1088.15,121.77,122.25,Critical
2024-10-30 17:00:00,576.7,93.81,1062.59,141.02,138.57,Critical
2024-10-30 18:00:00,521.6,73.25,984.5,103.15,106.58,Critical
2024-10-30 19:00:00,466.81,67.92,875.42,86.71,84.27,Warning
2024-10-30 20:00:00,454.86,67.08,945.1,81.64,86.71,Warning
2024-10-30 21:00:00,465.83,65.12,929.12,84.78,86.3,Warning
2024-10-30 22:00:00,376.08,48.31,800.05,55.18,66.21,Safe
2024-10-30 23:00:00,466.6,60.63,912.09,77.35,88.71,Warning
2024-10-31 00:00:00,464.81,61.29,919.45,81.31,87.38,Warning
2024-10-31 01:00:00,362.06,41.09,764.67,55.34,57.79,Safe
2024-10-31 02:00:00,353.04,41.4,780.89,30.41,35.88,Safe
2024-10-31 03:00:00,370.64,44.15,866.17,55.45,52.56,Safe
2024-10-31 04:00:00,403.34,51.87,855.25,57.52,51.42,Safe
2024-10-31 05:00:00,394.69,47.33,858.11,69.77,62.19,Safe
2024-10-31 06:00:00,484.63,67.52,962.39,91.85,89.24,Warning
2024-10-31 07:00:00,452.49,66.75,942.42,79.2,84.19,Warning
2024-10-31 08:00:00,479.59,66.36,954.18,89.48,88.35,Warning
2024-10-31 09:00:00,540.49,82.96,968.32,116.27,119.76,Critical
2024-10-31 10:00:00,579.37,96.62,1078.03,150.0,160.0,Critical
2024-10-31 11:00:00,573.63,97.21,1018.28,115.68,126.31,Critical
2024-10-31 12:00:00,513.27,77.91,951.14,95.29,100.15,Critical
2024-10-31 13:00:00,529.65,86.12,1018.59,128.32,128.77,Critical
2024-10-31 14:00:00,577.93,90.9,1039.86,116.94,123.09,Critical
2024-10-31 15:00:00,507.15,80.72,1004.51,109.82,106.15,Critical
2024-10-31 16:00:00,587.31,94.91,1074.1,131.73,134.47,Critical
2024-10-31 17:00:00,556.55,89.42,1050.04,120.67,125.32,Critical
2024-10-31 18:00:00,497.95,76.45,986.09,102.52,107.22,Critical
2024-10-31 19:00:00,442.48,60.98,912.22,77.0,79.51,Safe
2024-10-31 20:00:00,529.08,78.49,971.35,116.94,126.28,Critical
2024-10-31 21:00:00,432.87,62.39,896.0,89.36,86.94,Warning
2024-10-31 22:00:00,438.39,61.04,904.39,82.16,82.91,Warning
2024-10-31 23:00:00,411.12,55.41,876.58,67.14,64.09,Safe
2024-11-01 00:00:00,412.18,53.18,842.1,67.26,68.25,Safe
2024-11-01 01:00:00,399.85,52.36,885.59,72.06,71.74,Safe
2024-11-01 02:00:00,402.89,56.91,900.5,78.76,70.09,Safe
2024-11-01 03:00:00,364.07,44.71,804.64,52.93,47.43,Safe
2024-11-01 04:00:00,389.57,41.66,803.72,62.6,65.14,Safe
2024-11-01 05:00:00,385.73,45.57,872.06,52.41,68.49,Safe
2024-11-01 06:00:00,476.05,68.27,944.88,100.97,88.14,Warning
2024-11-01 07:00:00,480.68,71.16,964.51,101.67,95.25,Warning
2024-11-01 08:00:00,452.72,63.36,903.4,77.51,85.55,Warning
2024-11-01 09:00:00,496.18,75.55,970.86,103.87,101.92,Critical
2024-11-01 10:00:00,531.62,81.06,1038.55,117.42,110.7,Critical
2024-11-01 11:00:00,595.05,98.41,1094.54,139.59,143.56,Critical
2024-11-01 12:00:00,537.64,88.51,1040.99,120.99,126.27,Critical
2024-11-01 13:00:00,553.11,87.39,1037.12,110.68,115.08,Critical
2024-11-01 14:00:00,512.02,86.61,1089.05,114.89,114.36,Critical
2024-11-01 15:00:00,596.39,97.65,1089.13,138.01,132.6,Critical
2024-11-01 16:00:00,502.51,80.56,984.54,103.27,121.03,Critical
2024-11-01 17:00:00,499.82,75.29,962.03,94.85,106.1,Critical
2024-11-01 18:00:00,484.4,75.28,993.58,110.22,110.56,Critical
2024-11-01 19:00:00,480.08,70.01,918.62,91.4,89.19,Warning
2024-11-01 20:00:00,477.86,67.44,947.11,108.83,98.71,Warning
2024-11-01 21:00:00,504.36,70.83,938.23,98.8,98.76,Warning
2024-11-01 22:00:00,394.7,54.07,829.46,71.41,90.04,Warning
2024-11-01 23:00:00,441.54,56.97,863.29,71.54,72.16,Safe
2024-11-02 00:00:00,377.52,43.92,820.21,46.55,54.48,Safe
2024-11-02 01:00:00,370.25,44.14,851.39,55.14,74.4,Safe
2024-11-02 02:00:00,414.92,51.07,875.44,76.09,74.28,Safe
2024-11-02 03:00:00,391.06,48.59,836.49,57.71,56.99,Safe
2024-11-02 04:00:00,434.01,55.99,901.34,77.33,70.78,Safe
2024-11-02 05:00:00,404.51,54.6,865.15,68.92,75.26,Safe
2024-11-02 06:00:00,466.38,68.81,911.79,88.38,92.36,Warning
2024-11-02 07:00:00,486.33,68.28,941.86,92.53,92.54,Warning
2024-11-02 08:00:00,468.6,61.95,876.62,73.5,75.6,Safe
2024-11-02 09:00:00,523.75,81.06,1022.71,113.02,103.98,Critical
2024-11-02 10:00:00,424.7,65.93,947.38,89.07,94.33,Warning
2024-11-02 11:00:00,542.21,86.25,1011.89,121.46,133.88,Critical
2024-11-02 12:00:00,536.53,84.02,1023.3,118.67,135.96,Critical
2024-11-02 13:00:00,593.98,99.31,1099.54,147.46,140.24,Critical
2024-11-02 14:00:00,550.07,86.34,1050.88,124.01,124.06,Critical
2024-11-02 15:00:00,507.84,78.63,965.76,105.83,108.83,Critical
2024-11-02 16:00:00,516.54,76.2,994.19,112.29,118.45,Critical
2024-11-02 17:00:00,557.39,93.43,1038.18,129.69,132.87,Critical
2024-11-02 18:00:00,519.44,75.53,994.75,104.33,101.21,Critical
2024-11-02 19:00:00,533.26,77.89,1012.83,114.71,123.16,Critical
2024-11-02 20:00:00,460.5,68.32,926.87,88.66,85.41,Warning
2024-11-02 21:00:00,472.77,71.39,983.77,94.19,98.08,Warning
2024-11-02 22:00:00,458.15,63.1,880.87,82.71,80.07,Warning
2024-11-02 23:00:00,361.58,44.55,846.94,53.41,45.37,Safe
2024-11-03 00:00:00,377.3,46.05,861.9,47.3,58.46,Safe
2024-11-03 01:00:00,428.48,53.26,873.91,71.79,67.51,Safe
2024-11-03 02:00:00,373.69,40.84,799.9,62.32,62.36,Safe
2024-11-03 03:00:00,397.48,42.44,819.07,45.08,40.89,Safe
2024-11-03 04:00:00,400.43,49.51,834.27,56.17,51.74,Safe
2024-11-03 05:00:00,347.61,39.04,852.94,68.31,62.31,Safe
2024-11-03 06:00:00,456.28,63.89,906.55,76.88,78.72,Safe
2024-11-03 07:00:00,441.13,60.81,933.03,90.9,104.19,Critical
2024-11-03 08:00:00,466.25,67.04,918.89,86.24,104.23,Critical
2024-11-03 09:00:00,508.51,77.21,1021.18,108.4,106.42,Critical
2024-11-03 10:00:00,539.64,88.17,1085.12,123.76,128.98,Critical
2024-11-03 11:00:00,588.39,96.11,1089.04,141.05,138.63,Critical
2024-11-03 12:00:00,572.12,97.96,1096.11,125.05,129.73,Critical
2024-11-03 13:00:00,563.92,93.49,1046.41,131.41,136.22,Critical
2024-11-03 14:00:00,565.38,91.76,1035.14,124.72,125.95,Critical
2024-11-03 15:00:00,535.29,91.73,1065.2,111.21,122.86,Critical
2024-11-03 16:00:00,542.01,82.81,1046.13,127.16,123.38,Critical
2024-11-03 17:00:00,459.14,71.97,947.79,76.28,81.85,Warning
2024-11-03 18:00:00,499.93,72.64,1011.77,119.63,120.76,Critical
2024-11-03 19:00:00,493.98,78.02,976.68,109.13,103.44,Critical
2024-11-03 20:00:00,480.33,71.5,962.55,85.28,96.46,Warning
2024-11-03 21:00:00,455.75,62.12,915.7,93.14,90.4,Warning
2024-11-03 22:00:00,422.05,47.82,836.87,55.5,53.16,Safe
2024-11-03 23:00:00,420.19,54.64,828.24,60.92,60.78,Safe
2024-11-04 00:00:00,383.0,52.69,849.83,47.33,70.35,Safe
2024-11-04 01:00:00,415.87,50.63,857.54,57.48,57.77,Safe
2024-11-04 02:00:00,405.59,52.21,858.94,58.62,52.67,Safe
2024-11-04 03:00:00,415.1,53.53,881.65,74.76,67.94,Safe
2024-11-04 04:00:00,362.61,38.7,810.15,54.35,53.13,Safe
2024-11-04 05:00:00,344.24,43.85,813.97,37.49,28.81,Safe
2024-11-04 06:00:00,465.05,66.24,910.03,88.88,83.3,Warning
2024-11-04 07:00:00,465.42,67.79,973.01,77.13,80.01,Warning
2024-11-04 08:00:00,482.67,66.39,902.13,90.67,83.64,Warning
2024-11-04 09:00:00,560.42,87.56,1024.7,140.46,151.2,Critical
2024-11-04 10:00:00,498.14,80.23,982.45,92.68,91.04,Warning
2024-11-04 11:00:00,553.4,83.93,1036.07,111.8,115.87,Critical
2024-11-04 12:00:00,499.37,73.27,995.32,107.74,103.24,Critical
2024-11-04 13:00:00,547.3,92.24,1057.38,134.28,136.35,Critical
2024-11-04 14:00:00,501.06,75.07,980.41,95.23,93.85,Warning
2024-11-04 15:00:00,597.65,95.79,1088.38,150.0,152.87,Critical
2024-11-04 16:00:00,501.56,79.64,1037.89,103.63,126.92,Critical
2024-11-04 17:00:00,537.57,79.57,958.83,123.06,120.76,Critical
2024-11-04 18:00:00,467.18,72.09,976.82,99.7,104.81,Critical
2024-11-04 19:00:00,435.96,61.76,917.08,90.01,85.92,Warning
2024-11-04 20:00:00,495.08,77.07,977.19,106.52,106.94,Critical
2024-11-04 21:00:00,475.0,63.93,926.83,92.21,95.83,Warning
2024-11-04 22:00:00,363.89,42.69,829.75,55.42,57.56,Safe
2024-11-04 23:00:00,388.68,51.24,869.03,71.5,83.95,Warning
2024-11-05 00:00:00,439.27,58.26,938.79,78.3,81.64,Warning
2024-11-05 01:00:00,389.14,44.97,827.65,47.38,45.88,Safe
2024-11-05 02:00:00,417.91,52.14,861.29,65.51,80.96,Warning
2024-11-05 03:00:00,435.84,59.91,895.56,71.62,75.27,Safe
2024-11-05 04:00:00,374.16,42.65,825.42,45.86,50.04,Safe
2024-11-05 05:00:00,407.42,54.13,869.94,80.34,74.47,Safe
2024-11-05 06:00:00,483.05,64.9,924.79,93.6,94.59,Warning
2024-11-05 07:00:00,446.3,57.57,888.24,80.4,82.75,Warning
2024-11-05 08:00:00,443.68,57.13,882.69,83.34,94.13,Warning
2024-11-05 09:00:00,525.76,78.66,979.91,113.69,111.47,Critical
2024-11-05 10:00:00,600.0,100.0,1100.0,150.0,146.85,Critical
2024-11-05 11:00:00,475.5,73.23,959.88,80.14,84.07,Warning
2024-11-05 12:00:00,526.87,79.5,1011.0,103.48,107.66,Critical
2024-11-05 13:00:00,502.32,75.18,978.34,97.28,109.1,Critical
2024-11-05 14:00:00,600.0,97.09,1076.95,128.14,131.42,Critical
2024-11-05 15:00:00,507.66,74.09,1004.88,105.09,110.63,Critical
2024-11-05 16:00:00,557.83,87.53,1035.4,124.74,122.87,Critical
2024-11-05 17:00:00,486.22,77.45,1000.95,120.04,128.06,Critical
2024-11-05 18:00:00,504.43,76.42,966.7,110.72,105.68,Critical
2024-11-05 19:00:00,493.55,75.34,932.14,95.13,89.84,Warning
2024-11-05 20:00:00,504.85,75.33,964.18,106.42,106.98,Critical
2024-11-05 21:00:00,487.5,73.33,919.63,81.39,89.28,Warning
2024-11-05 22:00:00,424.3,57.04,879.99,73.34,68.4,Safe
2024-11-05 23:00:00,418.19,52.94,897.01,69.71,62.01,Safe
2024-11-06 00:00:00,380.19,46.56,812.88,46.75,42.77,Safe
2024-11-06 01:00:00,436.86,58.79,847.62,71.64,82.84,Warning
2024-11-06 02:00:00,340.65,40.48,835.41,39.87,37.87,Safe
2024-11-06 03:00:00,419.23,57.72,878.14,64.6,71.2,Safe
2024-11-06 04:00:00,385.42,44.06,819.95,58.29,44.46,Safe
2024-11-06 05:00:00,373.22,47.61,855.39,64.85,77.31,Safe
2024-11-06 06:00:00,499.2,70.44,963.71,101.68,106.72,Critical
2024-11-06 07:00:00,452.36,59.68,914.91,76.4,81.42,Warning
2024-11-06 08:00:00,449.52,63.32,936.41,78.65,84.84,Warning
2024-11-06 09:00:00,600.0,98.43,1053.74,135.63,144.87,Critical
2024-11-06 10:00:00,533.64,79.06,964.18,107.33,108.94,Critical
2024-11-06 11:00:00,473.03,71.58,983.67,89.65,106.6,Critical
2024-11-06 12:00:00,543.81,83.34,999.5,124.5,121.75,Critical
2024-11-06 13:00:00,547.4,86.62,1018.3,118.79,125.72,Critical
2024-11-06 14:00:00,558.05,92.23,1033.37,133.48,133.13,Critical
2024-11-06 15:00:00,546.54,90.38,1042.99,113.79,114.29,Critical
2024-11-06 16:00:00,600.0,98.8,1086.32,135.65,137.16,Critical
2024-11-06 17:00:00,575.63,96.0,1059.38,141.11,137.62,Critical
2024-11-06 18:00:00,475.21,69.16,922.63,98.16,92.14,Warning
2024-11-06 19:00:00,477.19,72.52,969.61,87.46,93.89,Warning
2024-11-06 20:00:00,500.09,77.64,970.43,106.66,111.33,Critical
2024-11-06 21:00:00,456.7,64.62,909.76,86.95,91.34,Warning
2024-11-06 22:00:00,415.95,52.63,815.05,57.89,53.98,Safe
2024-11-06 23:00:00,392.56,57.2,928.64,74.3,76.1,Safe
2024-11-07 00:00:00,378.48,44.56,843.52,41.26,41.91,Safe
2024-11-07 01:00:00,336.19,36.66,772.41,30.43,31.52,Safe
2024-11-07 02:00:00,443.23,55.9,859.72,77.08,69.51,Safe
2024-11-07 03:00:00,455.48,53.57,868.09,72.51,67.2,Safe
2024-11-07 04:00:00,404.09,52.28,861.04,65.24,63.48,Safe
2024-11-07 05:00:00,351.65,43.94,791.63,45.64,49.54,Safe
2024-11-07 06:00:00,452.16,62.63,857.04,83.21,88.49,Warning
2024-11-07 07:00:00,485.36,72.06,948.73,101.1,108.07,Critical
2024-11-07 08:00:00,467.84,60.06,865.91,85.48,71.89,Safe
2024-11-07 09:00:00,590.85,91.88,1063.17,133.8,121.12,Critical
2024-11-07 10:00:00,520.68,77.14,989.62,104.32,100.77,Critical
2024-11-07 11:00:00,545.87,88.52,1021.19,117.56,122.6,Critical
2024-11-07 12:00:00,561.85,88.09,1028.69,115.57,113.09,Critical
2024-11-07 13:00:00,513.95,77.56,1026.59,105.97,100.91,Critical
2024-11-07 14:00:00,555.66,88.07,1057.4,120.13,120.34,Critical
2024-11-07 15:00:00,471.62,73.36,956.85,109.17,110.38,Critical
2024-11-07 16:00:00,556.67,85.45,1077.67,115.72,118.0,Critical
2024-11-07 17:00:00,500.63,74.78,947.57,108.79,106.55,Critical
2024-11-07 18:00:00,460.35,65.44,909.32,83.28,78.22,Safe
2024-11-07 19:00:00,436.44,61.21,903.62,76.97,81.28,Warning
2024-11-07 20:00:00,500.45,77.89,955.77,106.82,105.68,Critical
2024-11-07 21:00:00,530.96,81.63,1047.54,104.6,114.71,Critical
2024-11-07 22:00:00,406.15,57.66,892.33,64.89,62.64,Safe
2024-11-07 23:00:00,441.85,57.7,871.12,64.41,73.31,Safe
2024-11-08 00:00:00,395.28,52.51,872.4,61.37,59.07,Safe
2024-11-08 01:00:00,333.66,40.62,806.31,35.67,35.2,Safe
2024-11-08 02:00:00,406.95,45.36,820.1,67.13,67.66,Safe
2024-11-08 03:00:00,408.11,55.03,848.56,62.0,62.75,Safe
2024-11-08 04:00:00,376.65,46.69,801.85,33.97,46.87,Safe
2024-11-08 05:00:00,443.24,56.84,932.31,74.77,65.7,Safe
2024-11-08 06:00:00,495.08,67.28,906.64,97.46,103.47,Critical
2024-11-08 07:00:00,429.94,62.85,951.61,95.15,95.63,Warning
2024-11-08 08:00:00,449.37,65.69,909.87,82.52,88.77,Warning
2024-11-08 09:00:00,509.76,80.53,1020.03,106.69,104.87,Critical
2024-11-08 10:00:00,597.89,96.2,1091.24,138.88,139.07,Critical
2024-11-08 11:00:00,537.43,78.62,1007.74,115.1,119.81,Critical
2024-11-08 12:00:00,513.36,82.12,1026.7,103.98,115.51,Critical
2024-11-08 13:00:00,555.37,83.89,984.0,115.04,101.67,Critical
2024-11-08 14:00:00,493.31,75.81,964.17,101.09,99.07,Warning
2024-11-08 15:00:00,600.0,99.41,1066.95,140.88,138.16,Critical
2024-11-08 16:00:00,556.28,93.52,1071.76,129.39,122.68,Critical
2024-11-08 17:00:00,562.61,91.08,1026.29,119.02,115.84,Critical
2024-11-08 18:00:00,471.36,68.23,897.57,91.12,102.21,Critical
2024-11-08 19:00:00,470.11,68.63,937.93,90.67,93.4,Warning
2024-11-08 20:00:00,454.43,62.26,862.7,78.84,73.79,Safe
2024-11-08 21:00:00,431.3,61.35,912.44,69.99,71.34,Safe
2024-11-08 22:00:00,381.79,48.54,815.03,61.1,57.35,Safe
2024-11-08 23:00:00,443.81,59.42,878.61,68.9,65.14,Safe
2024-11-09 00:00:00,404.71,46.48,782.23,67.94,65.78,Safe
2024-11-09 01:00:00,384.92,46.31,867.85,48.19,44.54,Safe
2024-11-09 02:00:00,401.29,48.56,810.62,64.17,66.59,Safe
2024-11-09 03:00:00,392.01,45.35,818.74,39.45,47.08,Safe
2024-11-09 04:00:00,416.67,51.26,816.88,44.52,47.06,Safe
2024-11-09 05:00:00,401.73,53.77,850.47,60.5,75.97,Safe
2024-11-09 06:00:00,473.72,71.15,994.29,78.9,83.53,Warning
2024-11-09 07:00:00,484.54,73.55,974.29,104.96,105.56,Critical
2024-11-09 08:00:00,500.4,68.35,925.83,93.52,90.89,Warning
2024-11-09 09:00:00,573.27,91.54,1056.95,141.23,139.92,Critical
2024-11-09 10:00:00,571.53,91.26,1043.97,127.46,133.3,Critical
2024-11-09 11:00:00,499.17,73.51,965.52,102.26,92.54,Warning
2024-11-09 12:00:00,526.83,86.33,1048.02,117.34,125.18,Critical
2024-11-09 13:00:00,583.53,89.1,1038.22,121.06,119.65,Critical
2024-11-09 14:00:00,590.63,95.98,1084.74,134.29,137.08,Critical
2024-11-09 15:00:00,563.08,88.24,1046.4,115.73,114.36,Critical
2024-11-09 16:00:00,544.76,92.37,1054.67,130.27,125.98,Critical
2024-11-09 17:00:00,555.48,86.14,1014.51,118.28,127.08,Critical
2024-11-09 18:00:00,477.53,70.63,941.6,93.03,87.56,Warning
2024-11-09 19:00:00,491.72,77.56,1003.18,127.71,126.01,Critical
2024-11-09 20:00:00,482.45,73.95,986.96,96.74,102.55,Critical
2024-11-09 21:00:00,426.41,61.03,880.12,78.36,96.88,Warning
2024-11-09 22:00:00,369.78,46.93,828.91,53.57,42.55,Safe
2024-11-09 23:00:00,423.61,55.69,861.89,79.14,74.13,Safe
2024-11-10 00:00:00,404.79,52.55,880.35,67.97,61.69,Safe
2024-11-10 01:00:00,403.72,49.76,838.43,58.88,61.92,Safe
2024-11-10 02:00:00,396.02,43.14,864.12,74.38,67.61,Safe
2024-11-10 03:00:00,418.75,55.14,880.49,63.07,51.55,Safe
2024-11-10 04:00:00,324.33,38.94,820.7,39.71,36.42,Safe
2024-11-10 05:00:00,404.05,51.86,836.98,70.12,60.19,Safe
2024-11-10 06:00:00,459.11,60.6,903.26,74.25,67.96,Safe
2024-11-10 07:00:00,452.36,63.39,930.51,90.12,96.69,Warning
2024-11-10 08:00:00,451.81,57.6,865.27,71.26,63.17,Safe
2024-11-10 09:00:00,583.5,94.29,1071.9,142.51,145.45,Critical
2024-11-10 10:00:00,521.02,86.69,1056.59,127.42,128.98,Critical
2024-11-10 11:00:00,545.21,85.92,1022.4,119.08,133.41,Critical
2024-11-10 12:00:00,517.28,78.28,972.66,98.97,103.68,Critical
2024-11-10 13:00:00,578.76,90.91,1094.22,129.25,124.74,Critical
2024-11-10 14:00:00,600.0,93.76,1043.02,134.16,146.74,Critical
2024-11-10 15:00:00,522.27,77.39,990.38,114.98,116.65,Critical
2024-11-10 16:00:00,565.73,89.89,1033.87,128.89,131.45,Critical
2024-11-10 17:00:00,536.19,81.68,987.79,117.34,117.46,Critical
2024-11-10 18:00:00,449.73,63.02,931.42,86.21,89.43,Warning
2024-11-10 19:00:00,453.08,68.39,937.43,95.52,92.12,Warning
2024-11-10 20:00:00,449.22,62.16,919.73,80.32,84.34,Warning
2024-11-10 21:00:00,488.63,70.88,904.79,94.49,91.84,Warning
2024-11-10 22:00:00,431.19,62.01,921.12,79.95,71.85,Safe
2024-11-10 23:00:00,446.65,57.02,869.25,70.72,68.85,Safe
2024-11-11 00:00:00,413.28,49.8,807.67,68.48,72.02,Safe
2024-11-11 01:00:00,378.16,49.34,888.16,68.53,60.11,Safe
2024-11-11 02:00:00,437.72,54.65,886.47,81.81,89.06,Warning
2024-11-11 03:00:00,409.36,53.42,872.1,60.75,63.71,Safe
2024-11-11 04:00:00,375.7,46.65,860.74,59.19,66.07,Safe
2024-11-11 05:00:00,439.91,56.2,886.45,82.49,83.58,Warning
2024-11-11 06:00:00,420.29,55.25,858.68,80.94,81.51,Warning
2024-11-11 07:00:00,474.15,61.89,905.6,71.77,68.45,Safe
2024-11-11 08:00:00,453.22,66.29,916.53,85.7,92.32,Warning
2024-11-11 09:00:00,575.76,100.0,1088.99,137.92,142.0,Critical
2024-11-11 10:00:00,492.59,74.13,942.98,111.43,108.97,Critical
2024-11-11 11:00:00,551.65,85.15,1004.41,101.17,117.57,Critical
2024-11-11 12:00:00,544.94,89.48,1067.08,117.1,118.47,Critical
2024-11-11 13:00:00,519.26,84.47,1029.66,127.35,123.8,Critical
2024-11-11 14:00:00,582.04,94.71,1062.48,130.34,137.2,Critical
2024-11-11 15:00:00,485.47,76.49,959.83,90.45,90.16,Warning
2024-11-11 16:00:00,509.81,76.38,972.98,116.58,107.18,Critical
2024-11-11 17:00:00,535.07,84.96,987.76,104.24,120.62,Critical
2024-11-11 18:00:00,482.96,69.01,947.84,101.66,101.35,Critical
2024-11-11 19:00:00,455.99,68.84,965.0,78.65,84.69,Warning
2024-11-11 20:00:00,479.53,65.34,978.77,80.27,102.1,Critical
2024-11-11 21:00:00,470.68,68.31,917.28,91.18,92.81,Warning
2024-11-11 22:00:00,404.97,48.57,862.73,54.86,63.83,Safe
2024-11-11 23:00:00,415.24,50.45,836.69,65.09,59.89,Safe
2024-11-12 00:00:00,366.96,45.79,804.12,65.62,54.41,Safe
2024-11-12 01:00:00,416.95,51.15,830.91,62.13,68.94,Safe
2024-11-12 02:00:00,391.13,52.77,866.95,76.83,72.22,Safe
2024-11-12 03:00:00,372.7,47.97,819.37,57.26,52.39,Safe
2024-11-12 04:00:00,414.9,46.85,820.9,66.51,80.88,Warning
2024-11-12 05:00:00,444.89,57.33,876.96,55.91,49.7,Safe
2024-11-12 06:00:00,500.07,67.76,922.52,98.05,97.34,Warning
2024-11-12 07:00:00,474.82,70.0,932.12,96.27,98.11,Warning
2024-11-12 08:00:00,463.83,65.6,874.56,81.01,80.53,Warning
2024-11-12 09:00:00,569.14,90.44,1054.11,143.58,150.44,Critical
2024-11-12 10:00:00,499.83,75.0,976.49,98.37,94.62,Warning
2024-11-12 11:00:00,531.19,85.41,1009.51,104.04,100.63,Critical
2024-11-12 12:00:00,587.45,100.0,1100.0,147.75,148.51,Critical
2024-11-12 13:00:00,588.87,96.47,1100.0,127.27,124.44,Critical
2024-11-12 14:00:00,535.7,87.66,1038.82,121.74,128.39,Critical
2024-11-12 15:00:00,519.47,83.7,1047.77,127.07,120.38,Critical
2024-11-12 16:00:00,536.67,82.79,1063.19,122.55,127.52,Critical
2024-11-12 17:00:00,572.79,93.53,1100.0,132.26,130.57,Critical
2024-11-12 18:00:00,499.64,71.63,932.01,93.95,102.33,Critical
2024-11-12 19:00:00,447.89,63.46,891.27,91.29,80.7,Warning
2024-11-12 20:00:00,475.5,70.91,944.77,84.26,90.13,Warning
2024-11-12 21:00:00,514.17,77.06,988.13,112.69,115.35,Critical
2024-11-12 22:00:00,385.35,49.18,880.81,78.44,76.65,Safe
2024-11-12 23:00:00,378.43,46.91,848.35,60.53,76.81,Safe
2024-11-13 00:00:00,412.02,55.17,849.38,65.4,61.57,Safe
2024-11-13 01:00:00,380.82,45.94,816.24,52.44,54.8,Safe
2024-11-13 02:00:00,410.93,46.53,831.73,54.92,64.17,Safe
2024-11-13 03:00:00,406.48,56.44,849.44,62.51,63.01,Safe
2024-11-13 04:00:00,425.82,51.92,859.9,67.77,61.99,Safe
2024-11-13 05:00:00,419.41,52.27,835.2,70.31,69.49,Safe
2024-11-13 06:00:00,486.82,66.22,894.78,101.28,102.38,Critical
2024-11-13 07:00:00,492.23,62.08,889.57,69.56,63.31,Safe
2024-11-13 08:00:00,473.08,63.26,925.34,66.55,73.97,Safe
2024-11-13 09:00:00,567.68,88.68,1052.29,139.68,142.03,Critical
2024-11-13 10:00:00,533.15,87.88,1041.53,121.62,128.29,Critical
2024-11-13 11:00:00,492.67,77.32,1008.42,106.22,109.28,Critical
2024-11-13 12:00:00,576.88,92.96,1084.28,137.31,133.31,Critical
2024-11-13 13:00:00,495.63,79.85,1003.75,106.08,109.72,Critical
2024-11-13 14:00:00,488.26,69.91,951.01,110.88,112.45,Critical
2024-11-13 15:00:00,556.59,96.62,1085.95,138.01,140.88,Critical
2024-11-13 16:00:00,548.61,83.12,1012.35,113.65,118.83,Critical
2024-11-13 17:00:00,510.46,78.74,945.86,102.07,105.57,Critical
2024-11-13 18:00:00,487.45,71.42,982.08,96.98,99.86,Warning
2024-11-13 19:00:00,471.32,70.45,961.0,87.88,93.09,Warning
2024-11-13 20:00:00,443.34,67.48,910.64,98.71,94.52,Warning
2024-11-13 21:00:00,502.05,71.19,987.36,100.99,100.43,Critical
2024-11-13 22:00:00,460.5,60.45,889.27,70.63,69.11,Safe
2024-11-13 23:00:00,429.12,58.51,890.18,77.88,76.58,Safe
2024-11-14 00:00:00,428.99,54.93,897.17,83.51,89.13,Warning
2024-11-14 01:00:00,436.17,60.41,906.89,86.59,83.24,Warning
2024-11-14 02:00:00,383.12,44.77,853.23,49.14,57.04,Safe
2024-11-14 03:00:00,444.59,58.49,884.7,67.28,64.23,Safe
2024-11-14 04:00:00,424.49,54.18,908.11,82.9,84.56,Warning
2024-11-14 05:00:00,432.93,53.54,850.59,55.5,63.04,Safe
2024-11-14 06:00:00,447.62,60.09,929.44,83.52,77.41,Safe
2024-11-14 07:00:00,458.59,64.55,872.92,77.73,87.76,Warning
2024-11-14 08:00:00,426.98,59.41,872.85,84.62,82.15,Warning
2024-11-14 09:00:00,503.46,77.54,994.26,97.54,105.07,Critical
2024-11-14 10:00:00,508.38,74.26,962.49,95.5,87.66,Warning
2024-11-14 11:00:00,518.01,84.76,1022.16,120.47,125.02,Critical
2024-11-14 12:00:00,568.84,88.34,1042.62,132.27,124.95,Critical
2024-11-14 13:00:00,505.74,77.42,960.9,115.03,115.01,Critical
2024-11-14 14:00:00,509.14,80.15,976.2,111.58,110.61,Critical
2024-11-14 15:00:00,476.98,73.09,970.56,100.39,99.85,Warning
2024-11-14 16:00:00,517.0,76.89,969.79,113.98,107.38,Critical
2024-11-14 17:00:00,597.76,99.49,1100.0,131.33,134.33,Critical
2024-11-14 18:00:00,485.24,65.75,924.53,82.55,74.18,Safe
2024-11-14 19:00:00,462.0,69.92,965.41,82.5,88.53,Warning
2024-11-14 20:00:00,463.99,68.02,949.84,69.0,77.13,Safe
2024-11-14 21:00:00,494.59,73.97,956.62,106.36,114.28,Critical
2024-11-14 22:00:00,428.35,59.72,855.03,84.9,81.82,Warning
2024-11-14 23:00:00,393.73,48.41,868.12,64.93,62.92,Safe
2024-11-15 00:00:00,358.35,38.47,770.81,44.99,45.2,Safe
2024-11-15 01:00:00,398.38,47.9,830.62,59.04,55.21,Safe
2024-11-15 02:00:00,452.97,57.97,886.53,77.26,87.79,Warning
2024-11-15 03:00:00,339.23,39.37,795.73,55.48,56.7,Safe
2024-11-15 04:00:00,392.97,47.06,856.46,70.94,58.11,Safe
2024-11-15 05:00:00,379.42,47.12,835.73,51.05,56.1,Safe
2024-11-15 06:00:00,433.34,56.83,881.35,82.06,85.67,Warning
2024-11-15 07:00:00,448.28,60.56,925.21,90.62,89.91,Warning
2024-11-15 08:00:00,452.3,66.53,945.86,92.78,89.59,Warning
2024-11-15 09:00:00,537.66,87.57,1021.67,123.35,125.98,Critical
2024-11-15 10:00:00,552.44,86.32,1006.36,122.87,124.31,Critical
2024-11-15 11:00:00,520.01,79.92,981.48,97.37,89.51,Warning
2024-11-15 12:00:00,525.41,82.12,1009.52,100.86,103.53,Critical
2024-11-15 13:00:00,490.65,70.36,924.39,100.41,96.98,Warning
2024-11-15 14:00:00,541.2,82.74,1015.7,107.41,104.57,Critical
2024-11-15 15:00:00,502.31,77.43,984.31,94.04,81.49,Warning
2024-11-15 16:00:00,544.87,89.2,990.06,104.0,112.67,Critical
2024-11-15 17:00:00,492.05,77.43,956.21,98.43,89.52,Warning
2024-11-15 18:00:00,499.55,74.77,910.36,101.12,92.28,Warning
2024-11-15 19:00:00,443.2,65.78,921.33,88.02,93.66,Warning
2024-11-15 20:00:00,480.43,69.76,972.43,102.1,87.07,Warning
2024-11-15 21:00:00,517.16,75.03,933.56,98.72,91.61,Warning
2024-11-15 22:00:00,416.93,55.47,848.26,68.93,68.87,Safe
2024-11-15 23:00:00,387.17,48.67,839.75,64.98,59.18,Safe
2024-11-16 00:00:00,432.33,51.09,832.05,68.94,73.39,Safe
2024-11-16 01:00:00,447.22,56.52,859.09,68.57,65.22,Safe
2024-11-16 02:00:00,355.98,41.67,820.27,49.75,43.95,Safe
2024-11-16 03:00:00,399.87,49.48,836.51,44.36,48.81,Safe
2024-11-16 04:00:00,418.8,53.55,835.04,65.88,68.3,Safe
2024-11-16 05:00:00,397.85,48.75,797.82,52.1,46.1,Safe
2024-11-16 06:00:00,476.21,62.7,962.08,100.31,95.82,Warning
2024-11-16 07:00:00,493.66,73.11,990.37,92.99,92.82,Warning
2024-11-16 08:00:00,459.44,64.03,910.21,85.1,87.85,Warning
2024-11-16 09:00:00,600.0,98.16,1092.73,137.57,138.16,Critical
2024-11-16 10:00:00,600.0,100.0,1089.25,137.89,143.85,Critical
2024-11-16 11:00:00,546.36,83.31,1027.78,121.06,116.88,Critical
2024-11-16 12:00:00,550.37,85.71,1009.76,116.14,120.23,Critical
2024-11-16 13:00:00,535.54,89.34,1034.75,137.1,141.18,Critical
2024-11-16 14:00:00,543.97,87.7,1048.52,106.94,102.66,Critical
2024-11-16 15:00:00,580.95,92.37,1093.83,138.91,138.11,Critical
2024-11-16 16:00:00,589.55,96.51,1098.86,138.03,144.49,Critical
2024-11-16 17:00:00,560.57,87.25,1063.4,124.83,133.69,Critical
2024-11-16 18:00:00,494.14,66.93,927.78,94.27,90.91,Warning
2024-11-16 19:00:00,469.32,71.45,943.54,101.65,109.86,Critical
2024-11-16 20:00:00,516.25,75.08,932.76,103.85,106.43,Critical
2024-11-16 21:00:00,436.17,60.2,902.59,85.68,91.19,Warning
2024-11-16 22:00:00,444.69,57.9,897.84,76.82,87.35,Warning
2024-11-16 23:00:00,428.98,57.39,880.35,64.81,75.35,Safe
2024-11-17 00:00:00,431.54,50.44,835.11,64.05,84.67,Warning
2024-11-17 01:00:00,401.78,49.99,877.3,72.57,72.77,Safe
2024-11-17 02:00:00,399.99,52.24,875.1,61.62,63.57,Safe
2024-11-17 03:00:00,424.0,54.53,901.53,62.66,75.28,Safe
2024-11-17 04:00:00,431.5,56.74,862.72,76.73,79.28,Safe
2024-11-17 05:00:00,385.05,42.28,795.82,52.59,36.0,Safe
2024-11-17 06:00:00,464.07,64.45,948.72,81.23,108.31,Critical
2024-11-17 07:00:00,501.37,66.68,932.36,90.92,92.46,Warning
2024-11-17 08:00:00,429.2,57.69,875.93,71.64,65.98,Safe
2024-11-17 09:00:00,525.57,81.74,997.71,112.46,111.22,Critical
2024-11-17 10:00:00,536.47,86.23,1030.91,124.7,118.47,Critical
2024-11-17 11:00:00,567.96,91.69,1080.51,127.68,141.66,Critical
2024-11-17 12:00:00,516.51,78.32,988.07,113.42,114.43,Critical
2024-11-17 13:00:00,515.3,77.84,1006.59,104.13,97.97,Warning
2024-11-17 14:00:00,569.54,92.15,1071.03,144.26,137.15,Critical
2024-11-17 15:00:00,497.1,76.41,962.73,115.87,111.69,Critical
2024-11-17 16:00:00,564.02,94.09,1051.11,123.87,120.07,Critical
2024-11-17 17:00:00,565.35,92.65,1053.34,119.99,126.34,Critical
2024-11-17 18:00:00,461.78,61.45,877.84,88.14,77.36,Safe
2024-11-17 19:00:00,487.24,67.06,923.99,92.97,92.91,Warning
2024-11-17 20:00:00,423.8,56.22,914.4,77.92,77.68,Safe
2024-11-17 21:00:00,452.3,66.37,931.16,81.32,81.0,Warning
2024-11-17 22:00:00,403.74,51.22,839.24,61.28,64.26,Safe
2024-11-17 23:00:00,436.36,51.77,901.0,67.67,90.57,Warning
2024-11-18 00:00:00,416.63,50.66,832.83,65.46,56.29,Safe
2024-11-18 01:00:00,393.23,46.38,810.74,45.29,52.27,Safe
2024-11-18 02:00:00,446.32,58.21,918.1,77.33,86.95,Warning
2024-11-18 03:00:00,453.89,58.08,904.95,68.09,82.43,Warning
2024-11-18 04:00:00,395.94,53.02,862.24,60.19,58.59,Safe
2024-11-18 05:00:00,390.71,49.05,863.55,59.61,66.72,Safe
2024-11-18 06:00:00,463.04,67.61,944.66,93.77,95.77,Warning
2024-11-18 07:00:00,472.5,66.07,904.25,91.84,90.97,Warning
2024-11-18 08:00:00,454.76,63.13,862.9,86.09,78.26,Safe
2024-11-18 09:00:00,566.75,89.04,1032.72,113.79,127.28,Critical
2024-11-18 10:00:00,482.34,72.36,985.67,108.64,114.41,Critical
2024-11-18 11:00:00,588.89,92.42,1052.67,127.23,118.26,Critical
2024-11-18 12:00:00,501.19,75.54,987.82,99.05,88.63,Warning
2024-11-18 13:00:00,511.96,75.56,981.86,106.72,108.14,Critical
2024-11-18 14:00:00,600.0,97.03,1047.89,134.65,133.05,Critical
2024-11-18 15:00:00,600.0,100.0,1091.06,145.36,139.83,Critical
2024-11-18 16:00:00,530.09,81.26,1014.2,117.91,118.74,Critical
2024-11-18 17:00:00,580.83,92.34,1044.38,124.75,119.82,Critical
2024-11-18 18:00:00,475.82,62.86,906.32,83.44,85.83,Warning
2024-11-18 19:00:00,514.51,76.83,992.77,105.38,106.59,Critical
2024-11-18 20:00:00,435.46,61.42,908.7,86.65,86.12,Warning
2024-11-18 21:00:00,487.36,69.8,972.03,92.41,86.33,Warning
2024-11-18 22:00:00,446.12,61.66,916.74,76.88,76.36,Safe
2024-11-18 23:00:00,380.09,53.24,845.17,53.4,48.78,Safe
2024-11-19 00:00:00,400.87,48.6,832.49,52.09,34.92,Safe
2024-11-19 01:00:00,413.23,52.9,864.95,55.64,65.39,Safe
2024-11-19 02:00:00,428.91,53.18,895.35,64.77,71.57,Safe
2024-11-19 03:00:00,382.62,48.28,830.98,69.56,78.56,Safe
2024-11-19 04:00:00,389.84,52.73,825.53,66.66,55.54,Safe
2024-11-19 05:00:00,376.8,43.61,827.74,62.17,66.09,Safe
2024-11-19 06:00:00,471.64,66.58,916.28,80.57,82.18,Warning
2024-11-19 07:00:00,447.83,61.63,879.87,63.34,70.94,Safe
2024-11-19 08:00:00,469.01,67.18,936.31,92.09,89.28,Warning
2024-11-19 09:00:00,566.04,95.25,1097.65,149.58,140.78,Critical
2024-11-19 10:00:00,521.82,80.94,992.07,107.06,113.46,Critical
2024-11-19 11:00:00,521.24,81.53,1018.57,113.78,123.06,Critical
2024-11-19 12:00:00,502.3,71.82,974.1,87.21,96.87,Warning
2024-11-19 13:00:00,584.63,94.83,1091.57,136.48,136.92,Critical
2024-11-19 14:00:00,558.35,90.56,1036.69,125.18,117.73,Critical
2024-11-19 15:00:00,527.81,75.92,954.94,88.42,96.35,Warning
2024-11-19 16:00:00,523.48,81.81,987.39,103.3,101.01,Critical
2024-11-19 17:00:00,600.0,100.0,1100.0,134.07,141.43,Critical
2024-11-19 18:00:00,495.7,74.51,987.23,89.41,93.59,Warning
2024-11-19 19:00:00,504.72,70.47,931.29,90.54,99.3,Warning
2024-11-19 20:00:00,451.38,62.54,959.62,88.97,91.34,Warning
2024-11-19 21:00:00,455.07,63.36,893.12,76.99,72.15,Safe
2024-11-19 22:00:00,410.32,53.07,887.34,76.78,80.31,Warning
2024-11-19 23:00:00,413.75,52.75,897.18,65.42,73.78,Safe
2024-11-20 00:00:00,394.23,44.36,824.21,57.08,58.42,Safe
2024-11-20 01:00:00,444.44,58.15,873.82,79.17,77.52,Safe
2024-11-20 02:00:00,373.39,43.25,799.8,61.83,60.37,Safe
2024-11-20 03:00:00,418.86,48.76,838.03,56.26,42.41,Safe
2024-11-20 04:00:00,397.1,46.22,854.88,61.77,58.97,Safe
2024-11-20 05:00:00,391.39,49.38,820.5,50.6,64.12,Safe
2024-11-20 06:00:00,464.2,70.88,913.95,104.57,101.38,Critical
2024-11-20 07:00:00,445.95,62.94,922.67,74.06,93.34,Warning
2024-11-20 08:00:00,450.39,61.15,918.55,84.21,90.51,Warning
2024-11-20 09:00:00,485.6,69.31,989.85,109.05,102.8,Critical
2024-11-20 10:00:00,578.55,89.88,1018.99,117.39,118.17,Critical
2024-11-20 11:00:00,485.76,75.27,973.38,105.43,111.79,Critical
2024-11-20 12:00:00,587.61,98.44,1100.0,132.24,138.47,Critical
2024-11-20 13:00:00,509.91,81.6,1010.66,129.82,127.37,Critical
2024-11-20 14:00:00,556.94,93.92,1065.3,115.45,115.8,Critical
2024-11-20 15:00:00,512.09,80.22,1018.48,98.61,98.44,Warning
2024-11-20 16:00:00,516.01,77.72,975.41,97.54,84.01,Warning
2024-11-20 17:00:00,560.04,87.31,1055.28,116.02,113.8,Critical
2024-11-20 18:00:00,438.8,63.02,887.52,83.64,105.96,Critical
2024-11-20 19:00:00,478.95,72.57,929.42,109.32,118.5,Critical
2024-11-20 20:00:00,430.8,63.93,913.63,90.1,79.26,Safe
2024-11-20 21:00:00,468.16,66.29,875.06,86.9,84.42,Warning
2024-11-20 22:00:00,378.75,47.25,838.11,55.98,61.7,Safe
2024-11-20 23:00:00,472.2,62.23,873.03,77.09,76.69,Safe
2024-11-21 00:00:00,412.46,51.68,864.61,68.43,89.56,Warning
2024-11-21 01:00:00,377.52,44.98,828.98,51.6,49.65,Safe
2024-11-21 02:00:00,427.38,59.09,893.95,76.66,73.05,Safe
2024-11-21 03:00:00,344.19,41.28,816.0,39.42,43.41,Safe
2024-11-21 04:00:00,364.13,45.82,833.59,43.04,59.06,Safe
2024-11-21 05:00:00,393.45,50.54,846.25,61.15,51.93,Safe
2024-11-21 06:00:00,441.42,62.8,954.28,83.63,72.03,Safe
2024-11-21 07:00:00,450.69,66.17,939.5,81.93,68.3,Safe
2024-11-21 08:00:00,455.08,62.45,929.23,77.31,88.6,Warning
2024-11-21 09:00:00,545.16,84.49,1046.06,124.47,130.32,Critical
2024-11-21 10:00:00,529.18,83.9,1034.2,120.51,108.92,Critical
2024-11-21 11:00:00,519.89,73.2,1011.38,120.3,117.16,Critical
2024-11-21 12:00:00,501.11,81.39,1010.6,121.0,112.56,Critical
2024-11-21 13:00:00,583.05,95.56,1077.65,126.3,123.37,Critical
2024-11-21 14:00:00,582.22,96.32,1067.31,134.25,127.73,Critical
2024-11-21 15:00:00,557.85,91.39,1051.31,116.78,127.36,Critical
2024-11-21 16:00:00,514.75,81.13,989.56,95.39,103.38,Critical
2024-11-21 17:00:00,503.26,75.84,994.1,122.07,112.88,Critical
2024-11-21 18:00:00,447.0,62.54,892.63,92.2,87.52,Warning
2024-11-21 19:00:00,431.43,59.23,897.77,70.94,81.58,Warning
2024-11-21 20:00:00,463.98,70.54,965.01,103.48,95.52,Warning
2024-11-21 21:00:00,436.91,64.89,927.76,94.39,98.71,Warning
2024-11-21 22:00:00,439.68,60.93,884.94,62.28,67.92,Safe
2024-11-21 23:00:00,401.57,51.8,874.38,71.49,65.51,Safe
2024-11-22 00:00:00,358.0,40.19,799.07,41.13,37.04,Safe
2024-11-22 01:00:00,376.88,44.6,759.8,51.79,48.88,Safe
2024-11-22 02:00:00,368.8,44.03,798.52,73.67,74.2,Safe
2024-11-22 03:00:00,375.83,44.7,854.32,67.04,64.18,Safe
2024-11-22 04:00:00,328.41,35.09,808.11,36.7,30.9,Safe
2024-11-22 05:00:00,390.1,42.19,822.52,63.4,65.27,Safe
2024-11-22 06:00:00,435.04,61.56,925.05,64.66,76.55,Safe
2024-11-22 07:00:00,464.13,67.33,919.53,92.13,91.04,Warning
2024-11-22 08:00:00,468.55,69.67,942.63,96.22,101.81,Critical
2024-11-22 09:00:00,503.99,78.59,1020.13,114.13,113.67,Critical
2024-11-22 10:00:00,532.06,82.93,1024.02,111.71,118.68,Critical
2024-11-22 11:00:00,598.57,100.0,1100.0,145.88,141.09,Critical
2024-11-22 12:00:00,543.25,87.42,1032.99,128.32,129.15,Critical
2024-11-22 13:00:00,595.03,99.75,1100.0,123.61,131.45,Critical
2024-11-22 14:00:00,533.6,85.92,1054.28,117.79,122.99,Critical
2024-11-22 15:00:00,568.06,90.61,1067.34,122.0,120.57,Critical
2024-11-22 16:00:00,600.0,97.35,1088.21,145.34,142.06,Critical
2024-11-22 17:00:00,486.11,74.59,965.1,110.66,118.08,Critical
2024-11-22 18:00:00,503.64,74.53,987.9,98.17,93.43,Warning
2024-11-22 19:00:00,454.67,63.51,893.31,73.43,74.87,Safe
2024-11-22 20:00:00,460.32,62.74,894.02,83.15,88.06,Warning
2024-11-22 21:00:00,484.04,68.57,910.93,81.8,92.53,Warning
2024-11-22 22:00:00,407.68,51.2,883.18,63.62,69.76,Safe
2024-11-22 23:00:00,401.16,50.43,836.3,58.53,60.81,Safe
2024-11-23 00:00:00,374.2,45.07,834.24,57.91,57.83,Safe
2024-11-23 01:00:00,407.57,54.57,870.09,70.02,72.16,Safe
2024-11-23 02:00:00,356.6,39.49,861.2,49.32,48.48,Safe
2024-11-23 03:00:00,382.82,50.2,860.72,73.35,66.48,Safe
2024-11-23 04:00:00,402.57,52.72,822.63,64.64,69.99,Safe
2024-11-23 05:00:00,435.34,54.96,900.66,69.65,82.03,Warning
2024-11-23 06:00:00,477.94,69.14,937.18,89.99,86.81,Warning
2024-11-23 07:00:00,485.46,68.24,936.78,86.35,90.73,Warning
2024-11-23 08:00:00,458.86,59.57,883.05,70.53,71.2,Safe
2024-11-23 09:00:00,537.32,84.95,1029.05,107.31,118.79,Critical
2024-11-23 10:00:00,503.66,75.19,979.97,112.22,113.12,Critical
2024-11-23 11:00:00,484.25,72.12,946.4,90.45,99.6,Warning
2024-11-23 12:00:00,528.46,84.96,1013.62,118.98,122.16,Critical
2024-11-23 13:00:00,527.98,85.33,1028.88,115.22,118.35,Critical
2024-11-23 14:00:00,554.48,85.67,976.81,117.73,123.61,Critical
2024-11-23 15:00:00,491.88,72.24,929.49,105.43,97.52,Warning
2024-11-23 16:00:00,577.73,87.97,1076.59,130.11,127.34,Critical
2024-11-23 17:00:00,582.33,92.18,1068.11,124.94,141.14,Critical
2024-11-23 18:00:00,449.88,65.03,913.6,79.56,79.86,Safe
2024-11-23 19:00:00,504.6,73.21,928.74,105.38,99.5,Warning
2024-11-23 20:00:00,457.69,65.49,926.21,90.03,102.11,Critical
2024-11-23 21:00:00,464.36,61.83,930.82,91.51,87.97,Warning
2024-11-23 22:00:00,410.79,54.4,930.06,69.43,67.15,Safe
2024-11-23 23:00:00,411.03,56.44,923.83,61.56,62.79,Safe
2024-11-24 00:00:00,395.06,51.55,838.24,65.57,53.36,Safe
2024-11-24 01:00:00,392.29,50.68,842.49,62.72,54.48,Safe
2024-11-24 02:00:00,420.28,58.01,857.68,73.43,66.97,Safe
2024-11-24 03:00:00,385.58,48.4,823.48,45.76,54.0,Safe
2024-11-24 04:00:00,401.35,47.34,832.02,53.2,57.77,Safe
2024-11-24 05:00:00,418.02,48.22,833.02,53.62,60.58,Safe
2024-11-24 06:00:00,422.14,60.19,946.15,81.78,74.96,Safe
2024-11-24 07:00:00,478.85,65.29,897.51,90.28,95.6,Warning
2024-11-24 08:00:00,461.91,67.15,934.76,88.24,89.62,Warning
2024-11-24 09:00:00,534.55,82.42,966.7,119.95,114.82,Critical
2024-11-24 10:00:00,557.68,95.21,1083.33,144.78,150.13,Critical
2024-11-24 11:00:00,600.0,100.0,1070.48,144.05,152.73,Critical
2024-11-24 12:00:00,468.29,74.09,994.71,104.22,96.13,Warning
2024-11-24 13:00:00,531.08,81.67,1001.95,108.93,104.53,Critical
2024-11-24 14:00:00,555.76,88.04,1009.36,116.28,118.11,Critical
2024-11-24 15:00:00,538.91,84.06,974.04,122.64,120.23,Critical
2024-11-24 16:00:00,521.35,82.91,993.02,105.62,105.31,Critical
2024-11-24 17:00:00,579.33,92.91,1069.82,138.26,131.43,Critical
2024-11-24 18:00:00,485.76,70.07,959.62,109.18,97.78,Warning
2024-11-24 19:00:00,439.06,60.5,891.53,82.83,71.17,Safe
2024-11-24 20:00:00,479.57,67.54,958.07,91.79,91.39,Warning
2024-11-24 21:00:00,460.62,65.49,902.46,74.37,78.23,Safe
2024-11-24 22:00:00,444.68,59.32,832.2,75.02,98.94,Warning
2024-11-24 23:00:00,410.88,53.16,872.02,74.89,84.95,Warning
2024-11-25 00:00:00,399.35,49.08,873.78,60.64,59.27,Safe
2024-11-25 01:00:00,376.61,42.14,839.29,59.54,67.12,Safe
2024-11-25 02:00:00,389.51,48.77,815.25,60.03,54.7,Safe
2024-11-25 03:00:00,390.25,51.88,847.42,64.1,59.39,Safe
2024-11-25 04:00:00,426.11,55.56,893.72,69.45,79.18,Safe
2024-11-25 05:00:00,444.61,56.99,871.15,62.42,70.97,Safe
2024-11-25 06:00:00,466.75,65.64,930.52,84.23,81.82,Warning
2024-11-25 07:00:00,457.17,63.18,900.14,79.11,69.71,Safe
2024-11-25 08:00:00,473.49,68.52,918.63,94.78,90.3,Warning
2024-11-25 09:00:00,592.51,95.54,1057.98,135.67,141.65,Critical
2024-11-25 10:00:00,554.36,89.24,1067.23,135.08,138.06,Critical
2024-11-25 11:00:00,584.45,97.7,1088.8,140.76,149.07,Critical
2024-11-25 12:00:00,589.35,93.47,1095.33,131.86,129.68,Critical
2024-11-25 13:00:00,584.05,97.87,1100.0,132.76,141.39,Critical
2024-11-25 14:00:00,556.77,86.08,1065.74,119.1,120.51,Critical
2024-11-25 15:00:00,516.36,75.22,994.1,106.83,103.91,Critical
2024-11-25 16:00:00,556.66,87.18,1052.61,121.08,123.08,Critical
2024-11-25 17:00:00,569.75,96.81,1081.4,126.93,120.29,Critical
2024-11-25 18:00:00,489.18,72.2,1027.2,109.76,107.1,Critical
2024-11-25 19:00:00,500.65,75.87,981.83,104.7,109.76,Critical
2024-11-25 20:00:00,494.3,75.31,933.13,101.52,92.62,Warning
2024-11-25 21:00:00,501.92,74.98,980.8,96.23,91.51,Warning
2024-11-25 22:00:00,448.05,59.32,874.99,68.35,75.48,Safe
2024-11-25 23:00:00,433.98,60.1,922.87,77.24,82.66,Warning
2024-11-26 00:00:00,399.52,50.48,868.37,46.73,49.87,Safe
2024-11-26 01:00:00,411.43,53.7,864.29,73.11,66.01,Safe
2024-11-26 02:00:00,414.61,49.58,828.37,55.97,61.45,Safe
2024-11-26 03:00:00,368.92,43.13,818.87,47.92,44.79,Safe
2024-11-26 04:00:00,410.64,56.98,870.79,73.37,63.48,Safe
2024-11-26 05:00:00,351.49,43.38,834.23,47.31,43.56,Safe
2024-11-26 06:00:00,442.64,59.39,909.18,68.8,78.56,Safe
2024-11-26 07:00:00,464.71,68.84,1008.79,106.85,102.6,Critical
2024-11-26 08:00:00,454.68,61.33,896.86,68.24,72.03,Safe
2024-11-26 09:00:00,519.6,84.56,1016.12,97.3,100.97,Critical
2024-11-26 10:00:00,520.22,81.94,1006.29,119.45,126.79,Critical
2024-11-26 11:00:00,568.37,96.75,1081.31,123.65,112.77,Critical
2024-11-26 12:00:00,585.32,94.81,1096.65,146.65,147.26,Critical
2024-11-26 13:00:00,577.0,91.98,1053.82,133.67,138.17,Critical
2024-11-26 14:00:00,568.22,90.87,1097.74,133.55,140.24,Critical
2024-11-26 15:00:00,524.08,84.82,1036.91,112.65,109.6,Critical
2024-11-26 16:00:00,474.56,71.25,945.56,87.64,92.54,Warning
2024-11-26 17:00:00,553.32,87.51,1021.24,119.05,116.9,Critical
2024-11-26 18:00:00,448.09,67.93,962.55,82.25,85.68,Warning
2024-11-26 19:00:00,446.26,62.41,912.68,91.02,95.25,Warning
2024-11-26 20:00:00,479.8,64.64,923.4,81.98,75.25,Safe
2024-11-26 21:00:00,464.52,66.76,920.63,91.78,87.13,Warning
2024-11-26 22:00:00,397.52,54.59,871.6,74.44,75.4,Safe
2024-11-26 23:00:00,437.06,61.39,892.89,71.15,68.16,Safe
2024-11-27 00:00:00,362.45,42.82,844.06,53.55,74.03,Safe
2024-11-27 01:00:00,394.84,41.22,821.88,44.58,45.25,Safe
2024-11-27 02:00:00,403.72,45.1,821.66,54.69,62.52,Safe
2024-11-27 03:00:00,394.99,46.19,826.78,52.6,55.25,Safe
2024-11-27 04:00:00,385.44,47.56,839.83,51.51,48.34,Safe
2024-11-27 05:00:00,373.05,39.06,795.18,46.94,51.8,Safe
2024-11-27 06:00:00,405.57,55.36,855.75,57.36,64.88,Safe
2024-11-27 07:00:00,453.43,59.59,856.13,83.86,74.56,Safe
2024-11-27 08:00:00,470.55,64.39,904.4,76.81,76.24,Safe
2024-11-27 09:00:00,580.64,95.69,1075.62,125.41,127.36,Critical
2024-11-27 10:00:00,588.75,93.2,1049.77,130.84,131.45,Critical
2024-11-27 11:00:00,512.42,79.67,1016.38,107.21,112.26,Critical
2024-11-27 12:00:00,547.09,91.2,1050.96,129.07,133.62,Critical
2024-11-27 13:00:00,584.17,92.62,1100.0,135.51,130.49,Critical
2024-11-27 14:00:00,526.69,81.97,997.5,99.71,99.52,Warning
2024-11-27 15:00:00,541.14,83.18,1019.0,124.67,117.34,Critical
2024-11-27 16:00:00,558.93,83.36,1010.45,116.34,109.71,Critical
2024-11-27 17:00:00,579.65,97.44,1096.88,140.13,127.97,Critical
2024-11-27 18:00:00,452.03,63.51,941.0,102.3,98.41,Warning
2024-11-27 19:00:00,490.17,67.05,948.63,103.02,118.84,Critical
2024-11-27 20:00:00,499.4,72.51,917.87,98.32,91.56,Warning
2024-11-27 21:00:00,456.08,66.47,943.35,76.85,71.58,Safe
2024-11-27 22:00:00,427.83,60.3,879.26,64.5,69.36,Safe
2024-11-27 23:00:00,409.85,54.31,864.74,76.53,80.61,Warning
2024-11-28 00:00:00,401.26,52.9,879.67,62.68,55.29,Safe
2024-11-28 01:00:00,382.64,44.83,799.52,50.65,44.99,Safe
2024-11-28 02:00:00,397.7,49.15,871.18,52.61,71.8,Safe
2024-11-28 03:00:00,360.51,39.15,787.98,47.38,52.71,Safe
2024-11-28 04:00:00,376.39,47.04,882.96,67.26,73.19,Safe
2024-11-28 05:00:00,420.57,55.39,878.46,82.45,80.86,Warning
2024-11-28 06:00:00,454.14,70.73,991.17,90.5,90.53,Warning
2024-11-28 07:00:00,467.11,66.27,957.7,95.0,106.95,Critical
2024-11-28 08:00:00,492.58,69.03,931.71,92.93,88.95,Warning
2024-11-28 09:00:00,503.41,80.84,975.56,114.7,107.8,Critical
2024-11-28 10:00:00,570.61,90.96,1057.3,129.2,117.67,Critical
2024-11-28 11:00:00,525.09,83.41,1004.23,107.57,110.08,Critical
2024-11-28 12:00:00,579.52,92.07,1095.1,144.07,141.68,Critical
2024-11-28 13:00:00,499.42,74.3,966.07,101.84,86.17,Warning
2024-11-28 14:00:00,492.55,71.72,951.99,94.38,98.47,Warning
2024-11-28 15:00:00,494.23,73.33,935.94,99.22,93.0,Warning
2024-11-28 16:00:00,508.72,72.53,971.87,95.12,104.62,Critical
2024-11-28 17:00:00,599.22,98.59,1067.12,143.06,143.5,Critical
2024-11-28 18:00:00,447.64,64.38,931.63,82.77,82.99,Warning
2024-11-28 19:00:00,464.26,65.72,941.36,81.7,87.95,Warning
2024-11-28 20:00:00,488.28,73.36,950.31,116.98,108.15,Critical
2024-11-28 21:00:00,499.55,74.32,992.64,94.62,94.2,Warning
2024-11-28 22:00:00,431.44,59.33,890.6,78.47,69.75,Safe
2024-11-28 23:00:00,416.36,56.46,849.93,69.4,70.43,Safe
2024-11-29 00:00:00,439.87,59.27,930.35,70.78,81.9,Warning
2024-11-29 01:00:00,398.26,49.37,826.53,56.65,54.49,Safe
2024-11-29 02:00:00,408.98,48.52,853.76,50.8,62.05,Safe
2024-11-29 03:00:00,374.75,45.14,835.07,69.98,68.28,Safe
2024-11-29 04:00:00,350.35,44.52,831.16,47.61,48.86,Safe
2024-11-29 05:00:00,383.91,47.25,844.43,55.43,52.99,Safe
2024-11-29 06:00:00,436.11,64.72,902.26,97.04,87.22,Warning
2024-11-29 07:00:00,486.86,70.26,988.51,90.86,95.82,Warning
2024-11-29 08:00:00,453.01,69.11,966.59,101.46,95.97,Warning
2024-11-29 09:00:00,530.92,86.19,1041.4,124.2,119.49,Critical
2024-11-29 10:00:00,570.73,93.95,1040.42,114.94,127.24,Critical
2024-11-29 11:00:00,540.54,79.73,977.13,108.29,113.6,Critical
2024-11-29 12:00:00,506.78,80.45,1016.71,113.69,106.23,Critical
2024-11-29 13:00:00,528.49,82.08,966.32,111.45,111.71,Critical
2024-11-29 14:00:00,499.96,72.96,972.25,100.65,97.93,Warning
2024-11-29 15:00:00,535.94,78.79,964.66,104.31,113.09,Critical
2024-11-29 16:00:00,522.17,77.82,970.0,101.3,106.17,Critical
2024-11-29 17:00:00,530.03,78.68,962.36,105.76,102.38,Critical
2024-11-29 18:00:00,451.3,59.8,904.41,94.94,91.13,Warning
2024-11-29 19:00:00,466.19,70.78,978.46,87.55,81.95,Warning
2024-11-29 20:00:00,444.04,59.75,906.41,74.6,89.59,Warning
2024-11-29 21:00:00,468.4,64.13,930.72,86.79,86.58,Warning
2024-11-29 22:00:00,389.81,50.8,857.7,49.71,55.79,Safe
2024-11-29 23:00:00,405.84,53.49,882.47,70.57,74.35,Safe
2024-11-30 00:00:00,416.96,57.05,895.53,61.96,89.05,Warning
2024-11-30 01:00:00,386.74,43.98,760.17,40.7,39.23,Safe
2024-11-30 02:00:00,384.51,46.37,851.79,47.58,48.06,Safe
2024-11-30 03:00:00,421.27,56.44,899.83,59.39,60.9,Safe
2024-11-30 04:00:00,386.54,51.12,847.63,70.84,71.83,Safe
2024-11-30 05:00:00,405.18,51.53,814.22,65.45,63.93,Safe
2024-11-30 06:00:00,421.09,57.26,891.63,80.08,79.08,Safe
2024-11-30 07:00:00,461.93,64.63,930.34,92.84,94.73,Warning
2024-11-30 08:00:00,456.72,68.18,931.21,87.29,89.19,Warning
2024-11-30 09:00:00,574.09,92.9,1068.61,131.74,130.38,Critical
2024-11-30 10:00:00,495.65,75.45,1000.83,111.77,102.95,Critical
2024-11-30 11:00:00,550.11,91.9,1100.0,143.24,147.47,Critical
2024-11-30 12:00:00,572.98,97.89,1092.68,127.46,127.2,Critical
2024-11-30 13:00:00,523.0,84.87,1031.7,136.96,136.44,Critical
2024-11-30 14:00:00,576.23,94.78,1055.78,122.53,130.94,Critical
2024-11-30 15:00:00,599.37,99.42,1086.07,137.9,141.04,Critical
2024-11-30 16:00:00,567.62,90.96,1051.81,129.13,123.82,Critical
2024-11-30 17:00:00,537.43,83.28,1042.31,119.15,119.56,Critical
2024-11-30 18:00:00,485.66,74.07,988.37,116.25,103.31,Critical
2024-11-30 19:00:00,525.14,77.58,1030.35,118.88,113.85,Critical
2024-11-30 20:00:00,450.33,64.13,887.87,85.12,92.07,Warning
2024-11-30 21:00:00,470.42,66.03,901.03,94.92,91.37,Warning
2024-11-30 22:00:00,397.46,49.94,873.95,65.35,64.43,Safe
2024-11-30 23:00:00,442.14,59.22,927.97,73.67,59.61,Safe
2024-12-01 00:00:00,392.0,48.75,844.48,63.03,49.34,Safe
2024-12-01 01:00:00,400.31,48.7,745.26,54.69,60.54,Safe
2024-12-01 02:00:00,385.26,46.34,815.34,47.8,72.73,Safe
2024-12-01 03:00:00,395.87,46.12,837.98,67.09,82.8,Warning
2024-12-01 04:00:00,412.02,55.87,859.56,68.07,68.46,Safe
2024-12-01 05:00:00,380.14,51.23,860.22,51.81,51.73,Safe
2024-12-01 06:00:00,455.69,67.33,978.42,82.92,82.13,Warning
2024-12-01 07:00:00,457.36,60.6,934.37,86.74,78.88,Safe
2024-12-01 08:00:00,471.96,68.53,960.45,100.91,96.45,Warning
2024-12-01 09:00:00,550.93,87.41,1035.63,126.4,129.72,Critical
2024-12-01 10:00:00,498.17,78.23,980.27,108.98,111.87,Critical
2024-12-01 11:00:00,586.8,96.47,1099.02,131.87,136.16,Critical
2024-12-01 12:00:00,555.68,92.5,1063.06,129.83,131.46,Critical
2024-12-01 13:00:00,526.54,84.7,1024.81,114.03,113.65,Critical
2024-12-01 14:00:00,561.97,91.9,1025.37,125.51,125.39,Critical
2024-12-01 15:00:00,579.07,93.21,1050.33,130.84,131.15,Critical
2024-12-01 16:00:00,555.77,87.01,1051.59,118.47,113.15,Critical
2024-12-01 17:00:00,588.19,95.02,1050.88,140.42,140.65,Critical
2024-12-01 18:00:00,479.33,75.39,982.8,92.5,98.83,Warning
2024-12-01 19:00:00,496.59,74.17,979.93,91.04,93.88,Warning
2024-12-01 20:00:00,484.89,71.91,969.91,91.22,91.21,Warning
2024-12-01 21:00:00,457.71,69.79,961.28,98.99,89.19,Warning
2024-12-01 22:00:00,389.46,47.31,850.36,60.68,47.11,Safe
2024-12-01 23:00:00,405.01,52.13,846.93,49.46,57.23,Safe
2024-12-02 00:00:00,381.24,43.52,785.31,54.64,53.4,Safe
2024-12-02 01:00:00,411.66,52.63,843.93,64.38,68.08,Safe
2024-12-02 02:00:00,406.19,53.47,883.41,63.86,70.28,Safe
2024-12-02 03:00:00,452.24,59.82,872.68,75.54,85.32,Warning
2024-12-02 04:00:00,357.78,47.22,813.21,41.19,48.04,Safe
2024-12-02 05:00:00,413.46,53.59,844.93,67.25,69.41,Safe
2024-12-02 06:00:00,392.51,54.3,830.89,52.97,60.02,Safe
2024-12-02 07:00:00,466.99,69.94,924.47,88.16,92.51,Warning
2024-12-02 08:00:00,462.79,63.86,941.31,83.5,78.17,Safe
2024-12-02 09:00:00,581.44,99.82,1083.33,145.78,155.15,Critical
2024-12-02 10:00:00,485.11,76.26,942.82,99.92,93.45,Warning
2024-12-02 11:00:00,588.03,88.67,1032.09,133.51,120.88,Critical
2024-12-02 12:00:00,519.45,84.62,1034.33,106.75,110.73,Critical
2024-12-02 13:00:00,508.39,71.32,916.32,95.75,97.08,Warning
2024-12-02 14:00:00,577.07,94.87,1095.32,139.85,132.44,Critical
2024-12-02 15:00:00,546.97,88.58,1011.2,131.54,131.27,Critical
2024-12-02 16:00:00,498.62,72.67,954.65,89.77,100.59,Critical
2024-12-02 17:00:00,583.79,91.27,1047.37,123.75,130.18,Critical
2024-12-02 18:00:00,458.6,68.66,930.95,93.29,87.1,Warning
2024-12-02 19:00:00,493.58,75.18,974.47,114.49,117.27,Critical
2024-12-02 20:00:00,503.54,72.92,981.73,103.6,105.27,Critical
2024-12-02 21:00:00,454.23,62.55,911.85,73.51,75.43,Safe
2024-12-02 22:00:00,432.51,54.27,858.03,60.79,54.87,Safe
2024-12-02 23:00:00,426.89,54.92,884.66,72.07,67.36,Safe
2024-12-03 00:00:00,416.92,47.9,844.06,64.25,65.23,Safe
2024-12-03 01:00:00,360.54,39.51,782.82,42.05,44.47,Safe
2024-12-03 02:00:00,437.03,58.48,893.33,67.12,73.16,Safe
2024-12-03 03:00:00,372.06,41.89,792.9,56.64,49.39,Safe
2024-12-03 04:00:00,376.81,44.7,804.45,48.69,45.33,Safe
2024-12-03 05:00:00,445.55,58.42,909.83,81.93,86.28,Warning
2024-12-03 06:00:00,465.6,65.57,937.68,73.68,71.49,Safe
2024-12-03 07:00:00,443.39,58.09,907.4,86.64,85.6,Warning
2024-12-03 08:00:00,452.9,59.92,913.57,74.62,80.28,Warning
2024-12-03 09:00:00,542.36,84.09,1000.93,127.37,122.44,Critical
2024-12-03 10:00:00,528.1,80.27,1023.38,117.91,121.78,Critical
2024-12-03 11:00:00,486.42,75.14,969.15,88.96,99.59,Warning
2024-12-03 12:00:00,573.42,95.28,1096.84,137.57,136.68,Critical
2024-12-03 13:00:00,568.77,89.24,1043.45,139.97,131.92,Critical
2024-12-03 14:00:00,551.73,82.95,1021.64,113.23,119.85,Critical
2024-12-03 15:00:00,551.07,94.56,1080.35,144.59,156.88,Critical
2024-12-03 16:00:00,546.49,88.61,1060.94,127.64,115.72,Critical
2024-12-03 17:00:00,571.41,92.77,1027.89,139.82,131.59,Critical
2024-12-03 18:00:00,466.41,69.68,913.72,91.3,81.25,Warning
2024-12-03 19:00:00,439.24,62.69,928.23,80.7,85.83,Warning
2024-12-03 20:00:00,482.17,68.88,952.24,108.24,103.35,Critical
2024-12-03 21:00:00,502.78,70.16,933.74,101.77,98.84,Warning
2024-12-03 22:00:00,427.51,63.99,927.96,79.49,85.36,Warning
2024-12-03 23:00:00,419.57,55.49,846.47,71.69,67.27,Safe
2024-12-04 00:00:00,395.21,47.18,907.71,57.47,68.58,Safe
2024-12-04 01:00:00,453.32,60.6,931.85,82.68,75.63,Safe
2024-12-04 02:00:00,429.91,56.36,895.49,82.79,83.76,Warning
2024-12-04 03:00:00,431.02,51.59,859.61,65.86,53.42,Safe
2024-12-04 04:00:00,381.96,45.39,813.34,46.22,39.35,Safe
2024-12-04 05:00:00,405.21,46.71,804.73,48.88,50.46,Safe
2024-12-04 06:00:00,472.59,70.41,949.55,94.12,98.27,Warning
2024-12-04 07:00:00,459.57,64.69,904.54,77.95,70.75,Safe
2024-12-04 08:00:00,447.06,66.01,912.42,73.04,73.63,Safe
2024-12-04 09:00:00,536.01,80.85,973.08,101.84,98.62,Warning
2024-12-04 10:00:00,582.23,95.98,1085.39,145.97,151.05,Critical
2024-12-04 11:00:00,569.05,91.01,1046.76,127.31,134.89,Critical
2024-12-04 12:00:00,538.09,85.62,1039.87,120.2,132.79,Critical
2024-12-04 13:00:00,542.89,83.67,1028.41,110.24,111.34,Critical
2024-12-04 14:00:00,562.12,89.14,1050.75,121.62,119.67,Critical
2024-12-04 15:00:00,574.91,97.21,1100.0,132.71,133.18,Critical
2024-12-04 16:00:00,578.49,97.9,1100.0,136.42,130.83,Critical
2024-12-04 17:00:00,525.25,81.41,979.32,97.72,108.12,Critical
2024-12-04 18:00:00,461.47,63.06,925.39,93.22,89.08,Warning
2024-12-04 19:00:00,488.32,65.56,926.61,89.79,91.58,Warning
2024-12-04 20:00:00,476.64,68.1,910.99,91.36,88.7,Warning
2024-12-04 21:00:00,520.95,76.71,952.27,112.17,97.98,Warning
2024-12-04 22:00:00,382.9,51.37,866.82,68.32,66.66,Safe
2024-12-04 23:00:00,446.78,54.65,888.6,68.78,62.41,Safe
2024-12-05 00:00:00,369.76,40.32,778.58,50.19,38.61,Safe
2024-12-05 01:00:00,371.19,42.97,836.19,55.99,42.55,Safe
2024-12-05 02:00:00,399.05,50.34,857.97,64.68,64.98,Safe
2024-12-05 03:00:00,409.22,56.18,907.21,79.78,75.1,Safe
2024-12-05 04:00:00,376.58,47.02,859.07,63.1,63.26,Safe
2024-12-05 05:00:00,461.87,58.78,890.41,84.63,98.44,Warning
2024-12-05 06:00:00,433.59,61.86,945.28,92.25,96.1,Warning
2024-12-05 07:00:00,464.6,69.68,923.67,90.63,101.38,Critical
2024-12-05 08:00:00,457.13,66.74,986.29,91.22,98.58,Warning
2024-12-05 09:00:00,475.27,73.01,945.72,102.39,127.81,Critical
2024-12-05 10:00:00,587.17,96.74,1082.64,136.22,137.15,Critical
2024-12-05 11:00:00,567.6,88.09,1027.97,128.52,130.44,Critical
2024-12-05 12:00:00,533.57,85.53,1019.36,113.41,113.96,Critical
2024-12-05 13:00:00,580.17,99.85,1100.0,122.26,124.37,Critical
2024-12-05 14:00:00,572.77,92.17,1050.67,134.9,133.83,Critical
2024-12-05 15:00:00,531.58,83.09,1034.17,104.08,116.36,Critical
2024-12-05 16:00:00,520.28,76.56,977.62,100.57,101.51,Critical
2024-12-05 17:00:00,570.56,94.23,1091.75,140.63,146.92,Critical
2024-12-05 18:00:00,473.76,69.35,934.78,98.54,87.91,Warning
2024-12-05 19:00:00,461.83,65.98,935.53,97.04,103.48,Critical
2024-12-05 20:00:00,445.09,60.96,918.63,64.19,80.84,Warning
2024-12-05 21:00:00,489.06,73.64,952.32,100.79,98.13,Warning
2024-12-05 22:00:00,414.15,55.48,938.07,71.08,80.83,Warning
2024-12-05 23:00:00,382.73,52.16,875.78,70.72,72.89,Safe
2024-12-06 00:00:00,369.84,44.44,817.23,63.0,56.17,Safe
2024-12-06 01:00:00,432.45,55.61,862.71,60.45,60.27,Safe
2024-12-06 02:00:00,431.42,54.88,876.42,71.13,65.74,Safe
2024-12-06 03:00:00,394.76,50.34,824.95,66.32,51.04,Safe
2024-12-06 04:00:00,428.75,52.64,902.41,67.63,59.09,Safe
2024-12-06 05:00:00,373.64,43.51,827.04,65.41,71.24,Safe
2024-12-06 06:00:00,439.07,64.45,920.31,79.48,75.66,Safe
2024-12-06 07:00:00,467.27,72.6,986.01,94.54,91.08,Warning
2024-12-06 08:00:00,444.94,56.97,868.98,65.37,58.68,Safe
2024-12-06 09:00:00,534.18,84.85,998.82,117.38,123.4,Critical
2024-12-06 10:00:00,471.4,72.1,957.64,71.17,72.1,Safe
2024-12-06 11:00:00,536.25,91.97,1062.66,124.3,113.17,Critical
2024-12-06 12:00:00,582.34,96.97,1096.52,148.25,154.3,Critical
2024-12-06 13:00:00,517.39,77.93,957.17,94.58,102.43,Critical
2024-12-06 14:00:00,557.07,91.71,1048.51,114.77,118.5,Critical
2024-12-06 15:00:00,537.21,87.99,972.11,126.51,120.83,Critical
2024-12-06 16:00:00,533.95,85.41,1001.04,126.75,126.96,Critical
2024-12-06 17:00:00,535.96,79.64,1013.94,102.0,111.86,Critical
2024-12-06 18:00:00,456.3,68.95,965.89,105.18,115.13,Critical
2024-12-06 19:00:00,482.34,72.83,939.03,99.59,107.35,Critical
2024-12-06 20:00:00,521.75,76.2,973.86,114.2,115.87,Critical
2024-12-06 21:00:00,464.76,64.46,922.86,79.6,83.0,Warning
2024-12-06 22:00:00,452.47,62.49,936.17,95.5,85.66,Warning
2024-12-06 23:00:00,401.76,52.71,897.19,64.7,71.64,Safe
2024-12-07 00:00:00,405.83,51.35,860.12,61.46,62.01,Safe
2024-12-07 01:00:00,400.47,52.0,854.27,67.37,64.8,Safe
2024-12-07 02:00:00,403.53,53.89,837.69,61.36,69.76,Safe
2024-12-07 03:00:00,404.24,54.84,876.58,55.55,73.34,Safe
2024-12-07 04:00:00,431.78,55.2,921.65,75.09,72.26,Safe
2024-12-07 05:00:00,397.91,49.69,876.83,60.05,55.05,Safe
2024-12-07 06:00:00,469.8,66.35,935.6,82.77,85.33,Warning
2024-12-07 07:00:00,462.04,64.98,931.57,96.5,90.28,Warning
2024-12-07 08:00:00,437.49,57.83,874.0,93.23,84.98,Warning
2024-12-07 09:00:00,523.67,81.81,1001.19,105.1,101.88,Critical
2024-12-07 10:00:00,593.26,100.0,1100.0,143.77,136.21,Critical
2024-12-07 11:00:00,551.71,90.78,1057.21,123.61,119.11,Critical
2024-12-07 12:00:00,566.56,96.59,1100.0,150.0,159.99,Critical
2024-12-07 13:00:00,584.29,100.0,1100.0,145.05,152.09,Critical
2024-12-07 14:00:00,503.28,77.1,996.95,113.16,107.56,Critical
2024-12-07 15:00:00,529.6,88.01,1018.07,128.9,121.28,Critical
2024-12-07 16:00:00,500.49,79.96,978.65,107.79,113.11,Critical
2024-12-07 17:00:00,600.0,100.0,1080.47,140.34,138.46,Critical
2024-12-07 18:00:00,512.66,77.38,992.08,118.97,117.77,Critical
2024-12-07 19:00:00,507.15,78.37,947.27,110.53,111.83,Critical
2024-12-07 20:00:00,501.4,67.4,936.86,86.9,93.71,Warning
2024-12-07 21:00:00,457.28,70.09,981.44,87.54,98.41,Warning
2024-12-07 22:00:00,460.86,61.8,923.67,80.14,84.25,Warning
2024-12-07 23:00:00,437.84,59.85,891.53,86.18,78.81,Safe
2024-12-08 00:00:00,389.95,44.74,808.34,65.11,57.0,Safe
2024-12-08 01:00:00,379.85,44.58,840.63,71.13,61.4,Safe
2024-12-08 02:00:00,344.47,42.67,820.08,41.14,45.8,Safe
2024-12-08 03:00:00,367.1,41.44,801.78,48.5,37.62,Safe
2024-12-08 04:00:00,404.18,49.87,836.39,57.87,64.75,Safe
2024-12-08 05:00:00,363.71,48.6,844.68,54.18,52.34,Safe
2024-12-08 06:00:00,474.1,61.72,901.93,90.91,81.48,Warning
2024-12-08 07:00:00,468.84,66.12,947.86,88.97,84.81,Warning
2024-12-08 08:00:00,480.13,67.68,965.71,103.61,86.21,Warning
2024-12-08 09:00:00,548.24,91.14,1025.62,120.66,122.59,Critical
2024-12-08 10:00:00,534.39,81.18,978.93,117.8,112.5,Critical
2024-12-08 11:00:00,589.13,93.47,1097.01,132.42,131.09,Critical
2024-12-08 12:00:00,484.03,70.12,954.25,80.24,84.99,Warning
2024-12-08 13:00:00,570.15,92.57,1037.95,121.21,133.13,Critical
2024-12-08 14:00:00,587.49,100.0,1100.0,142.49,154.94,Critical
2024-12-08 15:00:00,562.09,91.28,1063.92,144.25,133.15,Critical
2024-12-08 16:00:00,591.59,99.69,1100.0,138.05,136.24,Critical
2024-12-08 17:00:00,512.29,76.07,975.17,103.29,101.27,Critical
2024-12-08 18:00:00,445.18,64.27,945.74,88.71,88.82,Warning
2024-12-08 19:00:00,482.71,68.7,911.63,86.22,91.36,Warning
2024-12-08 20:00:00,491.85,75.9,1010.21,100.28,104.66,Critical
2024-12-08 21:00:00,511.13,78.7,1014.27,109.66,114.6,Critical
2024-12-08 22:00:00,427.7,54.77,909.15,68.93,63.31,Safe
2024-12-08 23:00:00,405.51,53.84,893.63,53.78,59.48,Safe
2024-12-09 00:00:00,435.67,56.64,881.02,68.08,70.17,Safe
2024-12-09 01:00:00,371.86,41.03,779.39,51.18,56.35,Safe
2024-12-09 02:00:00,395.37,49.79,835.7,65.08,62.58,Safe
2024-12-09 03:00:00,427.3,52.76,825.05,76.31,61.03,Safe
2024-12-09 04:00:00,350.41,37.33,766.39,49.81,54.27,Safe
2024-12-09 05:00:00,388.79,43.34,826.07,45.86,47.52,Safe
2024-12-09 06:00:00,494.91,67.45,936.2,86.93,80.32,Warning
2024-12-09 07:00:00,438.46,60.46,897.38,72.24,67.84,Safe
2024-12-09 08:00:00,470.63,65.4,909.55,85.42,83.58,Warning
2024-12-09 09:00:00,504.03,78.24,952.21,99.13,127.0,Critical
2024-12-09 10:00:00,576.94,97.85,1093.26,136.6,154.19,Critical
2024-12-09 11:00:00,533.1,83.96,1028.14,110.05,109.3,Critical
2024-12-09 12:00:00,549.88,92.24,1039.39,133.03,136.12,Critical
2024-12-09 13:00:00,571.71,96.21,1069.31,126.96,134.14,Critical
2024-12-09 14:00:00,565.92,89.41,1080.98,120.79,117.12,Critical
2024-12-09 15:00:00,569.77,94.24,1096.71,138.44,138.73,Critical
2024-12-09 16:00:00,526.27,79.08,962.74,113.91,101.34,Critical
2024-12-09 17:00:00,588.99,96.2,1079.14,135.4,131.81,Critical
2024-12-09 18:00:00,504.04,69.53,979.66,105.32,106.49,Critical
2024-12-09 19:00:00,496.78,72.36,957.04,104.92,94.54,Warning
2024-12-09 20:00:00,481.8,66.55,926.83,105.19,98.26,Warning
2024-12-09 21:00:00,490.47,71.21,980.09,104.05,105.97,Critical
2024-12-09 22:00:00,451.4,61.76,930.52,96.15,88.85,Warning
2024-12-09 23:00:00,463.95,61.91,930.13,84.6,81.94,Warning
2024-12-10 00:00:00,432.4,55.76,873.04,82.86,85.28,Warning
2024-12-10 01:00:00,426.14,55.8,893.58,83.55,76.71,Safe
2024-12-10 02:00:00,381.24,44.59,855.83,53.86,48.12,Safe
2024-12-10 03:00:00,422.54,53.75,867.65,62.94,65.2,Safe
2024-12-10 04:00:00,425.16,58.64,884.32,69.82,72.65,Safe
2024-12-10 05:00:00,428.49,59.62,925.16,80.93,81.77,Warning
2024-12-10 06:00:00,465.96,61.5,952.5,76.14,78.5,Safe
2024-12-10 07:00:00,456.62,57.63,934.68,76.23,77.69,Safe
2024-12-10 08:00:00,431.08,61.02,896.86,86.99,76.2,Safe
2024-12-10 09:00:00,487.03,74.1,964.47,104.63,97.42,Warning
2024-12-10 10:00:00,600.0,97.84,1066.56,120.34,125.01,Critical
2024-12-10 11:00:00,582.39,93.73,1071.25,123.17,123.97,Critical
2024-12-10 12:00:00,585.31,93.96,1046.17,150.0,160.0,Critical
2024-12-10 13:00:00,600.0,96.93,1073.06,148.21,148.2,Critical
2024-12-10 14:00:00,589.39,98.19,1100.0,135.52,139.98,Critical
2024-12-10 15:00:00,554.94,87.58,1046.48,111.92,118.58,Critical
2024-12-10 16:00:00,523.49,79.99,960.11,98.42,99.16,Warning
2024-12-10 17:00:00,585.7,99.43,1100.0,144.87,139.19,Critical
2024-12-10 18:00:00,451.85,61.86,885.39,95.74,79.67,Safe
2024-12-10 19:00:00,474.25,64.23,900.01,100.81,102.51,Critical
2024-12-10 20:00:00,518.76,80.86,977.04,97.0,105.67,Critical
2024-12-10 21:00:00,511.54,77.35,972.2,103.1,104.85,Critical
2024-12-10 22:00:00,438.81,58.98,875.17,68.44,65.8,Safe
2024-12-10 23:00:00,426.53,57.63,868.96,73.4,80.51,Warning
2024-12-11 00:00:00,422.36,53.22,811.89,53.99,42.53,Safe
2024-12-11 01:00:00,399.52,52.26,864.16,59.85,62.19,Safe
2024-12-11 02:00:00,377.02,39.59,803.06,40.14,40.59,Safe
2024-12-11 03:00:00,406.33,49.39,896.33,68.71,85.01,Warning
2024-12-11 04:00:00,354.73,41.96,820.5,43.34,42.85,Safe
2024-12-11 05:00:00,392.05,42.07,799.43,47.8,55.61,Safe
2024-12-11 06:00:00,444.43,60.52,876.18,81.43,83.04,Warning
2024-12-11 07:00:00,440.88,62.75,911.63,94.08,90.37,Warning
2024-12-11 08:00:00,500.62,71.29,966.32,115.58,112.23,Critical
2024-12-11 09:00:00,522.25,78.83,983.08,112.31,107.95,Critical
2024-12-11 10:00:00,549.63,93.61,1069.39,128.98,132.12,Critical
2024-12-11 11:00:00,573.4,95.19,1100.0,146.25,148.34,Critical
2024-12-11 12:00:00,595.03,97.78,1080.45,148.68,148.68,Critical
2024-12-11 13:00:00,505.01,83.81,977.54,117.55,118.39,Critical
2024-12-11 14:00:00,530.15,82.24,1030.42,102.71,108.73,Critical
2024-12-11 15:00:00,568.09,91.47,1064.27,139.44,143.62,Critical
2024-12-11 16:00:00,536.03,88.15,1003.15,122.31,120.16,Critical
2024-12-11 17:00:00,546.75,85.74,1038.11,113.63,114.61,Critical
2024-12-11 18:00:00,472.34,68.06,918.35,84.26,90.73,Warning
2024-12-11 19:00:00,457.76,68.61,952.76,95.07,89.48,Warning
2024-12-11 20:00:00,464.15,62.82,956.06,66.37,69.03,Safe
2024-12-11 21:00:00,505.93,73.55,963.86,100.06,97.73,Warning
2024-12-11 22:00:00,414.86,54.73,897.48,64.91,71.35,Safe
2024-12-11 23:00:00,407.7,52.62,836.07,57.76,69.25,Safe
2024-12-12 00:00:00,453.09,60.73,870.22,74.55,71.46,Safe
2024-12-12 01:00:00,400.71,50.88,898.78,53.42,55.65,Safe
2024-12-12 02:00:00,358.33,46.34,838.47,61.12,51.83,Safe
2024-12-12 03:00:00,449.38,60.64,917.21,63.48,68.72,Safe
2024-12-12 04:00:00,383.09,48.62,868.44,60.76,54.06,Safe
2024-12-12 05:00:00,354.18,39.91,787.94,36.92,42.21,Safe
2024-12-12 06:00:00,476.81,64.1,938.65,103.89,126.74,Critical
2024-12-12 07:00:00,451.44,63.33,931.47,84.07,87.36,Warning
2024-12-12 08:00:00,422.9,55.72,850.11,52.13,62.01,Safe
2024-12-12 09:00:00,600.0,100.0,1100.0,147.37,151.1,Critical
2024-12-12 10:00:00,543.35,84.07,1049.1,110.87,100.1,Critical
2024-12-12 11:00:00,566.05,94.73,1045.41,139.05,126.69,Critical
2024-12-12 12:00:00,583.16,96.0,1084.41,141.59,146.77,Critical
2024-12-12 13:00:00,494.71,73.55,962.67,111.42,100.39,Critical
2024-12-12 14:00:00,537.01,83.3,1047.7,119.6,127.35,Critical
2024-12-12 15:00:00,600.0,100.0,1068.97,147.69,142.35,Critical
2024-12-12 16:00:00,535.46,74.81,1053.3,111.38,110.59,Critical
2024-12-12 17:00:00,540.74,89.3,1042.66,118.64,113.0,Critical
2024-12-12 18:00:00,514.88,75.29,992.7,113.87,111.79,Critical
2024-12-12 19:00:00,528.41,77.96,1020.32,101.05,102.71,Critical
2024-12-12 20:00:00,474.42,66.88,930.09,89.29,92.86,Warning
2024-12-12 21:00:00,501.78,77.72,986.07,100.89,96.86,Warning
2024-12-12 22:00:00,454.03,57.68,877.34,82.89,85.04,Warning
2024-12-12 23:00:00,364.63,48.83,824.67,47.17,55.78,Safe
2024-12-13 00:00:00,381.55,47.78,844.88,53.82,43.35,Safe
2024-12-13 01:00:00,399.36,45.74,825.72,56.7,54.03,Safe
2024-12-13 02:00:00,397.42,50.65,842.04,73.17,79.66,Safe
2024-12-13 03:00:00,424.23,50.47,842.43,60.09,59.45,Safe
2024-12-13 04:00:00,367.15,47.08,848.08,51.75,52.52,Safe
2024-12-13 05:00:00,402.55,54.53,855.1,55.18,62.63,Safe
2024-12-13 06:00:00,439.0,61.61,902.62,71.34,78.1,Safe
2024-12-13 07:00:00,459.72,63.47,937.12,88.65,87.87,Warning
2024-12-13 08:00:00,473.21,69.08,950.84,92.81,96.36,Warning
2024-12-13 09:00:00,499.93,76.7,960.41,103.2,91.88,Warning
2024-12-13 10:00:00,554.25,83.59,1017.42,132.54,123.51,Critical
2024-12-13 11:00:00,504.35,70.79,963.56,85.13,102.62,Critical
2024-12-13 12:00:00,592.32,99.53,1100.0,150.0,142.1,Critical
2024-12-13 13:00:00,471.5,73.86,952.68,105.95,96.93,Warning
2024-12-13 14:00:00,477.84,77.01,972.76,98.56,99.71,Warning
2024-12-13 15:00:00,569.79,91.61,1042.76,131.94,134.49,Critical
2024-12-13 16:00:00,541.38,83.05,1001.05,110.16,106.14,Critical
2024-12-13 17:00:00,537.24,84.09,1029.36,120.26,122.09,Critical
2024-12-13 18:00:00,484.81,71.45,970.33,114.33,105.55,Critical
2024-12-13 19:00:00,442.26,63.38,940.02,78.18,62.56,Safe
2024-12-13 20:00:00,497.17,72.0,957.99,96.48,98.16,Warning
2024-12-13 21:00:00,480.65,64.29,890.53,79.7,82.96,Warning
2024-12-13 22:00:00,358.16,47.3,851.23,49.49,39.94,Safe
2024-12-13 23:00:00,386.11,46.8,837.5,53.14,49.14,Safe
2024-12-14 00:00:00,355.46,42.26,812.62,38.57,44.24,Safe
2024-12-14 01:00:00,413.57,58.61,864.82,69.23,70.6,Safe
2024-12-14 02:00:00,360.7,44.13,816.34,50.21,47.25,Safe
2024-12-14 03:00:00,414.88,52.39,835.69,61.23,73.01,Safe
2024-12-14 04:00:00,381.15,43.87,829.95,34.43,43.92,Safe
2024-12-14 05:00:00,405.28,46.21,821.59,55.97,55.73,Safe
2024-12-14 06:00:00,463.24,65.78,917.47,86.17,88.09,Warning
2024-12-14 07:00:00,432.94,64.39,888.13,95.15,84.85,Warning
2024-12-14 08:00:00,472.47,68.95,967.35,93.56,83.64,Warning
2024-12-14 09:00:00,521.51,85.23,1020.46,123.74,123.1,Critical
2024-12-14 10:00:00,525.14,85.51,1029.46,114.06,118.29,Critical
2024-12-14 11:00:00,538.77,82.66,997.12,125.13,120.42,Critical
2024-12-14 12:00:00,529.64,81.73,972.34,103.81,114.8,Critical
2024-12-14 13:00:00,493.15,71.23,944.45,100.43,104.3,Critical
2024-12-14 14:00:00,591.48,99.12,1087.43,147.2,144.79,Critical
2024-12-14 15:00:00,600.0,100.0,1100.0,148.55,150.76,Critical
2024-12-14 16:00:00,559.41,91.3,1048.69,144.97,143.49,Critical
2024-12-14 17:00:00,600.0,97.02,1069.3,133.95,143.84,Critical
2024-12-14 18:00:00,504.58,74.94,941.63,112.06,111.52,Critical
2024-12-14 19:00:00,450.1,63.25,917.32,92.06,89.87,Warning
2024-12-14 20:00:00,444.85,60.47,884.83,78.27,77.94,Safe
2024-12-14 21:00:00,438.11,59.59,927.01,93.56,77.29,Safe
2024-12-14 22:00:00,407.91,46.39,835.25,57.32,60.27,Safe
2024-12-14 23:00:00,416.28,53.21,878.42,68.07,99.45,Warning
2024-12-15 00:00:00,395.26,48.82,838.63,59.2,68.34,Safe
2024-12-15 01:00:00,365.86,42.3,815.93,38.63,49.07,Safe
2024-12-15 02:00:00,379.12,41.83,789.55,54.52,48.23,Safe
2024-12-15 03:00:00,434.55,56.16,854.88,76.02,67.86,Safe
2024-12-15 04:00:00,365.21,42.26,811.63,47.61,46.74,Safe
2024-12-15 05:00:00,410.5,56.67,895.9,85.28,86.35,Warning
2024-12-15 06:00:00,460.65,68.32,898.79,83.78,87.99,Warning
2024-12-15 07:00:00,444.42,61.75,897.77,65.85,78.2,Safe
2024-12-15 08:00:00,490.0,67.78,979.43,110.4,103.44,Critical
2024-12-15 09:00:00,542.7,86.55,1043.29,129.38,130.82,Critical
2024-12-15 10:00:00,496.56,76.22,1014.93,110.28,100.76,Critical
2024-12-15 11:00:00,483.15,76.95,970.8,98.92,105.18,Critical
2024-12-15 12:00:00,571.87,87.67,1028.28,127.58,129.22,Critical
2024-12-15 13:00:00,511.73,75.94,1000.97,95.93,100.85,Critical
2024-12-15 14:00:00,538.9,81.94,1023.42,113.92,117.35,Critical
2024-12-15 15:00:00,563.3,87.46,1035.22,116.82,117.76,Critical
2024-12-15 16:00:00,533.97,84.07,992.57,117.19,110.89,Critical
2024-12-15 17:00:00,530.74,82.39,1037.4,123.35,112.82,Critical
2024-12-15 18:00:00,482.56,65.43,982.38,84.08,93.21,Warning
2024-12-15 19:00:00,492.83,72.58,928.32,102.33,107.56,Critical
2024-12-15 20:00:00,464.83,64.15,951.63,89.0,83.12,Warning
2024-12-15 21:00:00,485.51,68.33,931.35,97.69,91.1,Warning
2024-12-15 22:00:00,447.96,59.74,891.36,76.08,80.86,Warning
2024-12-15 23:00:00,419.57,55.34,882.63,75.98,72.43,Safe
2024-12-16 00:00:00,375.01,43.87,792.83,44.29,41.12,Safe
2024-12-16 01:00:00,423.01,53.03,864.33,54.24,61.96,Safe
2024-12-16 02:00:00,398.5,46.91,799.1,44.01,47.14,Safe
2024-12-16 03:00:00,425.84,52.37,872.32,63.93,72.08,Safe
2024-12-16 04:00:00,372.0,41.07,854.49,37.92,50.35,Safe
2024-12-16 05:00:00,425.35,54.25,857.18,80.99,78.63,Safe
2024-12-16 06:00:00,435.79,60.51,898.84,77.0,74.12,Safe
2024-12-16 07:00:00,470.46,69.65,945.62,99.75,95.09,Warning
2024-12-16 08:00:00,441.85,57.73,910.35,83.01,108.57,Critical
2024-12-16 09:00:00,493.76,75.45,986.17,102.61,112.72,Critical
2024-12-16 10:00:00,507.51,76.95,1005.0,134.9,136.13,Critical
2024-12-16 11:00:00,548.31,82.25,1000.11,139.14,131.09,Critical
2024-12-16 12:00:00,568.93,87.96,1049.34,137.13,131.62,Critical
2024-12-16 13:00:00,577.75,93.38,992.81,121.03,125.34,Critical
2024-12-16 14:00:00,481.09,71.31,971.23,108.08,109.96,Critical
2024-12-16 15:00:00,573.59,93.83,1042.36,117.14,119.76,Critical
2024-12-16 16:00:00,580.99,92.21,1053.84,142.5,154.7,Critical
2024-12-16 17:00:00,541.25,85.44,1043.6,99.74,92.94,Warning
2024-12-16 18:00:00,448.62,64.11,886.76,78.98,74.5,Safe
2024-12-16 19:00:00,442.58,56.39,905.92,85.07,91.19,Warning
2024-12-16 20:00:00,504.18,75.41,974.32,106.14,106.93,Critical
2024-12-16 21:00:00,452.84,65.23,958.12,75.44,83.84,Warning
2024-12-16 22:00:00,454.35,61.91,889.69,81.89,83.39,Warning
2024-12-16 23:00:00,442.24,57.16,845.92,75.49,77.35,Safe
2024-12-17 00:00:00,369.05,45.79,828.31,54.54,45.28,Safe
2024-12-17 01:00:00,435.99,59.7,911.42,74.49,78.49,Safe
2024-12-17 02:00:00,402.83,51.57,872.61,71.37,62.1,Safe
2024-12-17 03:00:00,427.73,55.35,851.77,78.64,73.2,Safe
2024-12-17 04:00:00,385.41,44.14,784.96,49.63,51.4,Safe
2024-12-17 05:00:00,348.76,39.12,788.73,54.58,43.06,Safe
2024-12-17 06:00:00,419.26,60.04,911.56,74.79,79.85,Safe
2024-12-17 07:00:00,445.81,57.84,899.45,72.71,75.57,Safe
2024-12-17 08:00:00,440.0,63.92,954.19,95.24,84.83,Warning
2024-12-17 09:00:00,600.0,99.12,1087.38,150.0,147.55,Critical
2024-12-17 10:00:00,496.15,74.5,931.91,93.82,119.48,Critical
2024-12-17 11:00:00,528.63,81.59,1034.28,108.72,106.07,Critical
2024-12-17 12:00:00,578.4,88.82,1048.39,141.92,144.21,Critical
2024-12-17 13:00:00,536.54,73.5,973.71,104.46,104.91,Critical
2024-12-17 14:00:00,488.33,77.8,1005.88,105.11,106.52,Critical
2024-12-17 15:00:00,547.05,83.32,1044.4,117.11,123.55,Critical
2024-12-17 16:00:00,499.01,75.3,975.99,113.02,117.97,Critical
2024-12-17 17:00:00,534.31,79.91,1025.43,130.72,119.45,Critical
2024-12-17 18:00:00,490.68,69.32,958.75,95.89,92.62,Warning
2024-12-17 19:00:00,498.18,69.61,933.63,114.31,106.59,Critical
2024-12-17 20:00:00,483.51,69.88,944.27,89.64,89.79,Warning
2024-12-17 21:00:00,432.71,61.29,920.02,76.96,83.52,Warning
2024-12-17 22:00:00,445.03,58.01,874.46,80.56,91.0,Warning
2024-12-17 23:00:00,420.17,54.63,892.65,63.88,64.26,Safe
2024-12-18 00:00:00,370.45,43.43,820.63,55.89,48.87,Safe
2024-12-18 01:00:00,378.05,46.18,839.3,50.83,49.66,Safe
2024-12-18 02:00:00,433.81,54.93,906.34,60.78,61.27,Safe
2024-12-18 03:00:00,446.41,55.99,887.79,60.49,57.4,Safe
2024-12-18 04:00:00,361.83,44.64,824.77,48.26,46.41,Safe
2024-12-18 05:00:00,433.83,56.28,879.58,76.01,76.23,Safe
2024-12-18 06:00:00,450.11,63.83,916.19,72.35,75.87,Safe
2024-12-18 07:00:00,425.46,61.5,914.37,79.62,76.08,Safe
2024-12-18 08:00:00,481.03,69.74,978.69,97.18,89.3,Warning
2024-12-18 09:00:00,522.62,83.57,1004.39,112.67,111.09,Critical
2024-12-18 10:00:00,513.31,83.85,1004.13,105.71,109.99,Critical
2024-12-18 11:00:00,551.74,90.67,1081.62,130.1,120.77,Critical
2024-12-18 12:00:00,558.57,93.24,1053.74,128.37,123.73,Critical
2024-12-18 13:00:00,515.67,81.18,1010.65,119.38,109.36,Critical
2024-12-18 14:00:00,574.64,98.3,1078.48,126.88,128.86,Critical
2024-12-18 15:00:00,594.47,100.0,1063.05,141.03,144.57,Critical
2024-12-18 16:00:00,567.85,94.46,1076.66,122.86,120.88,Critical
2024-12-18 17:00:00,548.7,85.86,1053.83,120.16,124.61,Critical
2024-12-18 18:00:00,475.83,66.88,933.03,81.17,94.26,Warning
2024-12-18 19:00:00,500.48,74.21,938.45,92.1,91.28,Warning
2024-12-18 20:00:00,515.54,79.71,1000.95,109.64,113.91,Critical
2024-12-18 21:00:00,468.85,68.13,924.02,85.09,87.12,Warning
2024-12-18 22:00:00,407.4,54.78,816.27,76.16,75.1,Safe
2024-12-18 23:00:00,413.98,56.34,879.92,79.8,76.2,Safe
2024-12-19 00:00:00,376.69,41.71,819.94,56.29,56.43,Safe
2024-12-19 01:00:00,393.08,54.43,898.06,73.6,82.56,Warning
2024-12-19 02:00:00,359.23,40.09,839.1,48.57,46.53,Safe
2024-12-19 03:00:00,426.15,57.67,902.67,84.76,78.05,Safe
2024-12-19 04:00:00,390.55,45.54,848.24,54.12,54.46,Safe
2024-12-19 05:00:00,361.37,45.33,798.39,66.75,51.78,Safe
2024-12-19 06:00:00,439.25,59.77,934.53,72.05,92.05,Warning
2024-12-19 07:00:00,495.8,72.75,991.63,91.8,86.21,Warning
2024-12-19 08:00:00,443.97,67.66,930.22,75.44,69.45,Safe
2024-12-19 09:00:00,548.4,90.86,1069.3,117.43,125.74,Critical
2024-12-19 10:00:00,560.95,90.56,1065.58,115.19,127.47,Critical
2024-12-19 11:00:00,566.96,89.94,1082.04,131.12,141.36,Critical
2024-12-19 12:00:00,575.43,93.22,1062.78,138.89,135.68,Critical
2024-12-19 13:00:00,573.17,91.33,1040.23,129.1,134.81,Critical
2024-12-19 14:00:00,509.25,81.09,994.67,98.63,89.4,Warning
2024-12-19 15:00:00,577.76,100.0,1100.0,136.57,139.21,Critical
2024-12-19 16:00:00,502.18,75.25,934.01,107.0,105.73,Critical
2024-12-19 17:00:00,562.31,94.88,1008.46,125.9,127.46,Critical
2024-12-19 18:00:00,478.53,72.66,982.97,91.78,89.0,Warning
2024-12-19 19:00:00,464.85,62.95,920.8,72.43,77.3,Safe
2024-12-19 20:00:00,450.49,61.96,910.21,77.96,69.56,Safe
2024-12-19 21:00:00,487.89,73.96,941.08,92.26,91.92,Warning
2024-12-19 22:00:00,404.87,53.66,830.68,63.35,73.15,Safe
2024-12-19 23:00:00,403.33,48.66,829.34,63.33,65.86,Safe
2024-12-20 00:00:00,417.93,53.74,876.66,66.17,63.62,Safe
2024-12-20 01:00:00,396.16,53.29,853.56,65.53,60.32,Safe
2024-12-20 02:00:00,364.25,47.88,859.2,59.74,56.51,Safe
2024-12-20 03:00:00,433.11,51.69,837.46,56.32,66.57,Safe
2024-12-20 04:00:00,385.61,50.68,841.97,74.96,78.07,Safe
2024-12-20 05:00:00,425.27,54.47,887.82,64.67,63.55,Safe
2024-12-20 06:00:00,494.79,68.41,933.76,97.68,86.87,Warning
2024-12-20 07:00:00,484.59,70.63,945.95,85.86,89.87,Warning
2024-12-20 08:00:00,427.27,58.92,880.44,75.06,71.28,Safe
2024-12-20 09:00:00,520.32,85.07,1007.11,116.35,108.43,Critical
2024-12-20 10:00:00,565.04,96.3,1089.29,148.29,142.47,Critical
2024-12-20 11:00:00,563.99,89.68,1059.04,125.59,128.35,Critical
2024-12-20 12:00:00,600.0,100.0,1100.0,150.0,147.11,Critical
2024-12-20 13:00:00,572.22,94.44,1058.64,134.78,132.99,Critical
2024-12-20 14:00:00,530.74,84.63,1018.72,131.56,126.8,Critical
2024-12-20 15:00:00,547.28,84.38,1057.01,106.58,116.78,Critical
2024-12-20 16:00:00,549.88,89.87,1018.09,127.32,124.49,Critical
2024-12-20 17:00:00,528.08,81.06,1046.79,93.69,103.25,Critical
2024-12-20 18:00:00,451.71,62.78,916.09,82.07,78.4,Safe
2024-12-20 19:00:00,443.95,62.42,908.14,88.99,86.61,Warning
2024-12-20 20:00:00,480.82,70.26,972.27,107.32,99.32,Warning
2024-12-20 21:00:00,485.8,65.28,880.92,92.55,93.06,Warning
2024-12-20 22:00:00,417.1,52.16,891.17,65.53,70.79,Safe
2024-12-20 23:00:00,453.14,59.46,938.17,85.57,85.05,Warning
2024-12-21 00:00:00,364.58,44.36,845.74,72.33,63.32,Safe
2024-12-21 01:00:00,415.9,50.14,804.45,61.4,66.72,Safe
2024-12-21 02:00:00,431.91,55.74,895.51,80.63,78.48,Safe
2024-12-21 03:00:00,363.33,46.08,866.61,51.33,53.0,Safe
2024-12-21 04:00:00,351.72,36.04,814.14,50.25,48.61,Safe
2024-12-21 05:00:00,393.93,50.28,820.42,66.48,54.08,Safe
2024-12-21 06:00:00,460.88,70.63,975.51,88.99,92.33,Warning
2024-12-21 07:00:00,453.82,63.0,954.5,91.5,78.92,Safe
2024-12-21 08:00:00,462.59,63.76,919.45,91.47,90.98,Warning
2024-12-21 09:00:00,505.08,75.74,946.74,107.71,109.96,Critical
2024-12-21 10:00:00,566.31,91.96,1078.03,130.48,134.99,Critical
2024-12-21 11:00:00,556.61,90.31,1074.73,137.87,147.37,Critical
2024-12-21 12:00:00,535.13,75.15,972.69,98.98,94.22,Warning
2024-12-21 13:00:00,513.76,82.58,986.7,111.12,104.77,Critical
2024-12-21 14:00:00,593.1,95.22,1097.7,138.86,145.62,Critical
2024-12-21 15:00:00,518.82,79.65,981.34,118.21,109.67,Critical
2024-12-21 16:00:00,511.08,80.76,1012.54,103.0,116.21,Critical
2024-12-21 17:00:00,547.64,87.08,1069.68,125.84,132.18,Critical
2024-12-21 18:00:00,459.66,69.79,912.46,85.29,86.92,Warning
2024-12-21 19:00:00,432.5,60.21,921.02,79.22,77.04,Safe
2024-12-21 20:00:00,455.3,63.99,915.41,87.09,72.35,Safe
2024-12-21 21:00:00,468.64,72.59,958.98,85.25,89.67,Warning
2024-12-21 22:00:00,447.61,60.13,911.96,89.65,76.77,Safe
2024-12-21 23:00:00,396.95,52.61,846.08,66.54,66.19,Safe
2024-12-22 00:00:00,390.8,52.78,838.05,55.17,75.0,Safe
2024-12-22 01:00:00,361.23,44.09,781.2,44.97,46.51,Safe
2024-12-22 02:00:00,387.26,39.2,823.1,61.13,58.58,Safe
2024-12-22 03:00:00,328.63,39.08,787.22,43.21,49.64,Safe
2024-12-22 04:00:00,374.03,41.98,822.44,42.19,39.11,Safe
2024-12-22 05:00:00,365.28,43.95,809.08,43.47,40.92,Safe
2024-12-22 06:00:00,463.62,67.13,910.09,92.3,103.42,Critical
2024-12-22 07:00:00,443.26,58.7,907.85,83.52,84.12,Warning
2024-12-22 08:00:00,485.09,69.33,953.87,97.28,113.03,Critical
2024-12-22 09:00:00,492.35,75.47,972.14,99.23,99.67,Warning
2024-12-22 10:00:00,567.51,96.63,1089.79,142.1,139.32,Critical
2024-12-22 11:00:00,576.67,91.99,1038.82,127.23,121.77,Critical
2024-12-22 12:00:00,530.17,80.61,1026.38,106.88,103.78,Critical
2024-12-22 13:00:00,519.33,80.83,1032.58,125.67,135.59,Critical
2024-12-22 14:00:00,537.35,82.79,1030.65,120.6,119.25,Critical
2024-12-22 15:00:00,525.88,83.03,1006.97,107.82,108.05,Critical
2024-12-22 16:00:00,588.42,100.0,1100.0,142.68,143.45,Critical
2024-12-22 17:00:00,571.26,92.8,1098.51,133.56,126.28,Critical
2024-12-22 18:00:00,513.91,76.66,1011.49,104.72,103.82,Critical
2024-12-22 19:00:00,496.09,72.94,1008.57,103.91,99.67,Warning
2024-12-22 20:00:00,487.57,70.11,933.38,86.68,77.39,Safe
2024-12-22 21:00:00,476.51,71.79,939.81,101.58,100.31,Critical
2024-12-22 22:00:00,451.51,57.34,889.66,76.25,81.0,Warning
2024-12-22 23:00:00,416.49,55.32,885.55,57.26,66.77,Safe
2024-12-23 00:00:00,410.22,52.97,861.72,64.13,57.59,Safe
2024-12-23 01:00:00,395.3,53.44,858.63,59.45,58.57,Safe
2024-12-23 02:00:00,337.45,35.04,803.08,20.0,27.9,Safe
2024-12-23 03:00:00,437.33,57.47,885.35,73.2,70.55,Safe
2024-12-23 04:00:00,383.6,43.23,789.42,58.44,52.77,Safe
2024-12-23 05:00:00,397.11,43.81,794.86,51.72,54.22,Safe
2024-12-23 06:00:00,498.8,72.88,969.84,105.66,114.26,Critical
2024-12-23 07:00:00,449.48,61.4,973.06,84.58,85.33,Warning
2024-12-23 08:00:00,479.75,71.5,936.03,90.86,89.35,Warning
2024-12-23 09:00:00,491.58,75.21,969.12,95.21,91.15,Warning
2024-12-23 10:00:00,600.0,98.11,1100.0,131.13,144.8,Critical
2024-12-23 11:00:00,556.07,85.69,1017.8,128.04,130.27,Critical
2024-12-23 12:00:00,551.4,91.62,1068.12,133.98,133.65,Critical
2024-12-23 13:00:00,534.68,81.14,1046.97,113.72,123.96,Critical
2024-12-23 14:00:00,532.03,80.73,982.72,95.23,101.79,Critical
2024-12-23 15:00:00,564.21,94.95,1067.95,136.27,127.11,Critical
2024-12-23 16:00:00,533.53,81.49,996.79,105.86,115.63,Critical
2024-12-23 17:00:00,541.27,88.99,1011.56,122.44,114.5,Critical
2024-12-23 18:00:00,452.75,71.69,992.98,82.52,89.37,Warning
2024-12-23 19:00:00,449.68,62.98,902.02,82.35,81.92,Warning
2024-12-23 20:00:00,482.37,69.69,929.17,91.82,88.02,Warning
2024-12-23 21:00:00,449.83,62.86,904.52,62.4,73.33,Safe
2024-12-23 22:00:00,485.66,61.38,927.33,99.04,107.55,Critical
2024-12-23 23:00:00,425.62,55.08,877.88,67.96,78.67,Safe
2024-12-24 00:00:00,374.18,43.03,797.73,47.27,41.57,Safe
2024-12-24 01:00:00,435.21,57.3,895.5,78.94,79.04,Safe
2024-12-24 02:00:00,401.54,51.93,877.53,64.57,74.19,Safe
2024-12-24 03:00:00,390.81,44.45,821.73,56.9,62.57,Safe
2024-12-24 04:00:00,375.21,42.54,807.54,40.48,42.42,Safe
2024-12-24 05:00:00,394.57,47.54,860.05,58.22,75.22,Safe
2024-12-24 06:00:00,492.38,75.28,972.46,86.15,96.47,Warning
2024-12-24 07:00:00,444.9,66.7,968.88,86.31,85.49,Warning
2024-12-24 08:00:00,437.02,61.01,888.38,89.16,85.33,Warning
2024-12-24 09:00:00,564.92,90.24,1034.02,114.49,116.9,Critical
2024-12-24 10:00:00,593.77,100.0,1080.12,138.25,133.39,Critical
2024-12-24 11:00:00,532.64,82.14,1005.45,97.07,106.01,Critical
2024-12-24 12:00:00,557.31,90.14,1050.76,126.61,128.68,Critical
2024-12-24 13:00:00,503.83,74.45,943.09,104.06,103.16,Critical
2024-12-24 14:00:00,487.52,75.3,978.63,104.29,96.34,Warning
2024-12-24 15:00:00,504.34,75.41,989.49,99.17,96.08,Warning
2024-12-24 16:00:00,554.23,90.8,1021.76,107.84,123.0,Critical
2024-12-24 17:00:00,550.66,93.05,1053.78,118.47,133.12,Critical
2024-12-24 18:00:00,479.01,70.33,964.13,105.16,111.63,Critical
2024-12-24 19:00:00,521.47,74.99,950.98,110.41,114.4,Critical
2024-12-24 20:00:00,425.98,61.6,901.05,76.81,75.54,Safe
2024-12-24 21:00:00,485.55,70.97,978.79,98.62,90.27,Warning
2024-12-24 22:00:00,433.65,55.62,917.59,66.15,73.05,Safe
2024-12-24 23:00:00,444.2,53.0,874.68,81.16,80.88,Warning
2024-12-25 00:00:00,398.06,51.24,852.48,56.72,50.32,Safe
2024-12-25 01:00:00,395.27,51.03,844.12,64.95,88.35,Warning
2024-12-25 02:00:00,355.47,42.95,834.79,38.63,43.63,Safe
2024-12-25 03:00:00,384.17,42.05,835.18,50.53,50.19,Safe
2024-12-25 04:00:00,366.06,44.55,797.31,59.62,63.47,Safe
2024-12-25 05:00:00,397.41,50.65,873.28,55.56,61.73,Safe
2024-12-25 06:00:00,447.11,68.25,927.89,93.33,102.54,Critical
2024-12-25 07:00:00,462.06,62.42,893.19,73.45,79.88,Safe
2024-12-25 08:00:00,480.46,66.06,926.92,82.21,97.78,Warning
2024-12-25 09:00:00,525.56,78.43,1013.97,110.5,106.99,Critical
2024-12-25 10:00:00,521.25,85.93,1036.46,125.55,127.43,Critical
2024-12-25 11:00:00,600.0,99.94,1100.0,140.56,148.75,Critical
2024-12-25 12:00:00,565.66,97.27,1094.1,141.15,129.66,Critical
2024-12-25 13:00:00,497.05,74.06,980.59,110.59,105.81,Critical
2024-12-25 14:00:00,502.39,74.88,971.89,96.08,103.27,Critical
2024-12-25 15:00:00,549.66,86.33,1045.55,109.87,113.45,Critical
2024-12-25 16:00:00,548.44,85.24,1011.69,116.12,115.78,Critical
2024-12-25 17:00:00,582.89,95.75,1093.07,147.1,140.93,Critical
2024-12-25 18:00:00,484.45,77.98,1008.75,98.44,115.26,Critical
2024-12-25 19:00:00,500.53,73.26,981.68,109.35,115.13,Critical
2024-12-25 20:00:00,470.01,67.16,952.32,88.53,98.43,Warning
2024-12-25 21:00:00,460.88,68.38,952.13,104.61,106.66,Critical
2024-12-25 22:00:00,376.63,49.65,874.07,77.81,79.21,Safe
2024-12-25 23:00:00,453.84,58.07,840.37,82.49,69.25,Safe
2024-12-26 00:00:00,359.24,35.5,796.28,27.89,38.07,Safe
2024-12-26 01:00:00,401.12,47.81,882.51,42.5,48.64,Safe
2024-12-26 02:00:00,405.81,53.82,855.42,66.26,98.8,Warning
2024-12-26 03:00:00,328.16,40.85,788.11,48.64,47.87,Safe
2024-12-26 04:00:00,386.55,43.96,848.1,58.65,57.64,Safe
2024-12-26 05:00:00,374.49,42.34,791.31,42.62,47.73,Safe
2024-12-26 06:00:00,454.11,64.84,909.53,72.29,78.03,Safe
2024-12-26 07:00:00,488.15,68.1,944.24,100.56,98.14,Warning
2024-12-26 08:00:00,465.79,63.48,899.82,98.71,92.56,Warning
2024-12-26 09:00:00,556.47,88.5,1061.75,120.35,115.24,Critical
2024-12-26 10:00:00,582.65,95.54,1060.3,141.35,156.76,Critical
2024-12-26 11:00:00,530.35,82.41,1019.98,135.71,114.49,Critical
2024-12-26 12:00:00,490.6,70.27,957.61,94.54,95.01,Warning
2024-12-26 13:00:00,494.4,76.6,1019.61,104.26,113.63,Critical
2024-12-26 14:00:00,547.72,85.44,1052.84,126.0,122.21,Critical
2024-12-26 15:00:00,494.71,76.9,972.85,100.83,103.64,Critical
2024-12-26 16:00:00,548.75,82.51,984.73,125.78,127.91,Critical
2024-12-26 17:00:00,570.25,90.7,1071.94,126.61,121.21,Critical
2024-12-26 18:00:00,439.32,62.24,896.83,79.18,62.99,Safe
2024-12-26 19:00:00,491.61,72.62,955.72,86.52,84.6,Warning
2024-12-26 20:00:00,447.57,64.88,901.08,81.04,89.27,Warning
2024-12-26 21:00:00,487.46,66.6,947.94,83.92,90.29,Warning
2024-12-26 22:00:00,453.2,57.62,873.88,78.56,72.2,Safe
2024-12-26 23:00:00,430.95,55.3,875.73,57.95,46.51,Safe
2024-12-27 00:00:00,416.71,48.73,843.22,69.86,56.24,Safe
2024-12-27 01:00:00,377.01,43.72,822.64,44.79,47.77,Safe
2024-12-27 02:00:00,439.65,57.24,900.76,89.73,91.12,Warning
2024-12-27 03:00:00,430.63,53.37,861.51,79.7,64.48,Safe
2024-12-27 04:00:00,432.68,58.19,874.64,78.15,71.05,Safe
2024-12-27 05:00:00,373.24,43.06,774.39,35.55,44.15,Safe
2024-12-27 06:00:00,450.27,59.3,898.76,73.34,75.56,Safe
2024-12-27 07:00:00,464.81,63.94,916.25,77.93,82.09,Warning
2024-12-27 08:00:00,450.66,65.31,910.92,78.08,78.73,Safe
2024-12-27 09:00:00,495.18,81.45,1008.63,121.79,118.35,Critical
2024-12-27 10:00:00,557.58,90.01,1068.88,126.33,128.75,Critical
2024-12-27 11:00:00,490.64,80.0,1024.46,103.08,107.93,Critical
2024-12-27 12:00:00,520.17,83.51,983.78,106.45,97.97,Warning
2024-12-27 13:00:00,513.84,81.52,999.66,106.68,102.1,Critical
2024-12-27 14:00:00,559.36,91.83,1080.29,134.26,125.76,Critical
2024-12-27 15:00:00,561.13,87.41,1072.16,112.95,123.82,Critical
2024-12-27 16:00:00,532.73,79.55,979.77,111.12,115.34,Critical
2024-12-27 17:00:00,566.56,89.86,1079.62,132.53,153.39,Critical
2024-12-27 18:00:00,468.98,65.03,895.45,71.4,77.31,Safe
2024-12-27 19:00:00,488.07,69.72,973.86,84.92,95.98,Warning
2024-12-27 20:00:00,428.48,65.86,923.1,82.4,93.17,Warning
2024-12-27 21:00:00,479.02,69.72,982.98,107.25,114.85,Critical
2024-12-27 22:00:00,395.89,55.26,866.09,76.07,65.94,Safe
2024-12-27 23:00:00,439.49,58.09,883.63,70.27,70.08,Safe
2024-12-28 00:00:00,387.78,54.27,868.42,76.04,76.82,Safe
2024-12-28 01:00:00,379.55,45.52,793.78,49.31,50.66,Safe
2024-12-28 02:00:00,435.63,56.99,846.18,68.86,74.75,Safe
2024-12-28 03:00:00,381.07,49.18,857.12,59.71,56.45,Safe
2024-12-28 04:00:00,396.14,45.67,850.1,64.08,59.23,Safe
2024-12-28 05:00:00,378.77,42.92,827.97,46.74,43.93,Safe
2024-12-28 06:00:00,460.13,63.7,890.91,79.63,84.98,Warning
2024-12-28 07:00:00,497.21,71.86,969.86,88.95,108.98,Critical
2024-12-28 08:00:00,480.09,71.28,934.62,97.08,95.31,Warning
2024-12-28 09:00:00,511.01,77.22,995.07,114.13,115.6,Critical
2024-12-28 10:00:00,573.42,93.32,1091.49,141.58,132.11,Critical
2024-12-28 11:00:00,582.82,95.75,1086.83,125.6,125.35,Critical
2024-12-28 12:00:00,539.43,87.21,1068.36,119.9,122.61,Critical
2024-12-28 13:00:00,526.56,85.99,1026.65,127.84,126.95,Critical
2024-12-28 14:00:00,526.2,82.73,1008.88,115.85,113.32,Critical
2024-12-28 15:00:00,525.71,82.8,1015.48,114.67,114.85,Critical
2024-12-28 16:00:00,589.69,100.0,1070.46,140.07,136.9,Critical
2024-12-28 17:00:00,534.45,80.63,994.29,116.66,127.93,Critical
2024-12-28 18:00:00,463.07,69.87,942.42,93.79,84.14,Warning
2024-12-28 19:00:00,455.6,64.5,916.25,79.87,76.48,Safe
2024-12-28 20:00:00,479.53,65.8,934.9,96.62,99.22,Warning
2024-12-28 21:00:00,517.49,76.19,948.38,94.14,91.11,Warning
2024-12-28 22:00:00,441.27,56.06,855.1,82.49,84.48,Warning
2024-12-28 23:00:00,384.61,48.22,866.01,51.93,47.31,Safe
2024-12-29 00:00:00,361.58,37.65,744.09,44.42,62.69,Safe
2024-12-29 01:00:00,404.28,54.79,887.51,67.02,55.6,Safe
2024-12-29 02:00:00,364.62,42.12,802.38,43.89,49.93,Safe
2024-12-29 03:00:00,431.98,58.63,896.67,86.33,86.68,Warning
2024-12-29 04:00:00,360.34,42.1,844.78,55.66,48.61,Safe
2024-12-29 05:00:00,405.05,52.53,859.76,64.37,67.66,Safe
2024-12-29 06:00:00,473.61,70.13,964.41,108.27,95.26,Warning
2024-12-29 07:00:00,429.85,60.9,905.79,85.53,83.21,Warning
2024-12-29 08:00:00,450.99,59.75,896.34,72.24,79.41,Safe
2024-12-29 09:00:00,501.21,75.94,974.57,85.09,77.59,Safe
2024-12-29 10:00:00,505.46,75.66,993.72,105.44,104.71,Critical
2024-12-29 11:00:00,479.01,69.18,929.8,103.14,124.85,Critical
2024-12-29 12:00:00,600.0,100.0,1075.1,146.39,146.92,Critical
2024-12-29 13:00:00,515.82,78.63,994.79,121.01,120.95,Critical
2024-12-29 14:00:00,554.28,89.64,1052.44,121.07,115.26,Critical
2024-12-29 15:00:00,591.78,92.98,1024.77,130.6,131.32,Critical
2024-12-29 16:00:00,561.69,87.76,1038.57,123.57,122.54,Critical
2024-12-29 17:00:00,491.42,72.79,936.96,98.99,102.44,Critical
2024-12-29 18:00:00,476.54,70.7,967.29,101.46,92.69,Warning
2024-12-29 19:00:00,490.98,73.16,926.12,109.73,99.18,Warning
2024-12-29 20:00:00,503.49,74.41,1014.4,119.27,116.98,Critical
2024-12-29 21:00:00,463.2,60.55,895.31,94.1,106.02,Critical
2024-12-29 22:00:00,365.42,46.16,811.77,57.15,63.72,Safe
2024-12-29 23:00:00,435.24,56.5,876.27,70.09,74.2,Safe
2024-12-30 00:00:00,439.69,55.98,892.14,75.68,79.09,Safe
2024-12-30 01:00:00,358.43,44.81,843.64,56.96,53.6,Safe
2024-12-30 02:00:00,402.98,51.38,850.87,64.16,76.76,Safe
2024-12-30 03:00:00,403.9,54.7,841.85,58.16,66.47,Safe
2024-12-30 04:00:00,393.75,46.93,807.98,51.92,56.12,Safe
2024-12-30 05:00:00,417.38,55.6,884.3,77.35,73.43,Safe
2024-12-30 06:00:00,457.26,64.77,945.57,84.69,96.57,Warning
2024-12-30 07:00:00,452.57,64.58,947.48,86.24,72.0,Safe
2024-12-30 08:00:00,450.0,59.98,903.6,78.57,80.86,Warning
2024-12-30 09:00:00,521.45,79.56,1019.08,104.21,102.65,Critical
2024-12-30 10:00:00,586.59,95.84,1100.0,136.48,146.67,Critical
2024-12-30 11:00:00,579.13,94.22,1097.29,131.76,128.03,Critical
2024-12-30 12:00:00,591.97,95.99,1100.0,133.09,130.42,Critical
2024-12-30 13:00:00,567.53,92.8,1046.26,121.29,127.57,Critical
2024-12-30 14:00:00,554.81,82.75,1034.93,118.21,114.41,Critical
2024-12-30 15:00:00,563.31,95.15,1085.9,138.57,148.93,Critical
2024-12-30 16:00:00,498.48,80.66,1017.61,118.4,121.09,Critical
2024-12-30 17:00:00,483.28,77.15,1013.49,93.23,94.76,Warning
2024-12-30 18:00:00,458.53,71.91,967.44,107.04,108.18,Critical
2024-12-30 19:00:00,496.5,71.77,956.59,100.32,96.12,Warning
2024-12-30 20:00:00,483.4,68.92,921.06,82.84,77.99,Safe
2024-12-30 21:00:00,530.87,78.49,985.93,106.35,113.55,Critical
2024-12-30 22:00:00,418.69,58.37,896.53,58.63,61.49,Safe
2024-12-30 23:00:00,438.48,57.01,891.16,61.57,59.8,Safe
